id,slug,name,primary_media_url,media_type,similar_names,instructions,muscles,equipment
ex-0001,sentadilla-trasera-con-barra-tecnica-base,Sentadilla trasera con barra - Tecnica base,,image,"{""Sentadilla trasera con barra"",""Sentadilla trasera con barra variante"",""Sentadilla trasera con barra tecnica base""}","{""Posicion inicial para sentadilla trasera con barra: separa pies al ancho de hombros, activa abdomen y manten el pecho alto."",""Movimiento: desciende flexionando cadera y rodillas hasta profundidad segura, luego extiende piernas para volver al inicio."",""Variante tecnica base: prioriza alineacion de rodillas, cadera y columna en cada repeticion."",""Respira con control, evita dolor articular y completa 3 a 4 series con tecnica limpia.""}","[{""id"": ""quads"", ""name"": ""Cuadriceps"", ""image_url"": null}, {""id"": ""glutes"", ""name"": ""Gluteos"", ""image_url"": null}]","[{""id"": ""barbell"", ""name"": ""Barra"", ""icon_url"": null}]"
ex-0002,sentadilla-trasera-con-barra-tempo-controlado,Sentadilla trasera con barra - Tempo controlado,,image,"{""Sentadilla trasera con barra"",""Sentadilla trasera con barra variante"",""Sentadilla trasera con barra tempo controlado""}","{""Posicion inicial para sentadilla trasera con barra: separa pies al ancho de hombros, activa abdomen y manten el pecho alto."",""Movimiento: desciende flexionando cadera y rodillas hasta profundidad segura, luego extiende piernas para volver al inicio."",""Variante tempo controlado: usa 3 segundos en la fase de descenso y 1 segundo en la fase de subida."",""Respira con control, evita dolor articular y completa 3 a 4 series con tecnica limpia.""}","[{""id"": ""quads"", ""name"": ""Cuadriceps"", ""image_url"": null}, {""id"": ""glutes"", ""name"": ""Gluteos"", ""image_url"": null}]","[{""id"": ""barbell"", ""name"": ""Barra"", ""icon_url"": null}]"
ex-0003,sentadilla-trasera-con-barra-pausa-isometrica,Sentadilla trasera con barra - Pausa isometrica,,image,"{""Sentadilla trasera con barra"",""Sentadilla trasera con barra variante"",""Sentadilla trasera con barra pausa isometrica""}","{""Posicion inicial para sentadilla trasera con barra: separa pies al ancho de hombros, activa abdomen y manten el pecho alto."",""Movimiento: desciende flexionando cadera y rodillas hasta profundidad segura, luego extiende piernas para volver al inicio."",""Variante pausa isometrica: agrega una pausa de 2 segundos en el punto de mayor tension."",""Respira con control, evita dolor articular y completa 3 a 4 series con tecnica limpia.""}","[{""id"": ""quads"", ""name"": ""Cuadriceps"", ""image_url"": null}, {""id"": ""glutes"", ""name"": ""Gluteos"", ""image_url"": null}]","[{""id"": ""barbell"", ""name"": ""Barra"", ""icon_url"": null}]"
ex-0004,sentadilla-trasera-con-barra-unilateral-alternada,Sentadilla trasera con barra - Unilateral alternada,,image,"{""Sentadilla trasera con barra"",""Sentadilla trasera con barra variante"",""Sentadilla trasera con barra unilateral alternada""}","{""Posicion inicial para sentadilla trasera con barra: separa pies al ancho de hombros, activa abdomen y manten el pecho alto."",""Movimiento: desciende flexionando cadera y rodillas hasta profundidad segura, luego extiende piernas para volver al inicio."",""Variante unilateral alternada: trabaja un lado por vez y alterna sin perder estabilidad."",""Respira con control, evita dolor articular y completa 3 a 4 series con tecnica limpia.""}","[{""id"": ""quads"", ""name"": ""Cuadriceps"", ""image_url"": null}, {""id"": ""glutes"", ""name"": ""Gluteos"", ""image_url"": null}]","[{""id"": ""barbell"", ""name"": ""Barra"", ""icon_url"": null}]"
ex-0005,sentadilla-trasera-con-barra-fuerza,Sentadilla trasera con barra - Fuerza,,image,"{""Sentadilla trasera con barra"",""Sentadilla trasera con barra variante"",""Sentadilla trasera con barra fuerza""}","{""Posicion inicial para sentadilla trasera con barra: separa pies al ancho de hombros, activa abdomen y manten el pecho alto."",""Movimiento: desciende flexionando cadera y rodillas hasta profundidad segura, luego extiende piernas para volver al inicio."",""Variante fuerza: elige una carga desafiante y ejecuta repeticiones tecnicamente limpias."",""Respira con control, evita dolor articular y completa 3 a 4 series con tecnica limpia.""}","[{""id"": ""quads"", ""name"": ""Cuadriceps"", ""image_url"": null}, {""id"": ""glutes"", ""name"": ""Gluteos"", ""image_url"": null}]","[{""id"": ""barbell"", ""name"": ""Barra"", ""icon_url"": null}]"
ex-0006,sentadilla-trasera-con-barra-resistencia,Sentadilla trasera con barra - Resistencia,,image,"{""Sentadilla trasera con barra"",""Sentadilla trasera con barra variante"",""Sentadilla trasera con barra resistencia""}","{""Posicion inicial para sentadilla trasera con barra: separa pies al ancho de hombros, activa abdomen y manten el pecho alto."",""Movimiento: desciende flexionando cadera y rodillas hasta profundidad segura, luego extiende piernas para volver al inicio."",""Variante resistencia: usa carga moderada y acumula mas repeticiones con ritmo constante."",""Respira con control, evita dolor articular y completa 3 a 4 series con tecnica limpia.""}","[{""id"": ""quads"", ""name"": ""Cuadriceps"", ""image_url"": null}, {""id"": ""glutes"", ""name"": ""Gluteos"", ""image_url"": null}]","[{""id"": ""barbell"", ""name"": ""Barra"", ""icon_url"": null}]"
ex-0007,sentadilla-trasera-con-barra-rango-completo,Sentadilla trasera con barra - Rango completo,,image,"{""Sentadilla trasera con barra"",""Sentadilla trasera con barra variante"",""Sentadilla trasera con barra rango completo""}","{""Posicion inicial para sentadilla trasera con barra: separa pies al ancho de hombros, activa abdomen y manten el pecho alto."",""Movimiento: desciende flexionando cadera y rodillas hasta profundidad segura, luego extiende piernas para volver al inicio."",""Variante rango completo: busca el mayor rango de movimiento seguro en cada repeticion."",""Respira con control, evita dolor articular y completa 3 a 4 series con tecnica limpia.""}","[{""id"": ""quads"", ""name"": ""Cuadriceps"", ""image_url"": null}, {""id"": ""glutes"", ""name"": ""Gluteos"", ""image_url"": null}]","[{""id"": ""barbell"", ""name"": ""Barra"", ""icon_url"": null}]"
ex-0008,sentadilla-trasera-con-barra-circuito-metabolico,Sentadilla trasera con barra - Circuito metabolico,,image,"{""Sentadilla trasera con barra"",""Sentadilla trasera con barra variante"",""Sentadilla trasera con barra circuito metabolico""}","{""Posicion inicial para sentadilla trasera con barra: separa pies al ancho de hombros, activa abdomen y manten el pecho alto."",""Movimiento: desciende flexionando cadera y rodillas hasta profundidad segura, luego extiende piernas para volver al inicio."",""Variante circuito metabolico: manten descansos cortos para elevar demanda cardiovascular."",""Respira con control, evita dolor articular y completa 3 a 4 series con tecnica limpia.""}","[{""id"": ""quads"", ""name"": ""Cuadriceps"", ""image_url"": null}, {""id"": ""glutes"", ""name"": ""Gluteos"", ""image_url"": null}]","[{""id"": ""barbell"", ""name"": ""Barra"", ""icon_url"": null}]"
ex-0009,sentadilla-frontal-con-barra-tecnica-base,Sentadilla frontal con barra - Tecnica base,,image,"{""Sentadilla frontal con barra"",""Sentadilla frontal con barra variante"",""Sentadilla frontal con barra tecnica base""}","{""Posicion inicial para sentadilla frontal con barra: separa pies al ancho de hombros, activa abdomen y manten el pecho alto."",""Movimiento: desciende flexionando cadera y rodillas hasta profundidad segura, luego extiende piernas para volver al inicio."",""Variante tecnica base: prioriza alineacion de rodillas, cadera y columna en cada repeticion."",""Respira con control, evita dolor articular y completa 3 a 4 series con tecnica limpia.""}","[{""id"": ""quads"", ""name"": ""Cuadriceps"", ""image_url"": null}, {""id"": ""core"", ""name"": ""Core"", ""image_url"": null}]","[{""id"": ""barbell"", ""name"": ""Barra"", ""icon_url"": null}]"
ex-0010,sentadilla-frontal-con-barra-tempo-controlado,Sentadilla frontal con barra - Tempo controlado,,image,"{""Sentadilla frontal con barra"",""Sentadilla frontal con barra variante"",""Sentadilla frontal con barra tempo controlado""}","{""Posicion inicial para sentadilla frontal con barra: separa pies al ancho de hombros, activa abdomen y manten el pecho alto."",""Movimiento: desciende flexionando cadera y rodillas hasta profundidad segura, luego extiende piernas para volver al inicio."",""Variante tempo controlado: usa 3 segundos en la fase de descenso y 1 segundo en la fase de subida."",""Respira con control, evita dolor articular y completa 3 a 4 series con tecnica limpia.""}","[{""id"": ""quads"", ""name"": ""Cuadriceps"", ""image_url"": null}, {""id"": ""core"", ""name"": ""Core"", ""image_url"": null}]","[{""id"": ""barbell"", ""name"": ""Barra"", ""icon_url"": null}]"
ex-0011,sentadilla-frontal-con-barra-pausa-isometrica,Sentadilla frontal con barra - Pausa isometrica,,image,"{""Sentadilla frontal con barra"",""Sentadilla frontal con barra variante"",""Sentadilla frontal con barra pausa isometrica""}","{""Posicion inicial para sentadilla frontal con barra: separa pies al ancho de hombros, activa abdomen y manten el pecho alto."",""Movimiento: desciende flexionando cadera y rodillas hasta profundidad segura, luego extiende piernas para volver al inicio."",""Variante pausa isometrica: agrega una pausa de 2 segundos en el punto de mayor tension."",""Respira con control, evita dolor articular y completa 3 a 4 series con tecnica limpia.""}","[{""id"": ""quads"", ""name"": ""Cuadriceps"", ""image_url"": null}, {""id"": ""core"", ""name"": ""Core"", ""image_url"": null}]","[{""id"": ""barbell"", ""name"": ""Barra"", ""icon_url"": null}]"
ex-0012,sentadilla-frontal-con-barra-unilateral-alternada,Sentadilla frontal con barra - Unilateral alternada,,image,"{""Sentadilla frontal con barra"",""Sentadilla frontal con barra variante"",""Sentadilla frontal con barra unilateral alternada""}","{""Posicion inicial para sentadilla frontal con barra: separa pies al ancho de hombros, activa abdomen y manten el pecho alto."",""Movimiento: desciende flexionando cadera y rodillas hasta profundidad segura, luego extiende piernas para volver al inicio."",""Variante unilateral alternada: trabaja un lado por vez y alterna sin perder estabilidad."",""Respira con control, evita dolor articular y completa 3 a 4 series con tecnica limpia.""}","[{""id"": ""quads"", ""name"": ""Cuadriceps"", ""image_url"": null}, {""id"": ""core"", ""name"": ""Core"", ""image_url"": null}]","[{""id"": ""barbell"", ""name"": ""Barra"", ""icon_url"": null}]"
ex-0013,sentadilla-frontal-con-barra-fuerza,Sentadilla frontal con barra - Fuerza,,image,"{""Sentadilla frontal con barra"",""Sentadilla frontal con barra variante"",""Sentadilla frontal con barra fuerza""}","{""Posicion inicial para sentadilla frontal con barra: separa pies al ancho de hombros, activa abdomen y manten el pecho alto."",""Movimiento: desciende flexionando cadera y rodillas hasta profundidad segura, luego extiende piernas para volver al inicio."",""Variante fuerza: elige una carga desafiante y ejecuta repeticiones tecnicamente limpias."",""Respira con control, evita dolor articular y completa 3 a 4 series con tecnica limpia.""}","[{""id"": ""quads"", ""name"": ""Cuadriceps"", ""image_url"": null}, {""id"": ""core"", ""name"": ""Core"", ""image_url"": null}]","[{""id"": ""barbell"", ""name"": ""Barra"", ""icon_url"": null}]"
ex-0014,sentadilla-frontal-con-barra-resistencia,Sentadilla frontal con barra - Resistencia,,image,"{""Sentadilla frontal con barra"",""Sentadilla frontal con barra variante"",""Sentadilla frontal con barra resistencia""}","{""Posicion inicial para sentadilla frontal con barra: separa pies al ancho de hombros, activa abdomen y manten el pecho alto."",""Movimiento: desciende flexionando cadera y rodillas hasta profundidad segura, luego extiende piernas para volver al inicio."",""Variante resistencia: usa carga moderada y acumula mas repeticiones con ritmo constante."",""Respira con control, evita dolor articular y completa 3 a 4 series con tecnica limpia.""}","[{""id"": ""quads"", ""name"": ""Cuadriceps"", ""image_url"": null}, {""id"": ""core"", ""name"": ""Core"", ""image_url"": null}]","[{""id"": ""barbell"", ""name"": ""Barra"", ""icon_url"": null}]"
ex-0015,sentadilla-frontal-con-barra-rango-completo,Sentadilla frontal con barra - Rango completo,,image,"{""Sentadilla frontal con barra"",""Sentadilla frontal con barra variante"",""Sentadilla frontal con barra rango completo""}","{""Posicion inicial para sentadilla frontal con barra: separa pies al ancho de hombros, activa abdomen y manten el pecho alto."",""Movimiento: desciende flexionando cadera y rodillas hasta profundidad segura, luego extiende piernas para volver al inicio."",""Variante rango completo: busca el mayor rango de movimiento seguro en cada repeticion."",""Respira con control, evita dolor articular y completa 3 a 4 series con tecnica limpia.""}","[{""id"": ""quads"", ""name"": ""Cuadriceps"", ""image_url"": null}, {""id"": ""core"", ""name"": ""Core"", ""image_url"": null}]","[{""id"": ""barbell"", ""name"": ""Barra"", ""icon_url"": null}]"
ex-0016,sentadilla-frontal-con-barra-circuito-metabolico,Sentadilla frontal con barra - Circuito metabolico,,image,"{""Sentadilla frontal con barra"",""Sentadilla frontal con barra variante"",""Sentadilla frontal con barra circuito metabolico""}","{""Posicion inicial para sentadilla frontal con barra: separa pies al ancho de hombros, activa abdomen y manten el pecho alto."",""Movimiento: desciende flexionando cadera y rodillas hasta profundidad segura, luego extiende piernas para volver al inicio."",""Variante circuito metabolico: manten descansos cortos para elevar demanda cardiovascular."",""Respira con control, evita dolor articular y completa 3 a 4 series con tecnica limpia.""}","[{""id"": ""quads"", ""name"": ""Cuadriceps"", ""image_url"": null}, {""id"": ""core"", ""name"": ""Core"", ""image_url"": null}]","[{""id"": ""barbell"", ""name"": ""Barra"", ""icon_url"": null}]"
ex-0017,sentadilla-goblet-tecnica-base,Sentadilla goblet - Tecnica base,,image,"{""Sentadilla goblet"",""Sentadilla goblet variante"",""Sentadilla goblet tecnica base""}","{""Posicion inicial para sentadilla goblet: separa pies al ancho de hombros, activa abdomen y manten el pecho alto."",""Movimiento: desciende flexionando cadera y rodillas hasta profundidad segura, luego extiende piernas para volver al inicio."",""Variante tecnica base: prioriza alineacion de rodillas, cadera y columna en cada repeticion."",""Respira con control, evita dolor articular y completa 3 a 4 series con tecnica limpia.""}","[{""id"": ""quads"", ""name"": ""Cuadriceps"", ""image_url"": null}, {""id"": ""glutes"", ""name"": ""Gluteos"", ""image_url"": null}]","[{""id"": ""dumbbell"", ""name"": ""Mancuerna"", ""icon_url"": null}]"
ex-0018,sentadilla-goblet-tempo-controlado,Sentadilla goblet - Tempo controlado,,image,"{""Sentadilla goblet"",""Sentadilla goblet variante"",""Sentadilla goblet tempo controlado""}","{""Posicion inicial para sentadilla goblet: separa pies al ancho de hombros, activa abdomen y manten el pecho alto."",""Movimiento: desciende flexionando cadera y rodillas hasta profundidad segura, luego extiende piernas para volver al inicio."",""Variante tempo controlado: usa 3 segundos en la fase de descenso y 1 segundo en la fase de subida."",""Respira con control, evita dolor articular y completa 3 a 4 series con tecnica limpia.""}","[{""id"": ""quads"", ""name"": ""Cuadriceps"", ""image_url"": null}, {""id"": ""glutes"", ""name"": ""Gluteos"", ""image_url"": null}]","[{""id"": ""dumbbell"", ""name"": ""Mancuerna"", ""icon_url"": null}]"
ex-0019,sentadilla-goblet-pausa-isometrica,Sentadilla goblet - Pausa isometrica,,image,"{""Sentadilla goblet"",""Sentadilla goblet variante"",""Sentadilla goblet pausa isometrica""}","{""Posicion inicial para sentadilla goblet: separa pies al ancho de hombros, activa abdomen y manten el pecho alto."",""Movimiento: desciende flexionando cadera y rodillas hasta profundidad segura, luego extiende piernas para volver al inicio."",""Variante pausa isometrica: agrega una pausa de 2 segundos en el punto de mayor tension."",""Respira con control, evita dolor articular y completa 3 a 4 series con tecnica limpia.""}","[{""id"": ""quads"", ""name"": ""Cuadriceps"", ""image_url"": null}, {""id"": ""glutes"", ""name"": ""Gluteos"", ""image_url"": null}]","[{""id"": ""dumbbell"", ""name"": ""Mancuerna"", ""icon_url"": null}]"
ex-0020,sentadilla-goblet-unilateral-alternada,Sentadilla goblet - Unilateral alternada,,image,"{""Sentadilla goblet"",""Sentadilla goblet variante"",""Sentadilla goblet unilateral alternada""}","{""Posicion inicial para sentadilla goblet: separa pies al ancho de hombros, activa abdomen y manten el pecho alto."",""Movimiento: desciende flexionando cadera y rodillas hasta profundidad segura, luego extiende piernas para volver al inicio."",""Variante unilateral alternada: trabaja un lado por vez y alterna sin perder estabilidad."",""Respira con control, evita dolor articular y completa 3 a 4 series con tecnica limpia.""}","[{""id"": ""quads"", ""name"": ""Cuadriceps"", ""image_url"": null}, {""id"": ""glutes"", ""name"": ""Gluteos"", ""image_url"": null}]","[{""id"": ""dumbbell"", ""name"": ""Mancuerna"", ""icon_url"": null}]"
ex-0021,sentadilla-goblet-fuerza,Sentadilla goblet - Fuerza,,image,"{""Sentadilla goblet"",""Sentadilla goblet variante"",""Sentadilla goblet fuerza""}","{""Posicion inicial para sentadilla goblet: separa pies al ancho de hombros, activa abdomen y manten el pecho alto."",""Movimiento: desciende flexionando cadera y rodillas hasta profundidad segura, luego extiende piernas para volver al inicio."",""Variante fuerza: elige una carga desafiante y ejecuta repeticiones tecnicamente limpias."",""Respira con control, evita dolor articular y completa 3 a 4 series con tecnica limpia.""}","[{""id"": ""quads"", ""name"": ""Cuadriceps"", ""image_url"": null}, {""id"": ""glutes"", ""name"": ""Gluteos"", ""image_url"": null}]","[{""id"": ""dumbbell"", ""name"": ""Mancuerna"", ""icon_url"": null}]"
ex-0022,sentadilla-goblet-resistencia,Sentadilla goblet - Resistencia,,image,"{""Sentadilla goblet"",""Sentadilla goblet variante"",""Sentadilla goblet resistencia""}","{""Posicion inicial para sentadilla goblet: separa pies al ancho de hombros, activa abdomen y manten el pecho alto."",""Movimiento: desciende flexionando cadera y rodillas hasta profundidad segura, luego extiende piernas para volver al inicio."",""Variante resistencia: usa carga moderada y acumula mas repeticiones con ritmo constante."",""Respira con control, evita dolor articular y completa 3 a 4 series con tecnica limpia.""}","[{""id"": ""quads"", ""name"": ""Cuadriceps"", ""image_url"": null}, {""id"": ""glutes"", ""name"": ""Gluteos"", ""image_url"": null}]","[{""id"": ""dumbbell"", ""name"": ""Mancuerna"", ""icon_url"": null}]"
ex-0023,sentadilla-goblet-rango-completo,Sentadilla goblet - Rango completo,,image,"{""Sentadilla goblet"",""Sentadilla goblet variante"",""Sentadilla goblet rango completo""}","{""Posicion inicial para sentadilla goblet: separa pies al ancho de hombros, activa abdomen y manten el pecho alto."",""Movimiento: desciende flexionando cadera y rodillas hasta profundidad segura, luego extiende piernas para volver al inicio."",""Variante rango completo: busca el mayor rango de movimiento seguro en cada repeticion."",""Respira con control, evita dolor articular y completa 3 a 4 series con tecnica limpia.""}","[{""id"": ""quads"", ""name"": ""Cuadriceps"", ""image_url"": null}, {""id"": ""glutes"", ""name"": ""Gluteos"", ""image_url"": null}]","[{""id"": ""dumbbell"", ""name"": ""Mancuerna"", ""icon_url"": null}]"
ex-0024,sentadilla-goblet-circuito-metabolico,Sentadilla goblet - Circuito metabolico,,image,"{""Sentadilla goblet"",""Sentadilla goblet variante"",""Sentadilla goblet circuito metabolico""}","{""Posicion inicial para sentadilla goblet: separa pies al ancho de hombros, activa abdomen y manten el pecho alto."",""Movimiento: desciende flexionando cadera y rodillas hasta profundidad segura, luego extiende piernas para volver al inicio."",""Variante circuito metabolico: manten descansos cortos para elevar demanda cardiovascular."",""Respira con control, evita dolor articular y completa 3 a 4 series con tecnica limpia.""}","[{""id"": ""quads"", ""name"": ""Cuadriceps"", ""image_url"": null}, {""id"": ""glutes"", ""name"": ""Gluteos"", ""image_url"": null}]","[{""id"": ""dumbbell"", ""name"": ""Mancuerna"", ""icon_url"": null}]"
ex-0025,sentadilla-bulgara-tecnica-base,Sentadilla bulgara - Tecnica base,,image,"{""Sentadilla bulgara"",""Sentadilla bulgara variante"",""Sentadilla bulgara tecnica base""}","{""Posicion inicial para sentadilla bulgara: inicia con postura erguida, pies al ancho de caderas y mirada al frente."",""Movimiento: da el paso y baja de forma controlada hasta acercar la rodilla trasera al piso, luego impulsa para regresar."",""Variante tecnica base: prioriza alineacion de rodillas, cadera y columna en cada repeticion."",""Respira con control, evita dolor articular y completa 3 a 4 series con tecnica limpia.""}","[{""id"": ""quads"", ""name"": ""Cuadriceps"", ""image_url"": null}, {""id"": ""glutes"", ""name"": ""Gluteos"", ""image_url"": null}]","[{""id"": ""dumbbell"", ""name"": ""Mancuerna"", ""icon_url"": null}, {""id"": ""bench"", ""name"": ""Banco"", ""icon_url"": null}]"
ex-0026,sentadilla-bulgara-tempo-controlado,Sentadilla bulgara - Tempo controlado,,image,"{""Sentadilla bulgara"",""Sentadilla bulgara variante"",""Sentadilla bulgara tempo controlado""}","{""Posicion inicial para sentadilla bulgara: inicia con postura erguida, pies al ancho de caderas y mirada al frente."",""Movimiento: da el paso y baja de forma controlada hasta acercar la rodilla trasera al piso, luego impulsa para regresar."",""Variante tempo controlado: usa 3 segundos en la fase de descenso y 1 segundo en la fase de subida."",""Respira con control, evita dolor articular y completa 3 a 4 series con tecnica limpia.""}","[{""id"": ""quads"", ""name"": ""Cuadriceps"", ""image_url"": null}, {""id"": ""glutes"", ""name"": ""Gluteos"", ""image_url"": null}]","[{""id"": ""dumbbell"", ""name"": ""Mancuerna"", ""icon_url"": null}, {""id"": ""bench"", ""name"": ""Banco"", ""icon_url"": null}]"
ex-0027,sentadilla-bulgara-pausa-isometrica,Sentadilla bulgara - Pausa isometrica,,image,"{""Sentadilla bulgara"",""Sentadilla bulgara variante"",""Sentadilla bulgara pausa isometrica""}","{""Posicion inicial para sentadilla bulgara: inicia con postura erguida, pies al ancho de caderas y mirada al frente."",""Movimiento: da el paso y baja de forma controlada hasta acercar la rodilla trasera al piso, luego impulsa para regresar."",""Variante pausa isometrica: agrega una pausa de 2 segundos en el punto de mayor tension."",""Respira con control, evita dolor articular y completa 3 a 4 series con tecnica limpia.""}","[{""id"": ""quads"", ""name"": ""Cuadriceps"", ""image_url"": null}, {""id"": ""glutes"", ""name"": ""Gluteos"", ""image_url"": null}]","[{""id"": ""dumbbell"", ""name"": ""Mancuerna"", ""icon_url"": null}, {""id"": ""bench"", ""name"": ""Banco"", ""icon_url"": null}]"
ex-0028,sentadilla-bulgara-unilateral-alternada,Sentadilla bulgara - Unilateral alternada,,image,"{""Sentadilla bulgara"",""Sentadilla bulgara variante"",""Sentadilla bulgara unilateral alternada""}","{""Posicion inicial para sentadilla bulgara: inicia con postura erguida, pies al ancho de caderas y mirada al frente."",""Movimiento: da el paso y baja de forma controlada hasta acercar la rodilla trasera al piso, luego impulsa para regresar."",""Variante unilateral alternada: trabaja un lado por vez y alterna sin perder estabilidad."",""Respira con control, evita dolor articular y completa 3 a 4 series con tecnica limpia.""}","[{""id"": ""quads"", ""name"": ""Cuadriceps"", ""image_url"": null}, {""id"": ""glutes"", ""name"": ""Gluteos"", ""image_url"": null}]","[{""id"": ""dumbbell"", ""name"": ""Mancuerna"", ""icon_url"": null}, {""id"": ""bench"", ""name"": ""Banco"", ""icon_url"": null}]"
ex-0029,sentadilla-bulgara-fuerza,Sentadilla bulgara - Fuerza,,image,"{""Sentadilla bulgara"",""Sentadilla bulgara variante"",""Sentadilla bulgara fuerza""}","{""Posicion inicial para sentadilla bulgara: inicia con postura erguida, pies al ancho de caderas y mirada al frente."",""Movimiento: da el paso y baja de forma controlada hasta acercar la rodilla trasera al piso, luego impulsa para regresar."",""Variante fuerza: elige una carga desafiante y ejecuta repeticiones tecnicamente limpias."",""Respira con control, evita dolor articular y completa 3 a 4 series con tecnica limpia.""}","[{""id"": ""quads"", ""name"": ""Cuadriceps"", ""image_url"": null}, {""id"": ""glutes"", ""name"": ""Gluteos"", ""image_url"": null}]","[{""id"": ""dumbbell"", ""name"": ""Mancuerna"", ""icon_url"": null}, {""id"": ""bench"", ""name"": ""Banco"", ""icon_url"": null}]"
ex-0030,sentadilla-bulgara-resistencia,Sentadilla bulgara - Resistencia,,image,"{""Sentadilla bulgara"",""Sentadilla bulgara variante"",""Sentadilla bulgara resistencia""}","{""Posicion inicial para sentadilla bulgara: inicia con postura erguida, pies al ancho de caderas y mirada al frente."",""Movimiento: da el paso y baja de forma controlada hasta acercar la rodilla trasera al piso, luego impulsa para regresar."",""Variante resistencia: usa carga moderada y acumula mas repeticiones con ritmo constante."",""Respira con control, evita dolor articular y completa 3 a 4 series con tecnica limpia.""}","[{""id"": ""quads"", ""name"": ""Cuadriceps"", ""image_url"": null}, {""id"": ""glutes"", ""name"": ""Gluteos"", ""image_url"": null}]","[{""id"": ""dumbbell"", ""name"": ""Mancuerna"", ""icon_url"": null}, {""id"": ""bench"", ""name"": ""Banco"", ""icon_url"": null}]"
ex-0031,sentadilla-bulgara-rango-completo,Sentadilla bulgara - Rango completo,,image,"{""Sentadilla bulgara"",""Sentadilla bulgara variante"",""Sentadilla bulgara rango completo""}","{""Posicion inicial para sentadilla bulgara: inicia con postura erguida, pies al ancho de caderas y mirada al frente."",""Movimiento: da el paso y baja de forma controlada hasta acercar la rodilla trasera al piso, luego impulsa para regresar."",""Variante rango completo: busca el mayor rango de movimiento seguro en cada repeticion."",""Respira con control, evita dolor articular y completa 3 a 4 series con tecnica limpia.""}","[{""id"": ""quads"", ""name"": ""Cuadriceps"", ""image_url"": null}, {""id"": ""glutes"", ""name"": ""Gluteos"", ""image_url"": null}]","[{""id"": ""dumbbell"", ""name"": ""Mancuerna"", ""icon_url"": null}, {""id"": ""bench"", ""name"": ""Banco"", ""icon_url"": null}]"
ex-0032,sentadilla-bulgara-circuito-metabolico,Sentadilla bulgara - Circuito metabolico,,image,"{""Sentadilla bulgara"",""Sentadilla bulgara variante"",""Sentadilla bulgara circuito metabolico""}","{""Posicion inicial para sentadilla bulgara: inicia con postura erguida, pies al ancho de caderas y mirada al frente."",""Movimiento: da el paso y baja de forma controlada hasta acercar la rodilla trasera al piso, luego impulsa para regresar."",""Variante circuito metabolico: manten descansos cortos para elevar demanda cardiovascular."",""Respira con control, evita dolor articular y completa 3 a 4 series con tecnica limpia.""}","[{""id"": ""quads"", ""name"": ""Cuadriceps"", ""image_url"": null}, {""id"": ""glutes"", ""name"": ""Gluteos"", ""image_url"": null}]","[{""id"": ""dumbbell"", ""name"": ""Mancuerna"", ""icon_url"": null}, {""id"": ""bench"", ""name"": ""Banco"", ""icon_url"": null}]"
ex-0033,sentadilla-sumo-tecnica-base,Sentadilla sumo - Tecnica base,,image,"{""Sentadilla sumo"",""Sentadilla sumo variante"",""Sentadilla sumo tecnica base""}","{""Posicion inicial para sentadilla sumo: separa pies al ancho de hombros, activa abdomen y manten el pecho alto."",""Movimiento: desciende flexionando cadera y rodillas hasta profundidad segura, luego extiende piernas para volver al inicio."",""Variante tecnica base: prioriza alineacion de rodillas, cadera y columna en cada repeticion."",""Respira con control, evita dolor articular y completa 3 a 4 series con tecnica limpia.""}","[{""id"": ""adductors"", ""name"": ""Aductores"", ""image_url"": null}, {""id"": ""glutes"", ""name"": ""Gluteos"", ""image_url"": null}]","[{""id"": ""kettlebell"", ""name"": ""Kettlebell"", ""icon_url"": null}]"
ex-0034,sentadilla-sumo-tempo-controlado,Sentadilla sumo - Tempo controlado,,image,"{""Sentadilla sumo"",""Sentadilla sumo variante"",""Sentadilla sumo tempo controlado""}","{""Posicion inicial para sentadilla sumo: separa pies al ancho de hombros, activa abdomen y manten el pecho alto."",""Movimiento: desciende flexionando cadera y rodillas hasta profundidad segura, luego extiende piernas para volver al inicio."",""Variante tempo controlado: usa 3 segundos en la fase de descenso y 1 segundo en la fase de subida."",""Respira con control, evita dolor articular y completa 3 a 4 series con tecnica limpia.""}","[{""id"": ""adductors"", ""name"": ""Aductores"", ""image_url"": null}, {""id"": ""glutes"", ""name"": ""Gluteos"", ""image_url"": null}]","[{""id"": ""kettlebell"", ""name"": ""Kettlebell"", ""icon_url"": null}]"
ex-0035,sentadilla-sumo-pausa-isometrica,Sentadilla sumo - Pausa isometrica,,image,"{""Sentadilla sumo"",""Sentadilla sumo variante"",""Sentadilla sumo pausa isometrica""}","{""Posicion inicial para sentadilla sumo: separa pies al ancho de hombros, activa abdomen y manten el pecho alto."",""Movimiento: desciende flexionando cadera y rodillas hasta profundidad segura, luego extiende piernas para volver al inicio."",""Variante pausa isometrica: agrega una pausa de 2 segundos en el punto de mayor tension."",""Respira con control, evita dolor articular y completa 3 a 4 series con tecnica limpia.""}","[{""id"": ""adductors"", ""name"": ""Aductores"", ""image_url"": null}, {""id"": ""glutes"", ""name"": ""Gluteos"", ""image_url"": null}]","[{""id"": ""kettlebell"", ""name"": ""Kettlebell"", ""icon_url"": null}]"
ex-0036,sentadilla-sumo-unilateral-alternada,Sentadilla sumo - Unilateral alternada,,image,"{""Sentadilla sumo"",""Sentadilla sumo variante"",""Sentadilla sumo unilateral alternada""}","{""Posicion inicial para sentadilla sumo: separa pies al ancho de hombros, activa abdomen y manten el pecho alto."",""Movimiento: desciende flexionando cadera y rodillas hasta profundidad segura, luego extiende piernas para volver al inicio."",""Variante unilateral alternada: trabaja un lado por vez y alterna sin perder estabilidad."",""Respira con control, evita dolor articular y completa 3 a 4 series con tecnica limpia.""}","[{""id"": ""adductors"", ""name"": ""Aductores"", ""image_url"": null}, {""id"": ""glutes"", ""name"": ""Gluteos"", ""image_url"": null}]","[{""id"": ""kettlebell"", ""name"": ""Kettlebell"", ""icon_url"": null}]"
ex-0037,sentadilla-sumo-fuerza,Sentadilla sumo - Fuerza,,image,"{""Sentadilla sumo"",""Sentadilla sumo variante"",""Sentadilla sumo fuerza""}","{""Posicion inicial para sentadilla sumo: separa pies al ancho de hombros, activa abdomen y manten el pecho alto."",""Movimiento: desciende flexionando cadera y rodillas hasta profundidad segura, luego extiende piernas para volver al inicio."",""Variante fuerza: elige una carga desafiante y ejecuta repeticiones tecnicamente limpias."",""Respira con control, evita dolor articular y completa 3 a 4 series con tecnica limpia.""}","[{""id"": ""adductors"", ""name"": ""Aductores"", ""image_url"": null}, {""id"": ""glutes"", ""name"": ""Gluteos"", ""image_url"": null}]","[{""id"": ""kettlebell"", ""name"": ""Kettlebell"", ""icon_url"": null}]"
ex-0038,sentadilla-sumo-resistencia,Sentadilla sumo - Resistencia,,image,"{""Sentadilla sumo"",""Sentadilla sumo variante"",""Sentadilla sumo resistencia""}","{""Posicion inicial para sentadilla sumo: separa pies al ancho de hombros, activa abdomen y manten el pecho alto."",""Movimiento: desciende flexionando cadera y rodillas hasta profundidad segura, luego extiende piernas para volver al inicio."",""Variante resistencia: usa carga moderada y acumula mas repeticiones con ritmo constante."",""Respira con control, evita dolor articular y completa 3 a 4 series con tecnica limpia.""}","[{""id"": ""adductors"", ""name"": ""Aductores"", ""image_url"": null}, {""id"": ""glutes"", ""name"": ""Gluteos"", ""image_url"": null}]","[{""id"": ""kettlebell"", ""name"": ""Kettlebell"", ""icon_url"": null}]"
ex-0039,sentadilla-sumo-rango-completo,Sentadilla sumo - Rango completo,,image,"{""Sentadilla sumo"",""Sentadilla sumo variante"",""Sentadilla sumo rango completo""}","{""Posicion inicial para sentadilla sumo: separa pies al ancho de hombros, activa abdomen y manten el pecho alto."",""Movimiento: desciende flexionando cadera y rodillas hasta profundidad segura, luego extiende piernas para volver al inicio."",""Variante rango completo: busca el mayor rango de movimiento seguro en cada repeticion."",""Respira con control, evita dolor articular y completa 3 a 4 series con tecnica limpia.""}","[{""id"": ""adductors"", ""name"": ""Aductores"", ""image_url"": null}, {""id"": ""glutes"", ""name"": ""Gluteos"", ""image_url"": null}]","[{""id"": ""kettlebell"", ""name"": ""Kettlebell"", ""icon_url"": null}]"
ex-0040,sentadilla-sumo-circuito-metabolico,Sentadilla sumo - Circuito metabolico,,image,"{""Sentadilla sumo"",""Sentadilla sumo variante"",""Sentadilla sumo circuito metabolico""}","{""Posicion inicial para sentadilla sumo: separa pies al ancho de hombros, activa abdomen y manten el pecho alto."",""Movimiento: desciende flexionando cadera y rodillas hasta profundidad segura, luego extiende piernas para volver al inicio."",""Variante circuito metabolico: manten descansos cortos para elevar demanda cardiovascular."",""Respira con control, evita dolor articular y completa 3 a 4 series con tecnica limpia.""}","[{""id"": ""adductors"", ""name"": ""Aductores"", ""image_url"": null}, {""id"": ""glutes"", ""name"": ""Gluteos"", ""image_url"": null}]","[{""id"": ""kettlebell"", ""name"": ""Kettlebell"", ""icon_url"": null}]"
ex-0041,zancada-hacia-adelante-tecnica-base,Zancada hacia adelante - Tecnica base,,image,"{""Zancada hacia adelante"",""Zancada hacia adelante variante"",""Zancada hacia adelante tecnica base""}","{""Posicion inicial para zancada hacia adelante: inicia con postura erguida, pies al ancho de caderas y mirada al frente."",""Movimiento: da el paso y baja de forma controlada hasta acercar la rodilla trasera al piso, luego impulsa para regresar."",""Variante tecnica base: prioriza alineacion de rodillas, cadera y columna en cada repeticion."",""Respira con control, evita dolor articular y completa 3 a 4 series con tecnica limpia.""}","[{""id"": ""quads"", ""name"": ""Cuadriceps"", ""image_url"": null}, {""id"": ""glutes"", ""name"": ""Gluteos"", ""image_url"": null}]","[{""id"": ""bodyweight"", ""name"": ""Peso corporal"", ""icon_url"": null}]"
ex-0042,zancada-hacia-adelante-tempo-controlado,Zancada hacia adelante - Tempo controlado,,image,"{""Zancada hacia adelante"",""Zancada hacia adelante variante"",""Zancada hacia adelante tempo controlado""}","{""Posicion inicial para zancada hacia adelante: inicia con postura erguida, pies al ancho de caderas y mirada al frente."",""Movimiento: da el paso y baja de forma controlada hasta acercar la rodilla trasera al piso, luego impulsa para regresar."",""Variante tempo controlado: usa 3 segundos en la fase de descenso y 1 segundo en la fase de subida."",""Respira con control, evita dolor articular y completa 3 a 4 series con tecnica limpia.""}","[{""id"": ""quads"", ""name"": ""Cuadriceps"", ""image_url"": null}, {""id"": ""glutes"", ""name"": ""Gluteos"", ""image_url"": null}]","[{""id"": ""bodyweight"", ""name"": ""Peso corporal"", ""icon_url"": null}]"
ex-0043,zancada-hacia-adelante-pausa-isometrica,Zancada hacia adelante - Pausa isometrica,,image,"{""Zancada hacia adelante"",""Zancada hacia adelante variante"",""Zancada hacia adelante pausa isometrica""}","{""Posicion inicial para zancada hacia adelante: inicia con postura erguida, pies al ancho de caderas y mirada al frente."",""Movimiento: da el paso y baja de forma controlada hasta acercar la rodilla trasera al piso, luego impulsa para regresar."",""Variante pausa isometrica: agrega una pausa de 2 segundos en el punto de mayor tension."",""Respira con control, evita dolor articular y completa 3 a 4 series con tecnica limpia.""}","[{""id"": ""quads"", ""name"": ""Cuadriceps"", ""image_url"": null}, {""id"": ""glutes"", ""name"": ""Gluteos"", ""image_url"": null}]","[{""id"": ""bodyweight"", ""name"": ""Peso corporal"", ""icon_url"": null}]"
ex-0044,zancada-hacia-adelante-unilateral-alternada,Zancada hacia adelante - Unilateral alternada,,image,"{""Zancada hacia adelante"",""Zancada hacia adelante variante"",""Zancada hacia adelante unilateral alternada""}","{""Posicion inicial para zancada hacia adelante: inicia con postura erguida, pies al ancho de caderas y mirada al frente."",""Movimiento: da el paso y baja de forma controlada hasta acercar la rodilla trasera al piso, luego impulsa para regresar."",""Variante unilateral alternada: trabaja un lado por vez y alterna sin perder estabilidad."",""Respira con control, evita dolor articular y completa 3 a 4 series con tecnica limpia.""}","[{""id"": ""quads"", ""name"": ""Cuadriceps"", ""image_url"": null}, {""id"": ""glutes"", ""name"": ""Gluteos"", ""image_url"": null}]","[{""id"": ""bodyweight"", ""name"": ""Peso corporal"", ""icon_url"": null}]"
ex-0045,zancada-hacia-adelante-fuerza,Zancada hacia adelante - Fuerza,,image,"{""Zancada hacia adelante"",""Zancada hacia adelante variante"",""Zancada hacia adelante fuerza""}","{""Posicion inicial para zancada hacia adelante: inicia con postura erguida, pies al ancho de caderas y mirada al frente."",""Movimiento: da el paso y baja de forma controlada hasta acercar la rodilla trasera al piso, luego impulsa para regresar."",""Variante fuerza: elige una carga desafiante y ejecuta repeticiones tecnicamente limpias."",""Respira con control, evita dolor articular y completa 3 a 4 series con tecnica limpia.""}","[{""id"": ""quads"", ""name"": ""Cuadriceps"", ""image_url"": null}, {""id"": ""glutes"", ""name"": ""Gluteos"", ""image_url"": null}]","[{""id"": ""bodyweight"", ""name"": ""Peso corporal"", ""icon_url"": null}]"
ex-0046,zancada-hacia-adelante-resistencia,Zancada hacia adelante - Resistencia,,image,"{""Zancada hacia adelante"",""Zancada hacia adelante variante"",""Zancada hacia adelante resistencia""}","{""Posicion inicial para zancada hacia adelante: inicia con postura erguida, pies al ancho de caderas y mirada al frente."",""Movimiento: da el paso y baja de forma controlada hasta acercar la rodilla trasera al piso, luego impulsa para regresar."",""Variante resistencia: usa carga moderada y acumula mas repeticiones con ritmo constante."",""Respira con control, evita dolor articular y completa 3 a 4 series con tecnica limpia.""}","[{""id"": ""quads"", ""name"": ""Cuadriceps"", ""image_url"": null}, {""id"": ""glutes"", ""name"": ""Gluteos"", ""image_url"": null}]","[{""id"": ""bodyweight"", ""name"": ""Peso corporal"", ""icon_url"": null}]"
ex-0047,zancada-hacia-adelante-rango-completo,Zancada hacia adelante - Rango completo,,image,"{""Zancada hacia adelante"",""Zancada hacia adelante variante"",""Zancada hacia adelante rango completo""}","{""Posicion inicial para zancada hacia adelante: inicia con postura erguida, pies al ancho de caderas y mirada al frente."",""Movimiento: da el paso y baja de forma controlada hasta acercar la rodilla trasera al piso, luego impulsa para regresar."",""Variante rango completo: busca el mayor rango de movimiento seguro en cada repeticion."",""Respira con control, evita dolor articular y completa 3 a 4 series con tecnica limpia.""}","[{""id"": ""quads"", ""name"": ""Cuadriceps"", ""image_url"": null}, {""id"": ""glutes"", ""name"": ""Gluteos"", ""image_url"": null}]","[{""id"": ""bodyweight"", ""name"": ""Peso corporal"", ""icon_url"": null}]"
ex-0048,zancada-hacia-adelante-circuito-metabolico,Zancada hacia adelante - Circuito metabolico,,image,"{""Zancada hacia adelante"",""Zancada hacia adelante variante"",""Zancada hacia adelante circuito metabolico""}","{""Posicion inicial para zancada hacia adelante: inicia con postura erguida, pies al ancho de caderas y mirada al frente."",""Movimiento: da el paso y baja de forma controlada hasta acercar la rodilla trasera al piso, luego impulsa para regresar."",""Variante circuito metabolico: manten descansos cortos para elevar demanda cardiovascular."",""Respira con control, evita dolor articular y completa 3 a 4 series con tecnica limpia.""}","[{""id"": ""quads"", ""name"": ""Cuadriceps"", ""image_url"": null}, {""id"": ""glutes"", ""name"": ""Gluteos"", ""image_url"": null}]","[{""id"": ""bodyweight"", ""name"": ""Peso corporal"", ""icon_url"": null}]"
ex-0049,zancada-hacia-atras-tecnica-base,Zancada hacia atras - Tecnica base,,image,"{""Zancada hacia atras"",""Zancada hacia atras variante"",""Zancada hacia atras tecnica base""}","{""Posicion inicial para zancada hacia atras: inicia con postura erguida, pies al ancho de caderas y mirada al frente."",""Movimiento: da el paso y baja de forma controlada hasta acercar la rodilla trasera al piso, luego impulsa para regresar."",""Variante tecnica base: prioriza alineacion de rodillas, cadera y columna en cada repeticion."",""Respira con control, evita dolor articular y completa 3 a 4 series con tecnica limpia.""}","[{""id"": ""quads"", ""name"": ""Cuadriceps"", ""image_url"": null}, {""id"": ""glutes"", ""name"": ""Gluteos"", ""image_url"": null}]","[{""id"": ""bodyweight"", ""name"": ""Peso corporal"", ""icon_url"": null}]"
ex-0050,zancada-hacia-atras-tempo-controlado,Zancada hacia atras - Tempo controlado,,image,"{""Zancada hacia atras"",""Zancada hacia atras variante"",""Zancada hacia atras tempo controlado""}","{""Posicion inicial para zancada hacia atras: inicia con postura erguida, pies al ancho de caderas y mirada al frente."",""Movimiento: da el paso y baja de forma controlada hasta acercar la rodilla trasera al piso, luego impulsa para regresar."",""Variante tempo controlado: usa 3 segundos en la fase de descenso y 1 segundo en la fase de subida."",""Respira con control, evita dolor articular y completa 3 a 4 series con tecnica limpia.""}","[{""id"": ""quads"", ""name"": ""Cuadriceps"", ""image_url"": null}, {""id"": ""glutes"", ""name"": ""Gluteos"", ""image_url"": null}]","[{""id"": ""bodyweight"", ""name"": ""Peso corporal"", ""icon_url"": null}]"
ex-0051,zancada-hacia-atras-pausa-isometrica,Zancada hacia atras - Pausa isometrica,,image,"{""Zancada hacia atras"",""Zancada hacia atras variante"",""Zancada hacia atras pausa isometrica""}","{""Posicion inicial para zancada hacia atras: inicia con postura erguida, pies al ancho de caderas y mirada al frente."",""Movimiento: da el paso y baja de forma controlada hasta acercar la rodilla trasera al piso, luego impulsa para regresar."",""Variante pausa isometrica: agrega una pausa de 2 segundos en el punto de mayor tension."",""Respira con control, evita dolor articular y completa 3 a 4 series con tecnica limpia.""}","[{""id"": ""quads"", ""name"": ""Cuadriceps"", ""image_url"": null}, {""id"": ""glutes"", ""name"": ""Gluteos"", ""image_url"": null}]","[{""id"": ""bodyweight"", ""name"": ""Peso corporal"", ""icon_url"": null}]"
ex-0052,zancada-hacia-atras-unilateral-alternada,Zancada hacia atras - Unilateral alternada,,image,"{""Zancada hacia atras"",""Zancada hacia atras variante"",""Zancada hacia atras unilateral alternada""}","{""Posicion inicial para zancada hacia atras: inicia con postura erguida, pies al ancho de caderas y mirada al frente."",""Movimiento: da el paso y baja de forma controlada hasta acercar la rodilla trasera al piso, luego impulsa para regresar."",""Variante unilateral alternada: trabaja un lado por vez y alterna sin perder estabilidad."",""Respira con control, evita dolor articular y completa 3 a 4 series con tecnica limpia.""}","[{""id"": ""quads"", ""name"": ""Cuadriceps"", ""image_url"": null}, {""id"": ""glutes"", ""name"": ""Gluteos"", ""image_url"": null}]","[{""id"": ""bodyweight"", ""name"": ""Peso corporal"", ""icon_url"": null}]"
ex-0053,zancada-hacia-atras-fuerza,Zancada hacia atras - Fuerza,,image,"{""Zancada hacia atras"",""Zancada hacia atras variante"",""Zancada hacia atras fuerza""}","{""Posicion inicial para zancada hacia atras: inicia con postura erguida, pies al ancho de caderas y mirada al frente."",""Movimiento: da el paso y baja de forma controlada hasta acercar la rodilla trasera al piso, luego impulsa para regresar."",""Variante fuerza: elige una carga desafiante y ejecuta repeticiones tecnicamente limpias."",""Respira con control, evita dolor articular y completa 3 a 4 series con tecnica limpia.""}","[{""id"": ""quads"", ""name"": ""Cuadriceps"", ""image_url"": null}, {""id"": ""glutes"", ""name"": ""Gluteos"", ""image_url"": null}]","[{""id"": ""bodyweight"", ""name"": ""Peso corporal"", ""icon_url"": null}]"
ex-0054,zancada-hacia-atras-resistencia,Zancada hacia atras - Resistencia,,image,"{""Zancada hacia atras"",""Zancada hacia atras variante"",""Zancada hacia atras resistencia""}","{""Posicion inicial para zancada hacia atras: inicia con postura erguida, pies al ancho de caderas y mirada al frente."",""Movimiento: da el paso y baja de forma controlada hasta acercar la rodilla trasera al piso, luego impulsa para regresar."",""Variante resistencia: usa carga moderada y acumula mas repeticiones con ritmo constante."",""Respira con control, evita dolor articular y completa 3 a 4 series con tecnica limpia.""}","[{""id"": ""quads"", ""name"": ""Cuadriceps"", ""image_url"": null}, {""id"": ""glutes"", ""name"": ""Gluteos"", ""image_url"": null}]","[{""id"": ""bodyweight"", ""name"": ""Peso corporal"", ""icon_url"": null}]"
ex-0055,zancada-hacia-atras-rango-completo,Zancada hacia atras - Rango completo,,image,"{""Zancada hacia atras"",""Zancada hacia atras variante"",""Zancada hacia atras rango completo""}","{""Posicion inicial para zancada hacia atras: inicia con postura erguida, pies al ancho de caderas y mirada al frente."",""Movimiento: da el paso y baja de forma controlada hasta acercar la rodilla trasera al piso, luego impulsa para regresar."",""Variante rango completo: busca el mayor rango de movimiento seguro en cada repeticion."",""Respira con control, evita dolor articular y completa 3 a 4 series con tecnica limpia.""}","[{""id"": ""quads"", ""name"": ""Cuadriceps"", ""image_url"": null}, {""id"": ""glutes"", ""name"": ""Gluteos"", ""image_url"": null}]","[{""id"": ""bodyweight"", ""name"": ""Peso corporal"", ""icon_url"": null}]"
ex-0056,zancada-hacia-atras-circuito-metabolico,Zancada hacia atras - Circuito metabolico,,image,"{""Zancada hacia atras"",""Zancada hacia atras variante"",""Zancada hacia atras circuito metabolico""}","{""Posicion inicial para zancada hacia atras: inicia con postura erguida, pies al ancho de caderas y mirada al frente."",""Movimiento: da el paso y baja de forma controlada hasta acercar la rodilla trasera al piso, luego impulsa para regresar."",""Variante circuito metabolico: manten descansos cortos para elevar demanda cardiovascular."",""Respira con control, evita dolor articular y completa 3 a 4 series con tecnica limpia.""}","[{""id"": ""quads"", ""name"": ""Cuadriceps"", ""image_url"": null}, {""id"": ""glutes"", ""name"": ""Gluteos"", ""image_url"": null}]","[{""id"": ""bodyweight"", ""name"": ""Peso corporal"", ""icon_url"": null}]"
ex-0057,zancada-caminando-tecnica-base,Zancada caminando - Tecnica base,,image,"{""Zancada caminando"",""Zancada caminando variante"",""Zancada caminando tecnica base""}","{""Posicion inicial para zancada caminando: inicia con postura erguida, pies al ancho de caderas y mirada al frente."",""Movimiento: da el paso y baja de forma controlada hasta acercar la rodilla trasera al piso, luego impulsa para regresar."",""Variante tecnica base: prioriza alineacion de rodillas, cadera y columna en cada repeticion."",""Respira con control, evita dolor articular y completa 3 a 4 series con tecnica limpia.""}","[{""id"": ""quads"", ""name"": ""Cuadriceps"", ""image_url"": null}, {""id"": ""hamstrings"", ""name"": ""Isquiotibiales"", ""image_url"": null}]","[{""id"": ""dumbbell"", ""name"": ""Mancuernas"", ""icon_url"": null}]"
ex-0058,zancada-caminando-tempo-controlado,Zancada caminando - Tempo controlado,,image,"{""Zancada caminando"",""Zancada caminando variante"",""Zancada caminando tempo controlado""}","{""Posicion inicial para zancada caminando: inicia con postura erguida, pies al ancho de caderas y mirada al frente."",""Movimiento: da el paso y baja de forma controlada hasta acercar la rodilla trasera al piso, luego impulsa para regresar."",""Variante tempo controlado: usa 3 segundos en la fase de descenso y 1 segundo en la fase de subida."",""Respira con control, evita dolor articular y completa 3 a 4 series con tecnica limpia.""}","[{""id"": ""quads"", ""name"": ""Cuadriceps"", ""image_url"": null}, {""id"": ""hamstrings"", ""name"": ""Isquiotibiales"", ""image_url"": null}]","[{""id"": ""dumbbell"", ""name"": ""Mancuernas"", ""icon_url"": null}]"
ex-0059,zancada-caminando-pausa-isometrica,Zancada caminando - Pausa isometrica,,image,"{""Zancada caminando"",""Zancada caminando variante"",""Zancada caminando pausa isometrica""}","{""Posicion inicial para zancada caminando: inicia con postura erguida, pies al ancho de caderas y mirada al frente."",""Movimiento: da el paso y baja de forma controlada hasta acercar la rodilla trasera al piso, luego impulsa para regresar."",""Variante pausa isometrica: agrega una pausa de 2 segundos en el punto de mayor tension."",""Respira con control, evita dolor articular y completa 3 a 4 series con tecnica limpia.""}","[{""id"": ""quads"", ""name"": ""Cuadriceps"", ""image_url"": null}, {""id"": ""hamstrings"", ""name"": ""Isquiotibiales"", ""image_url"": null}]","[{""id"": ""dumbbell"", ""name"": ""Mancuernas"", ""icon_url"": null}]"
ex-0060,zancada-caminando-unilateral-alternada,Zancada caminando - Unilateral alternada,,image,"{""Zancada caminando"",""Zancada caminando variante"",""Zancada caminando unilateral alternada""}","{""Posicion inicial para zancada caminando: inicia con postura erguida, pies al ancho de caderas y mirada al frente."",""Movimiento: da el paso y baja de forma controlada hasta acercar la rodilla trasera al piso, luego impulsa para regresar."",""Variante unilateral alternada: trabaja un lado por vez y alterna sin perder estabilidad."",""Respira con control, evita dolor articular y completa 3 a 4 series con tecnica limpia.""}","[{""id"": ""quads"", ""name"": ""Cuadriceps"", ""image_url"": null}, {""id"": ""hamstrings"", ""name"": ""Isquiotibiales"", ""image_url"": null}]","[{""id"": ""dumbbell"", ""name"": ""Mancuernas"", ""icon_url"": null}]"
ex-0061,zancada-caminando-fuerza,Zancada caminando - Fuerza,,image,"{""Zancada caminando"",""Zancada caminando variante"",""Zancada caminando fuerza""}","{""Posicion inicial para zancada caminando: inicia con postura erguida, pies al ancho de caderas y mirada al frente."",""Movimiento: da el paso y baja de forma controlada hasta acercar la rodilla trasera al piso, luego impulsa para regresar."",""Variante fuerza: elige una carga desafiante y ejecuta repeticiones tecnicamente limpias."",""Respira con control, evita dolor articular y completa 3 a 4 series con tecnica limpia.""}","[{""id"": ""quads"", ""name"": ""Cuadriceps"", ""image_url"": null}, {""id"": ""hamstrings"", ""name"": ""Isquiotibiales"", ""image_url"": null}]","[{""id"": ""dumbbell"", ""name"": ""Mancuernas"", ""icon_url"": null}]"
ex-0062,zancada-caminando-resistencia,Zancada caminando - Resistencia,,image,"{""Zancada caminando"",""Zancada caminando variante"",""Zancada caminando resistencia""}","{""Posicion inicial para zancada caminando: inicia con postura erguida, pies al ancho de caderas y mirada al frente."",""Movimiento: da el paso y baja de forma controlada hasta acercar la rodilla trasera al piso, luego impulsa para regresar."",""Variante resistencia: usa carga moderada y acumula mas repeticiones con ritmo constante."",""Respira con control, evita dolor articular y completa 3 a 4 series con tecnica limpia.""}","[{""id"": ""quads"", ""name"": ""Cuadriceps"", ""image_url"": null}, {""id"": ""hamstrings"", ""name"": ""Isquiotibiales"", ""image_url"": null}]","[{""id"": ""dumbbell"", ""name"": ""Mancuernas"", ""icon_url"": null}]"
ex-0063,zancada-caminando-rango-completo,Zancada caminando - Rango completo,,image,"{""Zancada caminando"",""Zancada caminando variante"",""Zancada caminando rango completo""}","{""Posicion inicial para zancada caminando: inicia con postura erguida, pies al ancho de caderas y mirada al frente."",""Movimiento: da el paso y baja de forma controlada hasta acercar la rodilla trasera al piso, luego impulsa para regresar."",""Variante rango completo: busca el mayor rango de movimiento seguro en cada repeticion."",""Respira con control, evita dolor articular y completa 3 a 4 series con tecnica limpia.""}","[{""id"": ""quads"", ""name"": ""Cuadriceps"", ""image_url"": null}, {""id"": ""hamstrings"", ""name"": ""Isquiotibiales"", ""image_url"": null}]","[{""id"": ""dumbbell"", ""name"": ""Mancuernas"", ""icon_url"": null}]"
ex-0064,zancada-caminando-circuito-metabolico,Zancada caminando - Circuito metabolico,,image,"{""Zancada caminando"",""Zancada caminando variante"",""Zancada caminando circuito metabolico""}","{""Posicion inicial para zancada caminando: inicia con postura erguida, pies al ancho de caderas y mirada al frente."",""Movimiento: da el paso y baja de forma controlada hasta acercar la rodilla trasera al piso, luego impulsa para regresar."",""Variante circuito metabolico: manten descansos cortos para elevar demanda cardiovascular."",""Respira con control, evita dolor articular y completa 3 a 4 series con tecnica limpia.""}","[{""id"": ""quads"", ""name"": ""Cuadriceps"", ""image_url"": null}, {""id"": ""hamstrings"", ""name"": ""Isquiotibiales"", ""image_url"": null}]","[{""id"": ""dumbbell"", ""name"": ""Mancuernas"", ""icon_url"": null}]"
ex-0065,step-up-al-cajon-tecnica-base,Step-up al cajon - Tecnica base,,image,"{""Step-up al cajon"",""Step-up al cajon variante"",""Step-up al cajon tecnica base""}","{""Posicion inicial para step-up al cajon: inicia con postura erguida, pies al ancho de caderas y mirada al frente."",""Movimiento: da el paso y baja de forma controlada hasta acercar la rodilla trasera al piso, luego impulsa para regresar."",""Variante tecnica base: prioriza alineacion de rodillas, cadera y columna en cada repeticion."",""Respira con control, evita dolor articular y completa 3 a 4 series con tecnica limpia.""}","[{""id"": ""glutes"", ""name"": ""Gluteos"", ""image_url"": null}, {""id"": ""quads"", ""name"": ""Cuadriceps"", ""image_url"": null}]","[{""id"": ""box"", ""name"": ""Cajon"", ""icon_url"": null}, {""id"": ""dumbbell"", ""name"": ""Mancuernas"", ""icon_url"": null}]"
ex-0066,step-up-al-cajon-tempo-controlado,Step-up al cajon - Tempo controlado,,image,"{""Step-up al cajon"",""Step-up al cajon variante"",""Step-up al cajon tempo controlado""}","{""Posicion inicial para step-up al cajon: inicia con postura erguida, pies al ancho de caderas y mirada al frente."",""Movimiento: da el paso y baja de forma controlada hasta acercar la rodilla trasera al piso, luego impulsa para regresar."",""Variante tempo controlado: usa 3 segundos en la fase de descenso y 1 segundo en la fase de subida."",""Respira con control, evita dolor articular y completa 3 a 4 series con tecnica limpia.""}","[{""id"": ""glutes"", ""name"": ""Gluteos"", ""image_url"": null}, {""id"": ""quads"", ""name"": ""Cuadriceps"", ""image_url"": null}]","[{""id"": ""box"", ""name"": ""Cajon"", ""icon_url"": null}, {""id"": ""dumbbell"", ""name"": ""Mancuernas"", ""icon_url"": null}]"
ex-0067,step-up-al-cajon-pausa-isometrica,Step-up al cajon - Pausa isometrica,,image,"{""Step-up al cajon"",""Step-up al cajon variante"",""Step-up al cajon pausa isometrica""}","{""Posicion inicial para step-up al cajon: inicia con postura erguida, pies al ancho de caderas y mirada al frente."",""Movimiento: da el paso y baja de forma controlada hasta acercar la rodilla trasera al piso, luego impulsa para regresar."",""Variante pausa isometrica: agrega una pausa de 2 segundos en el punto de mayor tension."",""Respira con control, evita dolor articular y completa 3 a 4 series con tecnica limpia.""}","[{""id"": ""glutes"", ""name"": ""Gluteos"", ""image_url"": null}, {""id"": ""quads"", ""name"": ""Cuadriceps"", ""image_url"": null}]","[{""id"": ""box"", ""name"": ""Cajon"", ""icon_url"": null}, {""id"": ""dumbbell"", ""name"": ""Mancuernas"", ""icon_url"": null}]"
ex-0068,step-up-al-cajon-unilateral-alternada,Step-up al cajon - Unilateral alternada,,image,"{""Step-up al cajon"",""Step-up al cajon variante"",""Step-up al cajon unilateral alternada""}","{""Posicion inicial para step-up al cajon: inicia con postura erguida, pies al ancho de caderas y mirada al frente."",""Movimiento: da el paso y baja de forma controlada hasta acercar la rodilla trasera al piso, luego impulsa para regresar."",""Variante unilateral alternada: trabaja un lado por vez y alterna sin perder estabilidad."",""Respira con control, evita dolor articular y completa 3 a 4 series con tecnica limpia.""}","[{""id"": ""glutes"", ""name"": ""Gluteos"", ""image_url"": null}, {""id"": ""quads"", ""name"": ""Cuadriceps"", ""image_url"": null}]","[{""id"": ""box"", ""name"": ""Cajon"", ""icon_url"": null}, {""id"": ""dumbbell"", ""name"": ""Mancuernas"", ""icon_url"": null}]"
ex-0069,step-up-al-cajon-fuerza,Step-up al cajon - Fuerza,,image,"{""Step-up al cajon"",""Step-up al cajon variante"",""Step-up al cajon fuerza""}","{""Posicion inicial para step-up al cajon: inicia con postura erguida, pies al ancho de caderas y mirada al frente."",""Movimiento: da el paso y baja de forma controlada hasta acercar la rodilla trasera al piso, luego impulsa para regresar."",""Variante fuerza: elige una carga desafiante y ejecuta repeticiones tecnicamente limpias."",""Respira con control, evita dolor articular y completa 3 a 4 series con tecnica limpia.""}","[{""id"": ""glutes"", ""name"": ""Gluteos"", ""image_url"": null}, {""id"": ""quads"", ""name"": ""Cuadriceps"", ""image_url"": null}]","[{""id"": ""box"", ""name"": ""Cajon"", ""icon_url"": null}, {""id"": ""dumbbell"", ""name"": ""Mancuernas"", ""icon_url"": null}]"
ex-0070,step-up-al-cajon-resistencia,Step-up al cajon - Resistencia,,image,"{""Step-up al cajon"",""Step-up al cajon variante"",""Step-up al cajon resistencia""}","{""Posicion inicial para step-up al cajon: inicia con postura erguida, pies al ancho de caderas y mirada al frente."",""Movimiento: da el paso y baja de forma controlada hasta acercar la rodilla trasera al piso, luego impulsa para regresar."",""Variante resistencia: usa carga moderada y acumula mas repeticiones con ritmo constante."",""Respira con control, evita dolor articular y completa 3 a 4 series con tecnica limpia.""}","[{""id"": ""glutes"", ""name"": ""Gluteos"", ""image_url"": null}, {""id"": ""quads"", ""name"": ""Cuadriceps"", ""image_url"": null}]","[{""id"": ""box"", ""name"": ""Cajon"", ""icon_url"": null}, {""id"": ""dumbbell"", ""name"": ""Mancuernas"", ""icon_url"": null}]"
ex-0071,step-up-al-cajon-rango-completo,Step-up al cajon - Rango completo,,image,"{""Step-up al cajon"",""Step-up al cajon variante"",""Step-up al cajon rango completo""}","{""Posicion inicial para step-up al cajon: inicia con postura erguida, pies al ancho de caderas y mirada al frente."",""Movimiento: da el paso y baja de forma controlada hasta acercar la rodilla trasera al piso, luego impulsa para regresar."",""Variante rango completo: busca el mayor rango de movimiento seguro en cada repeticion."",""Respira con control, evita dolor articular y completa 3 a 4 series con tecnica limpia.""}","[{""id"": ""glutes"", ""name"": ""Gluteos"", ""image_url"": null}, {""id"": ""quads"", ""name"": ""Cuadriceps"", ""image_url"": null}]","[{""id"": ""box"", ""name"": ""Cajon"", ""icon_url"": null}, {""id"": ""dumbbell"", ""name"": ""Mancuernas"", ""icon_url"": null}]"
ex-0072,step-up-al-cajon-circuito-metabolico,Step-up al cajon - Circuito metabolico,,image,"{""Step-up al cajon"",""Step-up al cajon variante"",""Step-up al cajon circuito metabolico""}","{""Posicion inicial para step-up al cajon: inicia con postura erguida, pies al ancho de caderas y mirada al frente."",""Movimiento: da el paso y baja de forma controlada hasta acercar la rodilla trasera al piso, luego impulsa para regresar."",""Variante circuito metabolico: manten descansos cortos para elevar demanda cardiovascular."",""Respira con control, evita dolor articular y completa 3 a 4 series con tecnica limpia.""}","[{""id"": ""glutes"", ""name"": ""Gluteos"", ""image_url"": null}, {""id"": ""quads"", ""name"": ""Cuadriceps"", ""image_url"": null}]","[{""id"": ""box"", ""name"": ""Cajon"", ""icon_url"": null}, {""id"": ""dumbbell"", ""name"": ""Mancuernas"", ""icon_url"": null}]"
ex-0073,desplante-lateral-tecnica-base,Desplante lateral - Tecnica base,,image,"{""Desplante lateral"",""Desplante lateral variante"",""Desplante lateral tecnica base""}","{""Posicion inicial para desplante lateral: inicia con postura erguida, pies al ancho de caderas y mirada al frente."",""Movimiento: da el paso y baja de forma controlada hasta acercar la rodilla trasera al piso, luego impulsa para regresar."",""Variante tecnica base: prioriza alineacion de rodillas, cadera y columna en cada repeticion."",""Respira con control, evita dolor articular y completa 3 a 4 series con tecnica limpia.""}","[{""id"": ""adductors"", ""name"": ""Aductores"", ""image_url"": null}, {""id"": ""glutes"", ""name"": ""Gluteos"", ""image_url"": null}]","[{""id"": ""bodyweight"", ""name"": ""Peso corporal"", ""icon_url"": null}]"
ex-0074,desplante-lateral-tempo-controlado,Desplante lateral - Tempo controlado,,image,"{""Desplante lateral"",""Desplante lateral variante"",""Desplante lateral tempo controlado""}","{""Posicion inicial para desplante lateral: inicia con postura erguida, pies al ancho de caderas y mirada al frente."",""Movimiento: da el paso y baja de forma controlada hasta acercar la rodilla trasera al piso, luego impulsa para regresar."",""Variante tempo controlado: usa 3 segundos en la fase de descenso y 1 segundo en la fase de subida."",""Respira con control, evita dolor articular y completa 3 a 4 series con tecnica limpia.""}","[{""id"": ""adductors"", ""name"": ""Aductores"", ""image_url"": null}, {""id"": ""glutes"", ""name"": ""Gluteos"", ""image_url"": null}]","[{""id"": ""bodyweight"", ""name"": ""Peso corporal"", ""icon_url"": null}]"
ex-0075,desplante-lateral-pausa-isometrica,Desplante lateral - Pausa isometrica,,image,"{""Desplante lateral"",""Desplante lateral variante"",""Desplante lateral pausa isometrica""}","{""Posicion inicial para desplante lateral: inicia con postura erguida, pies al ancho de caderas y mirada al frente."",""Movimiento: da el paso y baja de forma controlada hasta acercar la rodilla trasera al piso, luego impulsa para regresar."",""Variante pausa isometrica: agrega una pausa de 2 segundos en el punto de mayor tension."",""Respira con control, evita dolor articular y completa 3 a 4 series con tecnica limpia.""}","[{""id"": ""adductors"", ""name"": ""Aductores"", ""image_url"": null}, {""id"": ""glutes"", ""name"": ""Gluteos"", ""image_url"": null}]","[{""id"": ""bodyweight"", ""name"": ""Peso corporal"", ""icon_url"": null}]"
ex-0076,desplante-lateral-unilateral-alternada,Desplante lateral - Unilateral alternada,,image,"{""Desplante lateral"",""Desplante lateral variante"",""Desplante lateral unilateral alternada""}","{""Posicion inicial para desplante lateral: inicia con postura erguida, pies al ancho de caderas y mirada al frente."",""Movimiento: da el paso y baja de forma controlada hasta acercar la rodilla trasera al piso, luego impulsa para regresar."",""Variante unilateral alternada: trabaja un lado por vez y alterna sin perder estabilidad."",""Respira con control, evita dolor articular y completa 3 a 4 series con tecnica limpia.""}","[{""id"": ""adductors"", ""name"": ""Aductores"", ""image_url"": null}, {""id"": ""glutes"", ""name"": ""Gluteos"", ""image_url"": null}]","[{""id"": ""bodyweight"", ""name"": ""Peso corporal"", ""icon_url"": null}]"
ex-0077,desplante-lateral-fuerza,Desplante lateral - Fuerza,,image,"{""Desplante lateral"",""Desplante lateral variante"",""Desplante lateral fuerza""}","{""Posicion inicial para desplante lateral: inicia con postura erguida, pies al ancho de caderas y mirada al frente."",""Movimiento: da el paso y baja de forma controlada hasta acercar la rodilla trasera al piso, luego impulsa para regresar."",""Variante fuerza: elige una carga desafiante y ejecuta repeticiones tecnicamente limpias."",""Respira con control, evita dolor articular y completa 3 a 4 series con tecnica limpia.""}","[{""id"": ""adductors"", ""name"": ""Aductores"", ""image_url"": null}, {""id"": ""glutes"", ""name"": ""Gluteos"", ""image_url"": null}]","[{""id"": ""bodyweight"", ""name"": ""Peso corporal"", ""icon_url"": null}]"
ex-0078,desplante-lateral-resistencia,Desplante lateral - Resistencia,,image,"{""Desplante lateral"",""Desplante lateral variante"",""Desplante lateral resistencia""}","{""Posicion inicial para desplante lateral: inicia con postura erguida, pies al ancho de caderas y mirada al frente."",""Movimiento: da el paso y baja de forma controlada hasta acercar la rodilla trasera al piso, luego impulsa para regresar."",""Variante resistencia: usa carga moderada y acumula mas repeticiones con ritmo constante."",""Respira con control, evita dolor articular y completa 3 a 4 series con tecnica limpia.""}","[{""id"": ""adductors"", ""name"": ""Aductores"", ""image_url"": null}, {""id"": ""glutes"", ""name"": ""Gluteos"", ""image_url"": null}]","[{""id"": ""bodyweight"", ""name"": ""Peso corporal"", ""icon_url"": null}]"
ex-0079,desplante-lateral-rango-completo,Desplante lateral - Rango completo,,image,"{""Desplante lateral"",""Desplante lateral variante"",""Desplante lateral rango completo""}","{""Posicion inicial para desplante lateral: inicia con postura erguida, pies al ancho de caderas y mirada al frente."",""Movimiento: da el paso y baja de forma controlada hasta acercar la rodilla trasera al piso, luego impulsa para regresar."",""Variante rango completo: busca el mayor rango de movimiento seguro en cada repeticion."",""Respira con control, evita dolor articular y completa 3 a 4 series con tecnica limpia.""}","[{""id"": ""adductors"", ""name"": ""Aductores"", ""image_url"": null}, {""id"": ""glutes"", ""name"": ""Gluteos"", ""image_url"": null}]","[{""id"": ""bodyweight"", ""name"": ""Peso corporal"", ""icon_url"": null}]"
ex-0080,desplante-lateral-circuito-metabolico,Desplante lateral - Circuito metabolico,,image,"{""Desplante lateral"",""Desplante lateral variante"",""Desplante lateral circuito metabolico""}","{""Posicion inicial para desplante lateral: inicia con postura erguida, pies al ancho de caderas y mirada al frente."",""Movimiento: da el paso y baja de forma controlada hasta acercar la rodilla trasera al piso, luego impulsa para regresar."",""Variante circuito metabolico: manten descansos cortos para elevar demanda cardiovascular."",""Respira con control, evita dolor articular y completa 3 a 4 series con tecnica limpia.""}","[{""id"": ""adductors"", ""name"": ""Aductores"", ""image_url"": null}, {""id"": ""glutes"", ""name"": ""Gluteos"", ""image_url"": null}]","[{""id"": ""bodyweight"", ""name"": ""Peso corporal"", ""icon_url"": null}]"
ex-0081,peso-muerto-convencional-tecnica-base,Peso muerto convencional - Tecnica base,,image,"{""Peso muerto convencional"",""Peso muerto convencional variante"",""Peso muerto convencional tecnica base""}","{""Posicion inicial para peso muerto convencional: coloca pies al ancho de caderas, lleva la cadera hacia atras y manten columna neutral."",""Movimiento: lleva la cadera atras manteniendo espalda neutral y extiende cadera para finalizar el movimiento."",""Variante tecnica base: prioriza alineacion de rodillas, cadera y columna en cada repeticion."",""Respira con control, evita dolor articular y completa 3 a 4 series con tecnica limpia.""}","[{""id"": ""hamstrings"", ""name"": ""Isquiotibiales"", ""image_url"": null}, {""id"": ""back"", ""name"": ""Espalda"", ""image_url"": null}]","[{""id"": ""barbell"", ""name"": ""Barra"", ""icon_url"": null}]"
ex-0082,peso-muerto-convencional-tempo-controlado,Peso muerto convencional - Tempo controlado,,image,"{""Peso muerto convencional"",""Peso muerto convencional variante"",""Peso muerto convencional tempo controlado""}","{""Posicion inicial para peso muerto convencional: coloca pies al ancho de caderas, lleva la cadera hacia atras y manten columna neutral."",""Movimiento: lleva la cadera atras manteniendo espalda neutral y extiende cadera para finalizar el movimiento."",""Variante tempo controlado: usa 3 segundos en la fase de descenso y 1 segundo en la fase de subida."",""Respira con control, evita dolor articular y completa 3 a 4 series con tecnica limpia.""}","[{""id"": ""hamstrings"", ""name"": ""Isquiotibiales"", ""image_url"": null}, {""id"": ""back"", ""name"": ""Espalda"", ""image_url"": null}]","[{""id"": ""barbell"", ""name"": ""Barra"", ""icon_url"": null}]"
ex-0083,peso-muerto-convencional-pausa-isometrica,Peso muerto convencional - Pausa isometrica,,image,"{""Peso muerto convencional"",""Peso muerto convencional variante"",""Peso muerto convencional pausa isometrica""}","{""Posicion inicial para peso muerto convencional: coloca pies al ancho de caderas, lleva la cadera hacia atras y manten columna neutral."",""Movimiento: lleva la cadera atras manteniendo espalda neutral y extiende cadera para finalizar el movimiento."",""Variante pausa isometrica: agrega una pausa de 2 segundos en el punto de mayor tension."",""Respira con control, evita dolor articular y completa 3 a 4 series con tecnica limpia.""}","[{""id"": ""hamstrings"", ""name"": ""Isquiotibiales"", ""image_url"": null}, {""id"": ""back"", ""name"": ""Espalda"", ""image_url"": null}]","[{""id"": ""barbell"", ""name"": ""Barra"", ""icon_url"": null}]"
ex-0084,peso-muerto-convencional-unilateral-alternada,Peso muerto convencional - Unilateral alternada,,image,"{""Peso muerto convencional"",""Peso muerto convencional variante"",""Peso muerto convencional unilateral alternada""}","{""Posicion inicial para peso muerto convencional: coloca pies al ancho de caderas, lleva la cadera hacia atras y manten columna neutral."",""Movimiento: lleva la cadera atras manteniendo espalda neutral y extiende cadera para finalizar el movimiento."",""Variante unilateral alternada: trabaja un lado por vez y alterna sin perder estabilidad."",""Respira con control, evita dolor articular y completa 3 a 4 series con tecnica limpia.""}","[{""id"": ""hamstrings"", ""name"": ""Isquiotibiales"", ""image_url"": null}, {""id"": ""back"", ""name"": ""Espalda"", ""image_url"": null}]","[{""id"": ""barbell"", ""name"": ""Barra"", ""icon_url"": null}]"
ex-0085,peso-muerto-convencional-fuerza,Peso muerto convencional - Fuerza,,image,"{""Peso muerto convencional"",""Peso muerto convencional variante"",""Peso muerto convencional fuerza""}","{""Posicion inicial para peso muerto convencional: coloca pies al ancho de caderas, lleva la cadera hacia atras y manten columna neutral."",""Movimiento: lleva la cadera atras manteniendo espalda neutral y extiende cadera para finalizar el movimiento."",""Variante fuerza: elige una carga desafiante y ejecuta repeticiones tecnicamente limpias."",""Respira con control, evita dolor articular y completa 3 a 4 series con tecnica limpia.""}","[{""id"": ""hamstrings"", ""name"": ""Isquiotibiales"", ""image_url"": null}, {""id"": ""back"", ""name"": ""Espalda"", ""image_url"": null}]","[{""id"": ""barbell"", ""name"": ""Barra"", ""icon_url"": null}]"
ex-0086,peso-muerto-convencional-resistencia,Peso muerto convencional - Resistencia,,image,"{""Peso muerto convencional"",""Peso muerto convencional variante"",""Peso muerto convencional resistencia""}","{""Posicion inicial para peso muerto convencional: coloca pies al ancho de caderas, lleva la cadera hacia atras y manten columna neutral."",""Movimiento: lleva la cadera atras manteniendo espalda neutral y extiende cadera para finalizar el movimiento."",""Variante resistencia: usa carga moderada y acumula mas repeticiones con ritmo constante."",""Respira con control, evita dolor articular y completa 3 a 4 series con tecnica limpia.""}","[{""id"": ""hamstrings"", ""name"": ""Isquiotibiales"", ""image_url"": null}, {""id"": ""back"", ""name"": ""Espalda"", ""image_url"": null}]","[{""id"": ""barbell"", ""name"": ""Barra"", ""icon_url"": null}]"
ex-0087,peso-muerto-convencional-rango-completo,Peso muerto convencional - Rango completo,,image,"{""Peso muerto convencional"",""Peso muerto convencional variante"",""Peso muerto convencional rango completo""}","{""Posicion inicial para peso muerto convencional: coloca pies al ancho de caderas, lleva la cadera hacia atras y manten columna neutral."",""Movimiento: lleva la cadera atras manteniendo espalda neutral y extiende cadera para finalizar el movimiento."",""Variante rango completo: busca el mayor rango de movimiento seguro en cada repeticion."",""Respira con control, evita dolor articular y completa 3 a 4 series con tecnica limpia.""}","[{""id"": ""hamstrings"", ""name"": ""Isquiotibiales"", ""image_url"": null}, {""id"": ""back"", ""name"": ""Espalda"", ""image_url"": null}]","[{""id"": ""barbell"", ""name"": ""Barra"", ""icon_url"": null}]"
ex-0088,peso-muerto-convencional-circuito-metabolico,Peso muerto convencional - Circuito metabolico,,image,"{""Peso muerto convencional"",""Peso muerto convencional variante"",""Peso muerto convencional circuito metabolico""}","{""Posicion inicial para peso muerto convencional: coloca pies al ancho de caderas, lleva la cadera hacia atras y manten columna neutral."",""Movimiento: lleva la cadera atras manteniendo espalda neutral y extiende cadera para finalizar el movimiento."",""Variante circuito metabolico: manten descansos cortos para elevar demanda cardiovascular."",""Respira con control, evita dolor articular y completa 3 a 4 series con tecnica limpia.""}","[{""id"": ""hamstrings"", ""name"": ""Isquiotibiales"", ""image_url"": null}, {""id"": ""back"", ""name"": ""Espalda"", ""image_url"": null}]","[{""id"": ""barbell"", ""name"": ""Barra"", ""icon_url"": null}]"
ex-0089,peso-muerto-rumano-tecnica-base,Peso muerto rumano - Tecnica base,,image,"{""Peso muerto rumano"",""Peso muerto rumano variante"",""Peso muerto rumano tecnica base""}","{""Posicion inicial para peso muerto rumano: coloca pies al ancho de caderas, lleva la cadera hacia atras y manten columna neutral."",""Movimiento: lleva la cadera atras manteniendo espalda neutral y extiende cadera para finalizar el movimiento."",""Variante tecnica base: prioriza alineacion de rodillas, cadera y columna en cada repeticion."",""Respira con control, evita dolor articular y completa 3 a 4 series con tecnica limpia.""}","[{""id"": ""hamstrings"", ""name"": ""Isquiotibiales"", ""image_url"": null}, {""id"": ""glutes"", ""name"": ""Gluteos"", ""image_url"": null}]","[{""id"": ""barbell"", ""name"": ""Barra"", ""icon_url"": null}]"
ex-0090,peso-muerto-rumano-tempo-controlado,Peso muerto rumano - Tempo controlado,,image,"{""Peso muerto rumano"",""Peso muerto rumano variante"",""Peso muerto rumano tempo controlado""}","{""Posicion inicial para peso muerto rumano: coloca pies al ancho de caderas, lleva la cadera hacia atras y manten columna neutral."",""Movimiento: lleva la cadera atras manteniendo espalda neutral y extiende cadera para finalizar el movimiento."",""Variante tempo controlado: usa 3 segundos en la fase de descenso y 1 segundo en la fase de subida."",""Respira con control, evita dolor articular y completa 3 a 4 series con tecnica limpia.""}","[{""id"": ""hamstrings"", ""name"": ""Isquiotibiales"", ""image_url"": null}, {""id"": ""glutes"", ""name"": ""Gluteos"", ""image_url"": null}]","[{""id"": ""barbell"", ""name"": ""Barra"", ""icon_url"": null}]"
ex-0091,peso-muerto-rumano-pausa-isometrica,Peso muerto rumano - Pausa isometrica,,image,"{""Peso muerto rumano"",""Peso muerto rumano variante"",""Peso muerto rumano pausa isometrica""}","{""Posicion inicial para peso muerto rumano: coloca pies al ancho de caderas, lleva la cadera hacia atras y manten columna neutral."",""Movimiento: lleva la cadera atras manteniendo espalda neutral y extiende cadera para finalizar el movimiento."",""Variante pausa isometrica: agrega una pausa de 2 segundos en el punto de mayor tension."",""Respira con control, evita dolor articular y completa 3 a 4 series con tecnica limpia.""}","[{""id"": ""hamstrings"", ""name"": ""Isquiotibiales"", ""image_url"": null}, {""id"": ""glutes"", ""name"": ""Gluteos"", ""image_url"": null}]","[{""id"": ""barbell"", ""name"": ""Barra"", ""icon_url"": null}]"
ex-0092,peso-muerto-rumano-unilateral-alternada,Peso muerto rumano - Unilateral alternada,,image,"{""Peso muerto rumano"",""Peso muerto rumano variante"",""Peso muerto rumano unilateral alternada""}","{""Posicion inicial para peso muerto rumano: coloca pies al ancho de caderas, lleva la cadera hacia atras y manten columna neutral."",""Movimiento: lleva la cadera atras manteniendo espalda neutral y extiende cadera para finalizar el movimiento."",""Variante unilateral alternada: trabaja un lado por vez y alterna sin perder estabilidad."",""Respira con control, evita dolor articular y completa 3 a 4 series con tecnica limpia.""}","[{""id"": ""hamstrings"", ""name"": ""Isquiotibiales"", ""image_url"": null}, {""id"": ""glutes"", ""name"": ""Gluteos"", ""image_url"": null}]","[{""id"": ""barbell"", ""name"": ""Barra"", ""icon_url"": null}]"
ex-0093,peso-muerto-rumano-fuerza,Peso muerto rumano - Fuerza,,image,"{""Peso muerto rumano"",""Peso muerto rumano variante"",""Peso muerto rumano fuerza""}","{""Posicion inicial para peso muerto rumano: coloca pies al ancho de caderas, lleva la cadera hacia atras y manten columna neutral."",""Movimiento: lleva la cadera atras manteniendo espalda neutral y extiende cadera para finalizar el movimiento."",""Variante fuerza: elige una carga desafiante y ejecuta repeticiones tecnicamente limpias."",""Respira con control, evita dolor articular y completa 3 a 4 series con tecnica limpia.""}","[{""id"": ""hamstrings"", ""name"": ""Isquiotibiales"", ""image_url"": null}, {""id"": ""glutes"", ""name"": ""Gluteos"", ""image_url"": null}]","[{""id"": ""barbell"", ""name"": ""Barra"", ""icon_url"": null}]"
ex-0094,peso-muerto-rumano-resistencia,Peso muerto rumano - Resistencia,,image,"{""Peso muerto rumano"",""Peso muerto rumano variante"",""Peso muerto rumano resistencia""}","{""Posicion inicial para peso muerto rumano: coloca pies al ancho de caderas, lleva la cadera hacia atras y manten columna neutral."",""Movimiento: lleva la cadera atras manteniendo espalda neutral y extiende cadera para finalizar el movimiento."",""Variante resistencia: usa carga moderada y acumula mas repeticiones con ritmo constante."",""Respira con control, evita dolor articular y completa 3 a 4 series con tecnica limpia.""}","[{""id"": ""hamstrings"", ""name"": ""Isquiotibiales"", ""image_url"": null}, {""id"": ""glutes"", ""name"": ""Gluteos"", ""image_url"": null}]","[{""id"": ""barbell"", ""name"": ""Barra"", ""icon_url"": null}]"
ex-0095,peso-muerto-rumano-rango-completo,Peso muerto rumano - Rango completo,,image,"{""Peso muerto rumano"",""Peso muerto rumano variante"",""Peso muerto rumano rango completo""}","{""Posicion inicial para peso muerto rumano: coloca pies al ancho de caderas, lleva la cadera hacia atras y manten columna neutral."",""Movimiento: lleva la cadera atras manteniendo espalda neutral y extiende cadera para finalizar el movimiento."",""Variante rango completo: busca el mayor rango de movimiento seguro en cada repeticion."",""Respira con control, evita dolor articular y completa 3 a 4 series con tecnica limpia.""}","[{""id"": ""hamstrings"", ""name"": ""Isquiotibiales"", ""image_url"": null}, {""id"": ""glutes"", ""name"": ""Gluteos"", ""image_url"": null}]","[{""id"": ""barbell"", ""name"": ""Barra"", ""icon_url"": null}]"
ex-0096,peso-muerto-rumano-circuito-metabolico,Peso muerto rumano - Circuito metabolico,,image,"{""Peso muerto rumano"",""Peso muerto rumano variante"",""Peso muerto rumano circuito metabolico""}","{""Posicion inicial para peso muerto rumano: coloca pies al ancho de caderas, lleva la cadera hacia atras y manten columna neutral."",""Movimiento: lleva la cadera atras manteniendo espalda neutral y extiende cadera para finalizar el movimiento."",""Variante circuito metabolico: manten descansos cortos para elevar demanda cardiovascular."",""Respira con control, evita dolor articular y completa 3 a 4 series con tecnica limpia.""}","[{""id"": ""hamstrings"", ""name"": ""Isquiotibiales"", ""image_url"": null}, {""id"": ""glutes"", ""name"": ""Gluteos"", ""image_url"": null}]","[{""id"": ""barbell"", ""name"": ""Barra"", ""icon_url"": null}]"
ex-0097,peso-muerto-sumo-tecnica-base,Peso muerto sumo - Tecnica base,,image,"{""Peso muerto sumo"",""Peso muerto sumo variante"",""Peso muerto sumo tecnica base""}","{""Posicion inicial para peso muerto sumo: coloca pies al ancho de caderas, lleva la cadera hacia atras y manten columna neutral."",""Movimiento: lleva la cadera atras manteniendo espalda neutral y extiende cadera para finalizar el movimiento."",""Variante tecnica base: prioriza alineacion de rodillas, cadera y columna en cada repeticion."",""Respira con control, evita dolor articular y completa 3 a 4 series con tecnica limpia.""}","[{""id"": ""glutes"", ""name"": ""Gluteos"", ""image_url"": null}, {""id"": ""adductors"", ""name"": ""Aductores"", ""image_url"": null}]","[{""id"": ""barbell"", ""name"": ""Barra"", ""icon_url"": null}]"
ex-0098,peso-muerto-sumo-tempo-controlado,Peso muerto sumo - Tempo controlado,,image,"{""Peso muerto sumo"",""Peso muerto sumo variante"",""Peso muerto sumo tempo controlado""}","{""Posicion inicial para peso muerto sumo: coloca pies al ancho de caderas, lleva la cadera hacia atras y manten columna neutral."",""Movimiento: lleva la cadera atras manteniendo espalda neutral y extiende cadera para finalizar el movimiento."",""Variante tempo controlado: usa 3 segundos en la fase de descenso y 1 segundo en la fase de subida."",""Respira con control, evita dolor articular y completa 3 a 4 series con tecnica limpia.""}","[{""id"": ""glutes"", ""name"": ""Gluteos"", ""image_url"": null}, {""id"": ""adductors"", ""name"": ""Aductores"", ""image_url"": null}]","[{""id"": ""barbell"", ""name"": ""Barra"", ""icon_url"": null}]"
ex-0099,peso-muerto-sumo-pausa-isometrica,Peso muerto sumo - Pausa isometrica,,image,"{""Peso muerto sumo"",""Peso muerto sumo variante"",""Peso muerto sumo pausa isometrica""}","{""Posicion inicial para peso muerto sumo: coloca pies al ancho de caderas, lleva la cadera hacia atras y manten columna neutral."",""Movimiento: lleva la cadera atras manteniendo espalda neutral y extiende cadera para finalizar el movimiento."",""Variante pausa isometrica: agrega una pausa de 2 segundos en el punto de mayor tension."",""Respira con control, evita dolor articular y completa 3 a 4 series con tecnica limpia.""}","[{""id"": ""glutes"", ""name"": ""Gluteos"", ""image_url"": null}, {""id"": ""adductors"", ""name"": ""Aductores"", ""image_url"": null}]","[{""id"": ""barbell"", ""name"": ""Barra"", ""icon_url"": null}]"
ex-0100,peso-muerto-sumo-unilateral-alternada,Peso muerto sumo - Unilateral alternada,,image,"{""Peso muerto sumo"",""Peso muerto sumo variante"",""Peso muerto sumo unilateral alternada""}","{""Posicion inicial para peso muerto sumo: coloca pies al ancho de caderas, lleva la cadera hacia atras y manten columna neutral."",""Movimiento: lleva la cadera atras manteniendo espalda neutral y extiende cadera para finalizar el movimiento."",""Variante unilateral alternada: trabaja un lado por vez y alterna sin perder estabilidad."",""Respira con control, evita dolor articular y completa 3 a 4 series con tecnica limpia.""}","[{""id"": ""glutes"", ""name"": ""Gluteos"", ""image_url"": null}, {""id"": ""adductors"", ""name"": ""Aductores"", ""image_url"": null}]","[{""id"": ""barbell"", ""name"": ""Barra"", ""icon_url"": null}]"
ex-0101,peso-muerto-sumo-fuerza,Peso muerto sumo - Fuerza,,image,"{""Peso muerto sumo"",""Peso muerto sumo variante"",""Peso muerto sumo fuerza""}","{""Posicion inicial para peso muerto sumo: coloca pies al ancho de caderas, lleva la cadera hacia atras y manten columna neutral."",""Movimiento: lleva la cadera atras manteniendo espalda neutral y extiende cadera para finalizar el movimiento."",""Variante fuerza: elige una carga desafiante y ejecuta repeticiones tecnicamente limpias."",""Respira con control, evita dolor articular y completa 3 a 4 series con tecnica limpia.""}","[{""id"": ""glutes"", ""name"": ""Gluteos"", ""image_url"": null}, {""id"": ""adductors"", ""name"": ""Aductores"", ""image_url"": null}]","[{""id"": ""barbell"", ""name"": ""Barra"", ""icon_url"": null}]"
ex-0102,peso-muerto-sumo-resistencia,Peso muerto sumo - Resistencia,,image,"{""Peso muerto sumo"",""Peso muerto sumo variante"",""Peso muerto sumo resistencia""}","{""Posicion inicial para peso muerto sumo: coloca pies al ancho de caderas, lleva la cadera hacia atras y manten columna neutral."",""Movimiento: lleva la cadera atras manteniendo espalda neutral y extiende cadera para finalizar el movimiento."",""Variante resistencia: usa carga moderada y acumula mas repeticiones con ritmo constante."",""Respira con control, evita dolor articular y completa 3 a 4 series con tecnica limpia.""}","[{""id"": ""glutes"", ""name"": ""Gluteos"", ""image_url"": null}, {""id"": ""adductors"", ""name"": ""Aductores"", ""image_url"": null}]","[{""id"": ""barbell"", ""name"": ""Barra"", ""icon_url"": null}]"
ex-0103,peso-muerto-sumo-rango-completo,Peso muerto sumo - Rango completo,,image,"{""Peso muerto sumo"",""Peso muerto sumo variante"",""Peso muerto sumo rango completo""}","{""Posicion inicial para peso muerto sumo: coloca pies al ancho de caderas, lleva la cadera hacia atras y manten columna neutral."",""Movimiento: lleva la cadera atras manteniendo espalda neutral y extiende cadera para finalizar el movimiento."",""Variante rango completo: busca el mayor rango de movimiento seguro en cada repeticion."",""Respira con control, evita dolor articular y completa 3 a 4 series con tecnica limpia.""}","[{""id"": ""glutes"", ""name"": ""Gluteos"", ""image_url"": null}, {""id"": ""adductors"", ""name"": ""Aductores"", ""image_url"": null}]","[{""id"": ""barbell"", ""name"": ""Barra"", ""icon_url"": null}]"
ex-0104,peso-muerto-sumo-circuito-metabolico,Peso muerto sumo - Circuito metabolico,,image,"{""Peso muerto sumo"",""Peso muerto sumo variante"",""Peso muerto sumo circuito metabolico""}","{""Posicion inicial para peso muerto sumo: coloca pies al ancho de caderas, lleva la cadera hacia atras y manten columna neutral."",""Movimiento: lleva la cadera atras manteniendo espalda neutral y extiende cadera para finalizar el movimiento."",""Variante circuito metabolico: manten descansos cortos para elevar demanda cardiovascular."",""Respira con control, evita dolor articular y completa 3 a 4 series con tecnica limpia.""}","[{""id"": ""glutes"", ""name"": ""Gluteos"", ""image_url"": null}, {""id"": ""adductors"", ""name"": ""Aductores"", ""image_url"": null}]","[{""id"": ""barbell"", ""name"": ""Barra"", ""icon_url"": null}]"
ex-0105,buenos-dias-con-barra-tecnica-base,Buenos dias con barra - Tecnica base,,image,"{""Buenos dias con barra"",""Buenos dias con barra variante"",""Buenos dias con barra tecnica base""}","{""Posicion inicial para buenos dias con barra: coloca pies al ancho de caderas, lleva la cadera hacia atras y manten columna neutral."",""Movimiento: lleva la cadera atras manteniendo espalda neutral y extiende cadera para finalizar el movimiento."",""Variante tecnica base: prioriza alineacion de rodillas, cadera y columna en cada repeticion."",""Respira con control, evita dolor articular y completa 3 a 4 series con tecnica limpia.""}","[{""id"": ""hamstrings"", ""name"": ""Isquiotibiales"", ""image_url"": null}, {""id"": ""lower_back"", ""name"": ""Espalda baja"", ""image_url"": null}]","[{""id"": ""barbell"", ""name"": ""Barra"", ""icon_url"": null}]"
ex-0106,buenos-dias-con-barra-tempo-controlado,Buenos dias con barra - Tempo controlado,,image,"{""Buenos dias con barra"",""Buenos dias con barra variante"",""Buenos dias con barra tempo controlado""}","{""Posicion inicial para buenos dias con barra: coloca pies al ancho de caderas, lleva la cadera hacia atras y manten columna neutral."",""Movimiento: lleva la cadera atras manteniendo espalda neutral y extiende cadera para finalizar el movimiento."",""Variante tempo controlado: usa 3 segundos en la fase de descenso y 1 segundo en la fase de subida."",""Respira con control, evita dolor articular y completa 3 a 4 series con tecnica limpia.""}","[{""id"": ""hamstrings"", ""name"": ""Isquiotibiales"", ""image_url"": null}, {""id"": ""lower_back"", ""name"": ""Espalda baja"", ""image_url"": null}]","[{""id"": ""barbell"", ""name"": ""Barra"", ""icon_url"": null}]"
ex-0107,buenos-dias-con-barra-pausa-isometrica,Buenos dias con barra - Pausa isometrica,,image,"{""Buenos dias con barra"",""Buenos dias con barra variante"",""Buenos dias con barra pausa isometrica""}","{""Posicion inicial para buenos dias con barra: coloca pies al ancho de caderas, lleva la cadera hacia atras y manten columna neutral."",""Movimiento: lleva la cadera atras manteniendo espalda neutral y extiende cadera para finalizar el movimiento."",""Variante pausa isometrica: agrega una pausa de 2 segundos en el punto de mayor tension."",""Respira con control, evita dolor articular y completa 3 a 4 series con tecnica limpia.""}","[{""id"": ""hamstrings"", ""name"": ""Isquiotibiales"", ""image_url"": null}, {""id"": ""lower_back"", ""name"": ""Espalda baja"", ""image_url"": null}]","[{""id"": ""barbell"", ""name"": ""Barra"", ""icon_url"": null}]"
ex-0108,buenos-dias-con-barra-unilateral-alternada,Buenos dias con barra - Unilateral alternada,,image,"{""Buenos dias con barra"",""Buenos dias con barra variante"",""Buenos dias con barra unilateral alternada""}","{""Posicion inicial para buenos dias con barra: coloca pies al ancho de caderas, lleva la cadera hacia atras y manten columna neutral."",""Movimiento: lleva la cadera atras manteniendo espalda neutral y extiende cadera para finalizar el movimiento."",""Variante unilateral alternada: trabaja un lado por vez y alterna sin perder estabilidad."",""Respira con control, evita dolor articular y completa 3 a 4 series con tecnica limpia.""}","[{""id"": ""hamstrings"", ""name"": ""Isquiotibiales"", ""image_url"": null}, {""id"": ""lower_back"", ""name"": ""Espalda baja"", ""image_url"": null}]","[{""id"": ""barbell"", ""name"": ""Barra"", ""icon_url"": null}]"
ex-0109,buenos-dias-con-barra-fuerza,Buenos dias con barra - Fuerza,,image,"{""Buenos dias con barra"",""Buenos dias con barra variante"",""Buenos dias con barra fuerza""}","{""Posicion inicial para buenos dias con barra: coloca pies al ancho de caderas, lleva la cadera hacia atras y manten columna neutral."",""Movimiento: lleva la cadera atras manteniendo espalda neutral y extiende cadera para finalizar el movimiento."",""Variante fuerza: elige una carga desafiante y ejecuta repeticiones tecnicamente limpias."",""Respira con control, evita dolor articular y completa 3 a 4 series con tecnica limpia.""}","[{""id"": ""hamstrings"", ""name"": ""Isquiotibiales"", ""image_url"": null}, {""id"": ""lower_back"", ""name"": ""Espalda baja"", ""image_url"": null}]","[{""id"": ""barbell"", ""name"": ""Barra"", ""icon_url"": null}]"
ex-0110,buenos-dias-con-barra-resistencia,Buenos dias con barra - Resistencia,,image,"{""Buenos dias con barra"",""Buenos dias con barra variante"",""Buenos dias con barra resistencia""}","{""Posicion inicial para buenos dias con barra: coloca pies al ancho de caderas, lleva la cadera hacia atras y manten columna neutral."",""Movimiento: lleva la cadera atras manteniendo espalda neutral y extiende cadera para finalizar el movimiento."",""Variante resistencia: usa carga moderada y acumula mas repeticiones con ritmo constante."",""Respira con control, evita dolor articular y completa 3 a 4 series con tecnica limpia.""}","[{""id"": ""hamstrings"", ""name"": ""Isquiotibiales"", ""image_url"": null}, {""id"": ""lower_back"", ""name"": ""Espalda baja"", ""image_url"": null}]","[{""id"": ""barbell"", ""name"": ""Barra"", ""icon_url"": null}]"
ex-0111,buenos-dias-con-barra-rango-completo,Buenos dias con barra - Rango completo,,image,"{""Buenos dias con barra"",""Buenos dias con barra variante"",""Buenos dias con barra rango completo""}","{""Posicion inicial para buenos dias con barra: coloca pies al ancho de caderas, lleva la cadera hacia atras y manten columna neutral."",""Movimiento: lleva la cadera atras manteniendo espalda neutral y extiende cadera para finalizar el movimiento."",""Variante rango completo: busca el mayor rango de movimiento seguro en cada repeticion."",""Respira con control, evita dolor articular y completa 3 a 4 series con tecnica limpia.""}","[{""id"": ""hamstrings"", ""name"": ""Isquiotibiales"", ""image_url"": null}, {""id"": ""lower_back"", ""name"": ""Espalda baja"", ""image_url"": null}]","[{""id"": ""barbell"", ""name"": ""Barra"", ""icon_url"": null}]"
ex-0112,buenos-dias-con-barra-circuito-metabolico,Buenos dias con barra - Circuito metabolico,,image,"{""Buenos dias con barra"",""Buenos dias con barra variante"",""Buenos dias con barra circuito metabolico""}","{""Posicion inicial para buenos dias con barra: coloca pies al ancho de caderas, lleva la cadera hacia atras y manten columna neutral."",""Movimiento: lleva la cadera atras manteniendo espalda neutral y extiende cadera para finalizar el movimiento."",""Variante circuito metabolico: manten descansos cortos para elevar demanda cardiovascular."",""Respira con control, evita dolor articular y completa 3 a 4 series con tecnica limpia.""}","[{""id"": ""hamstrings"", ""name"": ""Isquiotibiales"", ""image_url"": null}, {""id"": ""lower_back"", ""name"": ""Espalda baja"", ""image_url"": null}]","[{""id"": ""barbell"", ""name"": ""Barra"", ""icon_url"": null}]"
ex-0113,hip-thrust-con-barra-tecnica-base,Hip thrust con barra - Tecnica base,,image,"{""Hip thrust con barra"",""Hip thrust con barra variante"",""Hip thrust con barra tecnica base""}","{""Posicion inicial para hip thrust con barra: apoya hombros y pies firmes, activa gluteos y abdomen antes de cada repeticion."",""Movimiento: eleva cadera apretando gluteos en la parte alta y desciende con control sin perder tension."",""Variante tecnica base: prioriza alineacion de rodillas, cadera y columna en cada repeticion."",""Respira con control, evita dolor articular y completa 3 a 4 series con tecnica limpia.""}","[{""id"": ""glutes"", ""name"": ""Gluteos"", ""image_url"": null}, {""id"": ""hamstrings"", ""name"": ""Isquiotibiales"", ""image_url"": null}]","[{""id"": ""barbell"", ""name"": ""Barra"", ""icon_url"": null}, {""id"": ""bench"", ""name"": ""Banco"", ""icon_url"": null}]"
ex-0114,hip-thrust-con-barra-tempo-controlado,Hip thrust con barra - Tempo controlado,,image,"{""Hip thrust con barra"",""Hip thrust con barra variante"",""Hip thrust con barra tempo controlado""}","{""Posicion inicial para hip thrust con barra: apoya hombros y pies firmes, activa gluteos y abdomen antes de cada repeticion."",""Movimiento: eleva cadera apretando gluteos en la parte alta y desciende con control sin perder tension."",""Variante tempo controlado: usa 3 segundos en la fase de descenso y 1 segundo en la fase de subida."",""Respira con control, evita dolor articular y completa 3 a 4 series con tecnica limpia.""}","[{""id"": ""glutes"", ""name"": ""Gluteos"", ""image_url"": null}, {""id"": ""hamstrings"", ""name"": ""Isquiotibiales"", ""image_url"": null}]","[{""id"": ""barbell"", ""name"": ""Barra"", ""icon_url"": null}, {""id"": ""bench"", ""name"": ""Banco"", ""icon_url"": null}]"
ex-0115,hip-thrust-con-barra-pausa-isometrica,Hip thrust con barra - Pausa isometrica,,image,"{""Hip thrust con barra"",""Hip thrust con barra variante"",""Hip thrust con barra pausa isometrica""}","{""Posicion inicial para hip thrust con barra: apoya hombros y pies firmes, activa gluteos y abdomen antes de cada repeticion."",""Movimiento: eleva cadera apretando gluteos en la parte alta y desciende con control sin perder tension."",""Variante pausa isometrica: agrega una pausa de 2 segundos en el punto de mayor tension."",""Respira con control, evita dolor articular y completa 3 a 4 series con tecnica limpia.""}","[{""id"": ""glutes"", ""name"": ""Gluteos"", ""image_url"": null}, {""id"": ""hamstrings"", ""name"": ""Isquiotibiales"", ""image_url"": null}]","[{""id"": ""barbell"", ""name"": ""Barra"", ""icon_url"": null}, {""id"": ""bench"", ""name"": ""Banco"", ""icon_url"": null}]"
ex-0116,hip-thrust-con-barra-unilateral-alternada,Hip thrust con barra - Unilateral alternada,,image,"{""Hip thrust con barra"",""Hip thrust con barra variante"",""Hip thrust con barra unilateral alternada""}","{""Posicion inicial para hip thrust con barra: apoya hombros y pies firmes, activa gluteos y abdomen antes de cada repeticion."",""Movimiento: eleva cadera apretando gluteos en la parte alta y desciende con control sin perder tension."",""Variante unilateral alternada: trabaja un lado por vez y alterna sin perder estabilidad."",""Respira con control, evita dolor articular y completa 3 a 4 series con tecnica limpia.""}","[{""id"": ""glutes"", ""name"": ""Gluteos"", ""image_url"": null}, {""id"": ""hamstrings"", ""name"": ""Isquiotibiales"", ""image_url"": null}]","[{""id"": ""barbell"", ""name"": ""Barra"", ""icon_url"": null}, {""id"": ""bench"", ""name"": ""Banco"", ""icon_url"": null}]"
ex-0117,hip-thrust-con-barra-fuerza,Hip thrust con barra - Fuerza,,image,"{""Hip thrust con barra"",""Hip thrust con barra variante"",""Hip thrust con barra fuerza""}","{""Posicion inicial para hip thrust con barra: apoya hombros y pies firmes, activa gluteos y abdomen antes de cada repeticion."",""Movimiento: eleva cadera apretando gluteos en la parte alta y desciende con control sin perder tension."",""Variante fuerza: elige una carga desafiante y ejecuta repeticiones tecnicamente limpias."",""Respira con control, evita dolor articular y completa 3 a 4 series con tecnica limpia.""}","[{""id"": ""glutes"", ""name"": ""Gluteos"", ""image_url"": null}, {""id"": ""hamstrings"", ""name"": ""Isquiotibiales"", ""image_url"": null}]","[{""id"": ""barbell"", ""name"": ""Barra"", ""icon_url"": null}, {""id"": ""bench"", ""name"": ""Banco"", ""icon_url"": null}]"
ex-0118,hip-thrust-con-barra-resistencia,Hip thrust con barra - Resistencia,,image,"{""Hip thrust con barra"",""Hip thrust con barra variante"",""Hip thrust con barra resistencia""}","{""Posicion inicial para hip thrust con barra: apoya hombros y pies firmes, activa gluteos y abdomen antes de cada repeticion."",""Movimiento: eleva cadera apretando gluteos en la parte alta y desciende con control sin perder tension."",""Variante resistencia: usa carga moderada y acumula mas repeticiones con ritmo constante."",""Respira con control, evita dolor articular y completa 3 a 4 series con tecnica limpia.""}","[{""id"": ""glutes"", ""name"": ""Gluteos"", ""image_url"": null}, {""id"": ""hamstrings"", ""name"": ""Isquiotibiales"", ""image_url"": null}]","[{""id"": ""barbell"", ""name"": ""Barra"", ""icon_url"": null}, {""id"": ""bench"", ""name"": ""Banco"", ""icon_url"": null}]"
ex-0119,hip-thrust-con-barra-rango-completo,Hip thrust con barra - Rango completo,,image,"{""Hip thrust con barra"",""Hip thrust con barra variante"",""Hip thrust con barra rango completo""}","{""Posicion inicial para hip thrust con barra: apoya hombros y pies firmes, activa gluteos y abdomen antes de cada repeticion."",""Movimiento: eleva cadera apretando gluteos en la parte alta y desciende con control sin perder tension."",""Variante rango completo: busca el mayor rango de movimiento seguro en cada repeticion."",""Respira con control, evita dolor articular y completa 3 a 4 series con tecnica limpia.""}","[{""id"": ""glutes"", ""name"": ""Gluteos"", ""image_url"": null}, {""id"": ""hamstrings"", ""name"": ""Isquiotibiales"", ""image_url"": null}]","[{""id"": ""barbell"", ""name"": ""Barra"", ""icon_url"": null}, {""id"": ""bench"", ""name"": ""Banco"", ""icon_url"": null}]"
ex-0120,hip-thrust-con-barra-circuito-metabolico,Hip thrust con barra - Circuito metabolico,,image,"{""Hip thrust con barra"",""Hip thrust con barra variante"",""Hip thrust con barra circuito metabolico""}","{""Posicion inicial para hip thrust con barra: apoya hombros y pies firmes, activa gluteos y abdomen antes de cada repeticion."",""Movimiento: eleva cadera apretando gluteos en la parte alta y desciende con control sin perder tension."",""Variante circuito metabolico: manten descansos cortos para elevar demanda cardiovascular."",""Respira con control, evita dolor articular y completa 3 a 4 series con tecnica limpia.""}","[{""id"": ""glutes"", ""name"": ""Gluteos"", ""image_url"": null}, {""id"": ""hamstrings"", ""name"": ""Isquiotibiales"", ""image_url"": null}]","[{""id"": ""barbell"", ""name"": ""Barra"", ""icon_url"": null}, {""id"": ""bench"", ""name"": ""Banco"", ""icon_url"": null}]"
ex-0121,puente-de-gluteo-tecnica-base,Puente de gluteo - Tecnica base,,image,"{""Puente de gluteo"",""Puente de gluteo variante"",""Puente de gluteo tecnica base""}","{""Posicion inicial para puente de gluteo: apoya hombros y pies firmes, activa gluteos y abdomen antes de cada repeticion."",""Movimiento: eleva cadera apretando gluteos en la parte alta y desciende con control sin perder tension."",""Variante tecnica base: prioriza alineacion de rodillas, cadera y columna en cada repeticion."",""Respira con control, evita dolor articular y completa 3 a 4 series con tecnica limpia.""}","[{""id"": ""glutes"", ""name"": ""Gluteos"", ""image_url"": null}, {""id"": ""core"", ""name"": ""Core"", ""image_url"": null}]","[{""id"": ""bodyweight"", ""name"": ""Peso corporal"", ""icon_url"": null}]"
ex-0122,puente-de-gluteo-tempo-controlado,Puente de gluteo - Tempo controlado,,image,"{""Puente de gluteo"",""Puente de gluteo variante"",""Puente de gluteo tempo controlado""}","{""Posicion inicial para puente de gluteo: apoya hombros y pies firmes, activa gluteos y abdomen antes de cada repeticion."",""Movimiento: eleva cadera apretando gluteos en la parte alta y desciende con control sin perder tension."",""Variante tempo controlado: usa 3 segundos en la fase de descenso y 1 segundo en la fase de subida."",""Respira con control, evita dolor articular y completa 3 a 4 series con tecnica limpia.""}","[{""id"": ""glutes"", ""name"": ""Gluteos"", ""image_url"": null}, {""id"": ""core"", ""name"": ""Core"", ""image_url"": null}]","[{""id"": ""bodyweight"", ""name"": ""Peso corporal"", ""icon_url"": null}]"
ex-0123,puente-de-gluteo-pausa-isometrica,Puente de gluteo - Pausa isometrica,,image,"{""Puente de gluteo"",""Puente de gluteo variante"",""Puente de gluteo pausa isometrica""}","{""Posicion inicial para puente de gluteo: apoya hombros y pies firmes, activa gluteos y abdomen antes de cada repeticion."",""Movimiento: eleva cadera apretando gluteos en la parte alta y desciende con control sin perder tension."",""Variante pausa isometrica: agrega una pausa de 2 segundos en el punto de mayor tension."",""Respira con control, evita dolor articular y completa 3 a 4 series con tecnica limpia.""}","[{""id"": ""glutes"", ""name"": ""Gluteos"", ""image_url"": null}, {""id"": ""core"", ""name"": ""Core"", ""image_url"": null}]","[{""id"": ""bodyweight"", ""name"": ""Peso corporal"", ""icon_url"": null}]"
ex-0124,puente-de-gluteo-unilateral-alternada,Puente de gluteo - Unilateral alternada,,image,"{""Puente de gluteo"",""Puente de gluteo variante"",""Puente de gluteo unilateral alternada""}","{""Posicion inicial para puente de gluteo: apoya hombros y pies firmes, activa gluteos y abdomen antes de cada repeticion."",""Movimiento: eleva cadera apretando gluteos en la parte alta y desciende con control sin perder tension."",""Variante unilateral alternada: trabaja un lado por vez y alterna sin perder estabilidad."",""Respira con control, evita dolor articular y completa 3 a 4 series con tecnica limpia.""}","[{""id"": ""glutes"", ""name"": ""Gluteos"", ""image_url"": null}, {""id"": ""core"", ""name"": ""Core"", ""image_url"": null}]","[{""id"": ""bodyweight"", ""name"": ""Peso corporal"", ""icon_url"": null}]"
ex-0125,puente-de-gluteo-fuerza,Puente de gluteo - Fuerza,,image,"{""Puente de gluteo"",""Puente de gluteo variante"",""Puente de gluteo fuerza""}","{""Posicion inicial para puente de gluteo: apoya hombros y pies firmes, activa gluteos y abdomen antes de cada repeticion."",""Movimiento: eleva cadera apretando gluteos en la parte alta y desciende con control sin perder tension."",""Variante fuerza: elige una carga desafiante y ejecuta repeticiones tecnicamente limpias."",""Respira con control, evita dolor articular y completa 3 a 4 series con tecnica limpia.""}","[{""id"": ""glutes"", ""name"": ""Gluteos"", ""image_url"": null}, {""id"": ""core"", ""name"": ""Core"", ""image_url"": null}]","[{""id"": ""bodyweight"", ""name"": ""Peso corporal"", ""icon_url"": null}]"
ex-0126,puente-de-gluteo-resistencia,Puente de gluteo - Resistencia,,image,"{""Puente de gluteo"",""Puente de gluteo variante"",""Puente de gluteo resistencia""}","{""Posicion inicial para puente de gluteo: apoya hombros y pies firmes, activa gluteos y abdomen antes de cada repeticion."",""Movimiento: eleva cadera apretando gluteos en la parte alta y desciende con control sin perder tension."",""Variante resistencia: usa carga moderada y acumula mas repeticiones con ritmo constante."",""Respira con control, evita dolor articular y completa 3 a 4 series con tecnica limpia.""}","[{""id"": ""glutes"", ""name"": ""Gluteos"", ""image_url"": null}, {""id"": ""core"", ""name"": ""Core"", ""image_url"": null}]","[{""id"": ""bodyweight"", ""name"": ""Peso corporal"", ""icon_url"": null}]"
ex-0127,puente-de-gluteo-rango-completo,Puente de gluteo - Rango completo,,image,"{""Puente de gluteo"",""Puente de gluteo variante"",""Puente de gluteo rango completo""}","{""Posicion inicial para puente de gluteo: apoya hombros y pies firmes, activa gluteos y abdomen antes de cada repeticion."",""Movimiento: eleva cadera apretando gluteos en la parte alta y desciende con control sin perder tension."",""Variante rango completo: busca el mayor rango de movimiento seguro en cada repeticion."",""Respira con control, evita dolor articular y completa 3 a 4 series con tecnica limpia.""}","[{""id"": ""glutes"", ""name"": ""Gluteos"", ""image_url"": null}, {""id"": ""core"", ""name"": ""Core"", ""image_url"": null}]","[{""id"": ""bodyweight"", ""name"": ""Peso corporal"", ""icon_url"": null}]"
ex-0128,puente-de-gluteo-circuito-metabolico,Puente de gluteo - Circuito metabolico,,image,"{""Puente de gluteo"",""Puente de gluteo variante"",""Puente de gluteo circuito metabolico""}","{""Posicion inicial para puente de gluteo: apoya hombros y pies firmes, activa gluteos y abdomen antes de cada repeticion."",""Movimiento: eleva cadera apretando gluteos en la parte alta y desciende con control sin perder tension."",""Variante circuito metabolico: manten descansos cortos para elevar demanda cardiovascular."",""Respira con control, evita dolor articular y completa 3 a 4 series con tecnica limpia.""}","[{""id"": ""glutes"", ""name"": ""Gluteos"", ""image_url"": null}, {""id"": ""core"", ""name"": ""Core"", ""image_url"": null}]","[{""id"": ""bodyweight"", ""name"": ""Peso corporal"", ""icon_url"": null}]"
ex-0129,pull-through-en-polea-tecnica-base,Pull through en polea - Tecnica base,,image,"{""Pull through en polea"",""Pull through en polea variante"",""Pull through en polea tecnica base""}","{""Posicion inicial para pull through en polea: coloca pies al ancho de caderas, lleva la cadera hacia atras y manten columna neutral."",""Movimiento: lleva la cadera atras manteniendo espalda neutral y extiende cadera para finalizar el movimiento."",""Variante tecnica base: prioriza alineacion de rodillas, cadera y columna en cada repeticion."",""Respira con control, evita dolor articular y completa 3 a 4 series con tecnica limpia.""}","[{""id"": ""glutes"", ""name"": ""Gluteos"", ""image_url"": null}, {""id"": ""hamstrings"", ""name"": ""Isquiotibiales"", ""image_url"": null}]","[{""id"": ""cable"", ""name"": ""Polea"", ""icon_url"": null}]"
ex-0130,pull-through-en-polea-tempo-controlado,Pull through en polea - Tempo controlado,,image,"{""Pull through en polea"",""Pull through en polea variante"",""Pull through en polea tempo controlado""}","{""Posicion inicial para pull through en polea: coloca pies al ancho de caderas, lleva la cadera hacia atras y manten columna neutral."",""Movimiento: lleva la cadera atras manteniendo espalda neutral y extiende cadera para finalizar el movimiento."",""Variante tempo controlado: usa 3 segundos en la fase de descenso y 1 segundo en la fase de subida."",""Respira con control, evita dolor articular y completa 3 a 4 series con tecnica limpia.""}","[{""id"": ""glutes"", ""name"": ""Gluteos"", ""image_url"": null}, {""id"": ""hamstrings"", ""name"": ""Isquiotibiales"", ""image_url"": null}]","[{""id"": ""cable"", ""name"": ""Polea"", ""icon_url"": null}]"
ex-0131,pull-through-en-polea-pausa-isometrica,Pull through en polea - Pausa isometrica,,image,"{""Pull through en polea"",""Pull through en polea variante"",""Pull through en polea pausa isometrica""}","{""Posicion inicial para pull through en polea: coloca pies al ancho de caderas, lleva la cadera hacia atras y manten columna neutral."",""Movimiento: lleva la cadera atras manteniendo espalda neutral y extiende cadera para finalizar el movimiento."",""Variante pausa isometrica: agrega una pausa de 2 segundos en el punto de mayor tension."",""Respira con control, evita dolor articular y completa 3 a 4 series con tecnica limpia.""}","[{""id"": ""glutes"", ""name"": ""Gluteos"", ""image_url"": null}, {""id"": ""hamstrings"", ""name"": ""Isquiotibiales"", ""image_url"": null}]","[{""id"": ""cable"", ""name"": ""Polea"", ""icon_url"": null}]"
ex-0132,pull-through-en-polea-unilateral-alternada,Pull through en polea - Unilateral alternada,,image,"{""Pull through en polea"",""Pull through en polea variante"",""Pull through en polea unilateral alternada""}","{""Posicion inicial para pull through en polea: coloca pies al ancho de caderas, lleva la cadera hacia atras y manten columna neutral."",""Movimiento: lleva la cadera atras manteniendo espalda neutral y extiende cadera para finalizar el movimiento."",""Variante unilateral alternada: trabaja un lado por vez y alterna sin perder estabilidad."",""Respira con control, evita dolor articular y completa 3 a 4 series con tecnica limpia.""}","[{""id"": ""glutes"", ""name"": ""Gluteos"", ""image_url"": null}, {""id"": ""hamstrings"", ""name"": ""Isquiotibiales"", ""image_url"": null}]","[{""id"": ""cable"", ""name"": ""Polea"", ""icon_url"": null}]"
ex-0133,pull-through-en-polea-fuerza,Pull through en polea - Fuerza,,image,"{""Pull through en polea"",""Pull through en polea variante"",""Pull through en polea fuerza""}","{""Posicion inicial para pull through en polea: coloca pies al ancho de caderas, lleva la cadera hacia atras y manten columna neutral."",""Movimiento: lleva la cadera atras manteniendo espalda neutral y extiende cadera para finalizar el movimiento."",""Variante fuerza: elige una carga desafiante y ejecuta repeticiones tecnicamente limpias."",""Respira con control, evita dolor articular y completa 3 a 4 series con tecnica limpia.""}","[{""id"": ""glutes"", ""name"": ""Gluteos"", ""image_url"": null}, {""id"": ""hamstrings"", ""name"": ""Isquiotibiales"", ""image_url"": null}]","[{""id"": ""cable"", ""name"": ""Polea"", ""icon_url"": null}]"
ex-0134,pull-through-en-polea-resistencia,Pull through en polea - Resistencia,,image,"{""Pull through en polea"",""Pull through en polea variante"",""Pull through en polea resistencia""}","{""Posicion inicial para pull through en polea: coloca pies al ancho de caderas, lleva la cadera hacia atras y manten columna neutral."",""Movimiento: lleva la cadera atras manteniendo espalda neutral y extiende cadera para finalizar el movimiento."",""Variante resistencia: usa carga moderada y acumula mas repeticiones con ritmo constante."",""Respira con control, evita dolor articular y completa 3 a 4 series con tecnica limpia.""}","[{""id"": ""glutes"", ""name"": ""Gluteos"", ""image_url"": null}, {""id"": ""hamstrings"", ""name"": ""Isquiotibiales"", ""image_url"": null}]","[{""id"": ""cable"", ""name"": ""Polea"", ""icon_url"": null}]"
ex-0135,pull-through-en-polea-rango-completo,Pull through en polea - Rango completo,,image,"{""Pull through en polea"",""Pull through en polea variante"",""Pull through en polea rango completo""}","{""Posicion inicial para pull through en polea: coloca pies al ancho de caderas, lleva la cadera hacia atras y manten columna neutral."",""Movimiento: lleva la cadera atras manteniendo espalda neutral y extiende cadera para finalizar el movimiento."",""Variante rango completo: busca el mayor rango de movimiento seguro en cada repeticion."",""Respira con control, evita dolor articular y completa 3 a 4 series con tecnica limpia.""}","[{""id"": ""glutes"", ""name"": ""Gluteos"", ""image_url"": null}, {""id"": ""hamstrings"", ""name"": ""Isquiotibiales"", ""image_url"": null}]","[{""id"": ""cable"", ""name"": ""Polea"", ""icon_url"": null}]"
ex-0136,pull-through-en-polea-circuito-metabolico,Pull through en polea - Circuito metabolico,,image,"{""Pull through en polea"",""Pull through en polea variante"",""Pull through en polea circuito metabolico""}","{""Posicion inicial para pull through en polea: coloca pies al ancho de caderas, lleva la cadera hacia atras y manten columna neutral."",""Movimiento: lleva la cadera atras manteniendo espalda neutral y extiende cadera para finalizar el movimiento."",""Variante circuito metabolico: manten descansos cortos para elevar demanda cardiovascular."",""Respira con control, evita dolor articular y completa 3 a 4 series con tecnica limpia.""}","[{""id"": ""glutes"", ""name"": ""Gluteos"", ""image_url"": null}, {""id"": ""hamstrings"", ""name"": ""Isquiotibiales"", ""image_url"": null}]","[{""id"": ""cable"", ""name"": ""Polea"", ""icon_url"": null}]"
ex-0137,abduccion-de-cadera-con-banda-tecnica-base,Abduccion de cadera con banda - Tecnica base,,image,"{""Abduccion de cadera con banda"",""Abduccion de cadera con banda variante"",""Abduccion de cadera con banda tecnica base""}","{""Posicion inicial para abduccion de cadera con banda: apoya hombros y pies firmes, activa gluteos y abdomen antes de cada repeticion."",""Movimiento: eleva cadera apretando gluteos en la parte alta y desciende con control sin perder tension."",""Variante tecnica base: prioriza alineacion de rodillas, cadera y columna en cada repeticion."",""Respira con control, evita dolor articular y completa 3 a 4 series con tecnica limpia.""}","[{""id"": ""glute_med"", ""name"": ""Gluteo medio"", ""image_url"": null}, {""id"": ""glutes"", ""name"": ""Gluteos"", ""image_url"": null}]","[{""id"": ""band"", ""name"": ""Banda elastica"", ""icon_url"": null}]"
ex-0138,abduccion-de-cadera-con-banda-tempo-controlado,Abduccion de cadera con banda - Tempo controlado,,image,"{""Abduccion de cadera con banda"",""Abduccion de cadera con banda variante"",""Abduccion de cadera con banda tempo controlado""}","{""Posicion inicial para abduccion de cadera con banda: apoya hombros y pies firmes, activa gluteos y abdomen antes de cada repeticion."",""Movimiento: eleva cadera apretando gluteos en la parte alta y desciende con control sin perder tension."",""Variante tempo controlado: usa 3 segundos en la fase de descenso y 1 segundo en la fase de subida."",""Respira con control, evita dolor articular y completa 3 a 4 series con tecnica limpia.""}","[{""id"": ""glute_med"", ""name"": ""Gluteo medio"", ""image_url"": null}, {""id"": ""glutes"", ""name"": ""Gluteos"", ""image_url"": null}]","[{""id"": ""band"", ""name"": ""Banda elastica"", ""icon_url"": null}]"
ex-0139,abduccion-de-cadera-con-banda-pausa-isometrica,Abduccion de cadera con banda - Pausa isometrica,,image,"{""Abduccion de cadera con banda"",""Abduccion de cadera con banda variante"",""Abduccion de cadera con banda pausa isometrica""}","{""Posicion inicial para abduccion de cadera con banda: apoya hombros y pies firmes, activa gluteos y abdomen antes de cada repeticion."",""Movimiento: eleva cadera apretando gluteos en la parte alta y desciende con control sin perder tension."",""Variante pausa isometrica: agrega una pausa de 2 segundos en el punto de mayor tension."",""Respira con control, evita dolor articular y completa 3 a 4 series con tecnica limpia.""}","[{""id"": ""glute_med"", ""name"": ""Gluteo medio"", ""image_url"": null}, {""id"": ""glutes"", ""name"": ""Gluteos"", ""image_url"": null}]","[{""id"": ""band"", ""name"": ""Banda elastica"", ""icon_url"": null}]"
ex-0140,abduccion-de-cadera-con-banda-unilateral-alternada,Abduccion de cadera con banda - Unilateral alternada,,image,"{""Abduccion de cadera con banda"",""Abduccion de cadera con banda variante"",""Abduccion de cadera con banda unilateral alternada""}","{""Posicion inicial para abduccion de cadera con banda: apoya hombros y pies firmes, activa gluteos y abdomen antes de cada repeticion."",""Movimiento: eleva cadera apretando gluteos en la parte alta y desciende con control sin perder tension."",""Variante unilateral alternada: trabaja un lado por vez y alterna sin perder estabilidad."",""Respira con control, evita dolor articular y completa 3 a 4 series con tecnica limpia.""}","[{""id"": ""glute_med"", ""name"": ""Gluteo medio"", ""image_url"": null}, {""id"": ""glutes"", ""name"": ""Gluteos"", ""image_url"": null}]","[{""id"": ""band"", ""name"": ""Banda elastica"", ""icon_url"": null}]"
ex-0141,abduccion-de-cadera-con-banda-fuerza,Abduccion de cadera con banda - Fuerza,,image,"{""Abduccion de cadera con banda"",""Abduccion de cadera con banda variante"",""Abduccion de cadera con banda fuerza""}","{""Posicion inicial para abduccion de cadera con banda: apoya hombros y pies firmes, activa gluteos y abdomen antes de cada repeticion."",""Movimiento: eleva cadera apretando gluteos en la parte alta y desciende con control sin perder tension."",""Variante fuerza: elige una carga desafiante y ejecuta repeticiones tecnicamente limpias."",""Respira con control, evita dolor articular y completa 3 a 4 series con tecnica limpia.""}","[{""id"": ""glute_med"", ""name"": ""Gluteo medio"", ""image_url"": null}, {""id"": ""glutes"", ""name"": ""Gluteos"", ""image_url"": null}]","[{""id"": ""band"", ""name"": ""Banda elastica"", ""icon_url"": null}]"
ex-0142,abduccion-de-cadera-con-banda-resistencia,Abduccion de cadera con banda - Resistencia,,image,"{""Abduccion de cadera con banda"",""Abduccion de cadera con banda variante"",""Abduccion de cadera con banda resistencia""}","{""Posicion inicial para abduccion de cadera con banda: apoya hombros y pies firmes, activa gluteos y abdomen antes de cada repeticion."",""Movimiento: eleva cadera apretando gluteos en la parte alta y desciende con control sin perder tension."",""Variante resistencia: usa carga moderada y acumula mas repeticiones con ritmo constante."",""Respira con control, evita dolor articular y completa 3 a 4 series con tecnica limpia.""}","[{""id"": ""glute_med"", ""name"": ""Gluteo medio"", ""image_url"": null}, {""id"": ""glutes"", ""name"": ""Gluteos"", ""image_url"": null}]","[{""id"": ""band"", ""name"": ""Banda elastica"", ""icon_url"": null}]"
ex-0143,abduccion-de-cadera-con-banda-rango-completo,Abduccion de cadera con banda - Rango completo,,image,"{""Abduccion de cadera con banda"",""Abduccion de cadera con banda variante"",""Abduccion de cadera con banda rango completo""}","{""Posicion inicial para abduccion de cadera con banda: apoya hombros y pies firmes, activa gluteos y abdomen antes de cada repeticion."",""Movimiento: eleva cadera apretando gluteos en la parte alta y desciende con control sin perder tension."",""Variante rango completo: busca el mayor rango de movimiento seguro en cada repeticion."",""Respira con control, evita dolor articular y completa 3 a 4 series con tecnica limpia.""}","[{""id"": ""glute_med"", ""name"": ""Gluteo medio"", ""image_url"": null}, {""id"": ""glutes"", ""name"": ""Gluteos"", ""image_url"": null}]","[{""id"": ""band"", ""name"": ""Banda elastica"", ""icon_url"": null}]"
ex-0144,abduccion-de-cadera-con-banda-circuito-metabolico,Abduccion de cadera con banda - Circuito metabolico,,image,"{""Abduccion de cadera con banda"",""Abduccion de cadera con banda variante"",""Abduccion de cadera con banda circuito metabolico""}","{""Posicion inicial para abduccion de cadera con banda: apoya hombros y pies firmes, activa gluteos y abdomen antes de cada repeticion."",""Movimiento: eleva cadera apretando gluteos en la parte alta y desciende con control sin perder tension."",""Variante circuito metabolico: manten descansos cortos para elevar demanda cardiovascular."",""Respira con control, evita dolor articular y completa 3 a 4 series con tecnica limpia.""}","[{""id"": ""glute_med"", ""name"": ""Gluteo medio"", ""image_url"": null}, {""id"": ""glutes"", ""name"": ""Gluteos"", ""image_url"": null}]","[{""id"": ""band"", ""name"": ""Banda elastica"", ""icon_url"": null}]"
ex-0145,aduccion-de-cadera-en-maquina-tecnica-base,Aduccion de cadera en maquina - Tecnica base,,image,"{""Aduccion de cadera en maquina"",""Aduccion de cadera en maquina variante"",""Aduccion de cadera en maquina tecnica base""}","{""Posicion inicial para aduccion de cadera en maquina: apoya hombros y pies firmes, activa gluteos y abdomen antes de cada repeticion."",""Movimiento: eleva cadera apretando gluteos en la parte alta y desciende con control sin perder tension."",""Variante tecnica base: prioriza alineacion de rodillas, cadera y columna en cada repeticion."",""Respira con control, evita dolor articular y completa 3 a 4 series con tecnica limpia.""}","[{""id"": ""adductors"", ""name"": ""Aductores"", ""image_url"": null}, {""id"": ""core"", ""name"": ""Core"", ""image_url"": null}]","[{""id"": ""machine"", ""name"": ""Maquina"", ""icon_url"": null}]"
ex-0146,aduccion-de-cadera-en-maquina-tempo-controlado,Aduccion de cadera en maquina - Tempo controlado,,image,"{""Aduccion de cadera en maquina"",""Aduccion de cadera en maquina variante"",""Aduccion de cadera en maquina tempo controlado""}","{""Posicion inicial para aduccion de cadera en maquina: apoya hombros y pies firmes, activa gluteos y abdomen antes de cada repeticion."",""Movimiento: eleva cadera apretando gluteos en la parte alta y desciende con control sin perder tension."",""Variante tempo controlado: usa 3 segundos en la fase de descenso y 1 segundo en la fase de subida."",""Respira con control, evita dolor articular y completa 3 a 4 series con tecnica limpia.""}","[{""id"": ""adductors"", ""name"": ""Aductores"", ""image_url"": null}, {""id"": ""core"", ""name"": ""Core"", ""image_url"": null}]","[{""id"": ""machine"", ""name"": ""Maquina"", ""icon_url"": null}]"
ex-0147,aduccion-de-cadera-en-maquina-pausa-isometrica,Aduccion de cadera en maquina - Pausa isometrica,,image,"{""Aduccion de cadera en maquina"",""Aduccion de cadera en maquina variante"",""Aduccion de cadera en maquina pausa isometrica""}","{""Posicion inicial para aduccion de cadera en maquina: apoya hombros y pies firmes, activa gluteos y abdomen antes de cada repeticion."",""Movimiento: eleva cadera apretando gluteos en la parte alta y desciende con control sin perder tension."",""Variante pausa isometrica: agrega una pausa de 2 segundos en el punto de mayor tension."",""Respira con control, evita dolor articular y completa 3 a 4 series con tecnica limpia.""}","[{""id"": ""adductors"", ""name"": ""Aductores"", ""image_url"": null}, {""id"": ""core"", ""name"": ""Core"", ""image_url"": null}]","[{""id"": ""machine"", ""name"": ""Maquina"", ""icon_url"": null}]"
ex-0148,aduccion-de-cadera-en-maquina-unilateral-alternada,Aduccion de cadera en maquina - Unilateral alternada,,image,"{""Aduccion de cadera en maquina"",""Aduccion de cadera en maquina variante"",""Aduccion de cadera en maquina unilateral alternada""}","{""Posicion inicial para aduccion de cadera en maquina: apoya hombros y pies firmes, activa gluteos y abdomen antes de cada repeticion."",""Movimiento: eleva cadera apretando gluteos en la parte alta y desciende con control sin perder tension."",""Variante unilateral alternada: trabaja un lado por vez y alterna sin perder estabilidad."",""Respira con control, evita dolor articular y completa 3 a 4 series con tecnica limpia.""}","[{""id"": ""adductors"", ""name"": ""Aductores"", ""image_url"": null}, {""id"": ""core"", ""name"": ""Core"", ""image_url"": null}]","[{""id"": ""machine"", ""name"": ""Maquina"", ""icon_url"": null}]"
ex-0149,aduccion-de-cadera-en-maquina-fuerza,Aduccion de cadera en maquina - Fuerza,,image,"{""Aduccion de cadera en maquina"",""Aduccion de cadera en maquina variante"",""Aduccion de cadera en maquina fuerza""}","{""Posicion inicial para aduccion de cadera en maquina: apoya hombros y pies firmes, activa gluteos y abdomen antes de cada repeticion."",""Movimiento: eleva cadera apretando gluteos en la parte alta y desciende con control sin perder tension."",""Variante fuerza: elige una carga desafiante y ejecuta repeticiones tecnicamente limpias."",""Respira con control, evita dolor articular y completa 3 a 4 series con tecnica limpia.""}","[{""id"": ""adductors"", ""name"": ""Aductores"", ""image_url"": null}, {""id"": ""core"", ""name"": ""Core"", ""image_url"": null}]","[{""id"": ""machine"", ""name"": ""Maquina"", ""icon_url"": null}]"
ex-0150,aduccion-de-cadera-en-maquina-resistencia,Aduccion de cadera en maquina - Resistencia,,image,"{""Aduccion de cadera en maquina"",""Aduccion de cadera en maquina variante"",""Aduccion de cadera en maquina resistencia""}","{""Posicion inicial para aduccion de cadera en maquina: apoya hombros y pies firmes, activa gluteos y abdomen antes de cada repeticion."",""Movimiento: eleva cadera apretando gluteos en la parte alta y desciende con control sin perder tension."",""Variante resistencia: usa carga moderada y acumula mas repeticiones con ritmo constante."",""Respira con control, evita dolor articular y completa 3 a 4 series con tecnica limpia.""}","[{""id"": ""adductors"", ""name"": ""Aductores"", ""image_url"": null}, {""id"": ""core"", ""name"": ""Core"", ""image_url"": null}]","[{""id"": ""machine"", ""name"": ""Maquina"", ""icon_url"": null}]"
ex-0151,aduccion-de-cadera-en-maquina-rango-completo,Aduccion de cadera en maquina - Rango completo,,image,"{""Aduccion de cadera en maquina"",""Aduccion de cadera en maquina variante"",""Aduccion de cadera en maquina rango completo""}","{""Posicion inicial para aduccion de cadera en maquina: apoya hombros y pies firmes, activa gluteos y abdomen antes de cada repeticion."",""Movimiento: eleva cadera apretando gluteos en la parte alta y desciende con control sin perder tension."",""Variante rango completo: busca el mayor rango de movimiento seguro en cada repeticion."",""Respira con control, evita dolor articular y completa 3 a 4 series con tecnica limpia.""}","[{""id"": ""adductors"", ""name"": ""Aductores"", ""image_url"": null}, {""id"": ""core"", ""name"": ""Core"", ""image_url"": null}]","[{""id"": ""machine"", ""name"": ""Maquina"", ""icon_url"": null}]"
ex-0152,aduccion-de-cadera-en-maquina-circuito-metabolico,Aduccion de cadera en maquina - Circuito metabolico,,image,"{""Aduccion de cadera en maquina"",""Aduccion de cadera en maquina variante"",""Aduccion de cadera en maquina circuito metabolico""}","{""Posicion inicial para aduccion de cadera en maquina: apoya hombros y pies firmes, activa gluteos y abdomen antes de cada repeticion."",""Movimiento: eleva cadera apretando gluteos en la parte alta y desciende con control sin perder tension."",""Variante circuito metabolico: manten descansos cortos para elevar demanda cardiovascular."",""Respira con control, evita dolor articular y completa 3 a 4 series con tecnica limpia.""}","[{""id"": ""adductors"", ""name"": ""Aductores"", ""image_url"": null}, {""id"": ""core"", ""name"": ""Core"", ""image_url"": null}]","[{""id"": ""machine"", ""name"": ""Maquina"", ""icon_url"": null}]"
ex-0153,patada-de-gluteo-en-polea-tecnica-base,Patada de gluteo en polea - Tecnica base,,image,"{""Patada de gluteo en polea"",""Patada de gluteo en polea variante"",""Patada de gluteo en polea tecnica base""}","{""Posicion inicial para patada de gluteo en polea: apoya hombros y pies firmes, activa gluteos y abdomen antes de cada repeticion."",""Movimiento: eleva cadera apretando gluteos en la parte alta y desciende con control sin perder tension."",""Variante tecnica base: prioriza alineacion de rodillas, cadera y columna en cada repeticion."",""Respira con control, evita dolor articular y completa 3 a 4 series con tecnica limpia.""}","[{""id"": ""glutes"", ""name"": ""Gluteos"", ""image_url"": null}, {""id"": ""hamstrings"", ""name"": ""Isquiotibiales"", ""image_url"": null}]","[{""id"": ""cable"", ""name"": ""Polea"", ""icon_url"": null}]"
ex-0154,patada-de-gluteo-en-polea-tempo-controlado,Patada de gluteo en polea - Tempo controlado,,image,"{""Patada de gluteo en polea"",""Patada de gluteo en polea variante"",""Patada de gluteo en polea tempo controlado""}","{""Posicion inicial para patada de gluteo en polea: apoya hombros y pies firmes, activa gluteos y abdomen antes de cada repeticion."",""Movimiento: eleva cadera apretando gluteos en la parte alta y desciende con control sin perder tension."",""Variante tempo controlado: usa 3 segundos en la fase de descenso y 1 segundo en la fase de subida."",""Respira con control, evita dolor articular y completa 3 a 4 series con tecnica limpia.""}","[{""id"": ""glutes"", ""name"": ""Gluteos"", ""image_url"": null}, {""id"": ""hamstrings"", ""name"": ""Isquiotibiales"", ""image_url"": null}]","[{""id"": ""cable"", ""name"": ""Polea"", ""icon_url"": null}]"
ex-0155,patada-de-gluteo-en-polea-pausa-isometrica,Patada de gluteo en polea - Pausa isometrica,,image,"{""Patada de gluteo en polea"",""Patada de gluteo en polea variante"",""Patada de gluteo en polea pausa isometrica""}","{""Posicion inicial para patada de gluteo en polea: apoya hombros y pies firmes, activa gluteos y abdomen antes de cada repeticion."",""Movimiento: eleva cadera apretando gluteos en la parte alta y desciende con control sin perder tension."",""Variante pausa isometrica: agrega una pausa de 2 segundos en el punto de mayor tension."",""Respira con control, evita dolor articular y completa 3 a 4 series con tecnica limpia.""}","[{""id"": ""glutes"", ""name"": ""Gluteos"", ""image_url"": null}, {""id"": ""hamstrings"", ""name"": ""Isquiotibiales"", ""image_url"": null}]","[{""id"": ""cable"", ""name"": ""Polea"", ""icon_url"": null}]"
ex-0156,patada-de-gluteo-en-polea-unilateral-alternada,Patada de gluteo en polea - Unilateral alternada,,image,"{""Patada de gluteo en polea"",""Patada de gluteo en polea variante"",""Patada de gluteo en polea unilateral alternada""}","{""Posicion inicial para patada de gluteo en polea: apoya hombros y pies firmes, activa gluteos y abdomen antes de cada repeticion."",""Movimiento: eleva cadera apretando gluteos en la parte alta y desciende con control sin perder tension."",""Variante unilateral alternada: trabaja un lado por vez y alterna sin perder estabilidad."",""Respira con control, evita dolor articular y completa 3 a 4 series con tecnica limpia.""}","[{""id"": ""glutes"", ""name"": ""Gluteos"", ""image_url"": null}, {""id"": ""hamstrings"", ""name"": ""Isquiotibiales"", ""image_url"": null}]","[{""id"": ""cable"", ""name"": ""Polea"", ""icon_url"": null}]"
ex-0157,patada-de-gluteo-en-polea-fuerza,Patada de gluteo en polea - Fuerza,,image,"{""Patada de gluteo en polea"",""Patada de gluteo en polea variante"",""Patada de gluteo en polea fuerza""}","{""Posicion inicial para patada de gluteo en polea: apoya hombros y pies firmes, activa gluteos y abdomen antes de cada repeticion."",""Movimiento: eleva cadera apretando gluteos en la parte alta y desciende con control sin perder tension."",""Variante fuerza: elige una carga desafiante y ejecuta repeticiones tecnicamente limpias."",""Respira con control, evita dolor articular y completa 3 a 4 series con tecnica limpia.""}","[{""id"": ""glutes"", ""name"": ""Gluteos"", ""image_url"": null}, {""id"": ""hamstrings"", ""name"": ""Isquiotibiales"", ""image_url"": null}]","[{""id"": ""cable"", ""name"": ""Polea"", ""icon_url"": null}]"
ex-0158,patada-de-gluteo-en-polea-resistencia,Patada de gluteo en polea - Resistencia,,image,"{""Patada de gluteo en polea"",""Patada de gluteo en polea variante"",""Patada de gluteo en polea resistencia""}","{""Posicion inicial para patada de gluteo en polea: apoya hombros y pies firmes, activa gluteos y abdomen antes de cada repeticion."",""Movimiento: eleva cadera apretando gluteos en la parte alta y desciende con control sin perder tension."",""Variante resistencia: usa carga moderada y acumula mas repeticiones con ritmo constante."",""Respira con control, evita dolor articular y completa 3 a 4 series con tecnica limpia.""}","[{""id"": ""glutes"", ""name"": ""Gluteos"", ""image_url"": null}, {""id"": ""hamstrings"", ""name"": ""Isquiotibiales"", ""image_url"": null}]","[{""id"": ""cable"", ""name"": ""Polea"", ""icon_url"": null}]"
ex-0159,patada-de-gluteo-en-polea-rango-completo,Patada de gluteo en polea - Rango completo,,image,"{""Patada de gluteo en polea"",""Patada de gluteo en polea variante"",""Patada de gluteo en polea rango completo""}","{""Posicion inicial para patada de gluteo en polea: apoya hombros y pies firmes, activa gluteos y abdomen antes de cada repeticion."",""Movimiento: eleva cadera apretando gluteos en la parte alta y desciende con control sin perder tension."",""Variante rango completo: busca el mayor rango de movimiento seguro en cada repeticion."",""Respira con control, evita dolor articular y completa 3 a 4 series con tecnica limpia.""}","[{""id"": ""glutes"", ""name"": ""Gluteos"", ""image_url"": null}, {""id"": ""hamstrings"", ""name"": ""Isquiotibiales"", ""image_url"": null}]","[{""id"": ""cable"", ""name"": ""Polea"", ""icon_url"": null}]"
ex-0160,patada-de-gluteo-en-polea-circuito-metabolico,Patada de gluteo en polea - Circuito metabolico,,image,"{""Patada de gluteo en polea"",""Patada de gluteo en polea variante"",""Patada de gluteo en polea circuito metabolico""}","{""Posicion inicial para patada de gluteo en polea: apoya hombros y pies firmes, activa gluteos y abdomen antes de cada repeticion."",""Movimiento: eleva cadera apretando gluteos en la parte alta y desciende con control sin perder tension."",""Variante circuito metabolico: manten descansos cortos para elevar demanda cardiovascular."",""Respira con control, evita dolor articular y completa 3 a 4 series con tecnica limpia.""}","[{""id"": ""glutes"", ""name"": ""Gluteos"", ""image_url"": null}, {""id"": ""hamstrings"", ""name"": ""Isquiotibiales"", ""image_url"": null}]","[{""id"": ""cable"", ""name"": ""Polea"", ""icon_url"": null}]"
ex-0161,curl-femoral-en-maquina-tecnica-base,Curl femoral en maquina - Tecnica base,,image,"{""Curl femoral en maquina"",""Curl femoral en maquina variante"",""Curl femoral en maquina tecnica base""}","{""Posicion inicial para curl femoral en maquina: coloca pies al ancho de caderas, lleva la cadera hacia atras y manten columna neutral."",""Movimiento: lleva la cadera atras manteniendo espalda neutral y extiende cadera para finalizar el movimiento."",""Variante tecnica base: prioriza alineacion de rodillas, cadera y columna en cada repeticion."",""Respira con control, evita dolor articular y completa 3 a 4 series con tecnica limpia.""}","[{""id"": ""hamstrings"", ""name"": ""Isquiotibiales"", ""image_url"": null}, {""id"": ""calves"", ""name"": ""Pantorrillas"", ""image_url"": null}]","[{""id"": ""machine"", ""name"": ""Maquina"", ""icon_url"": null}]"
ex-0162,curl-femoral-en-maquina-tempo-controlado,Curl femoral en maquina - Tempo controlado,,image,"{""Curl femoral en maquina"",""Curl femoral en maquina variante"",""Curl femoral en maquina tempo controlado""}","{""Posicion inicial para curl femoral en maquina: coloca pies al ancho de caderas, lleva la cadera hacia atras y manten columna neutral."",""Movimiento: lleva la cadera atras manteniendo espalda neutral y extiende cadera para finalizar el movimiento."",""Variante tempo controlado: usa 3 segundos en la fase de descenso y 1 segundo en la fase de subida."",""Respira con control, evita dolor articular y completa 3 a 4 series con tecnica limpia.""}","[{""id"": ""hamstrings"", ""name"": ""Isquiotibiales"", ""image_url"": null}, {""id"": ""calves"", ""name"": ""Pantorrillas"", ""image_url"": null}]","[{""id"": ""machine"", ""name"": ""Maquina"", ""icon_url"": null}]"
ex-0163,curl-femoral-en-maquina-pausa-isometrica,Curl femoral en maquina - Pausa isometrica,,image,"{""Curl femoral en maquina"",""Curl femoral en maquina variante"",""Curl femoral en maquina pausa isometrica""}","{""Posicion inicial para curl femoral en maquina: coloca pies al ancho de caderas, lleva la cadera hacia atras y manten columna neutral."",""Movimiento: lleva la cadera atras manteniendo espalda neutral y extiende cadera para finalizar el movimiento."",""Variante pausa isometrica: agrega una pausa de 2 segundos en el punto de mayor tension."",""Respira con control, evita dolor articular y completa 3 a 4 series con tecnica limpia.""}","[{""id"": ""hamstrings"", ""name"": ""Isquiotibiales"", ""image_url"": null}, {""id"": ""calves"", ""name"": ""Pantorrillas"", ""image_url"": null}]","[{""id"": ""machine"", ""name"": ""Maquina"", ""icon_url"": null}]"
ex-0164,curl-femoral-en-maquina-unilateral-alternada,Curl femoral en maquina - Unilateral alternada,,image,"{""Curl femoral en maquina"",""Curl femoral en maquina variante"",""Curl femoral en maquina unilateral alternada""}","{""Posicion inicial para curl femoral en maquina: coloca pies al ancho de caderas, lleva la cadera hacia atras y manten columna neutral."",""Movimiento: lleva la cadera atras manteniendo espalda neutral y extiende cadera para finalizar el movimiento."",""Variante unilateral alternada: trabaja un lado por vez y alterna sin perder estabilidad."",""Respira con control, evita dolor articular y completa 3 a 4 series con tecnica limpia.""}","[{""id"": ""hamstrings"", ""name"": ""Isquiotibiales"", ""image_url"": null}, {""id"": ""calves"", ""name"": ""Pantorrillas"", ""image_url"": null}]","[{""id"": ""machine"", ""name"": ""Maquina"", ""icon_url"": null}]"
ex-0165,curl-femoral-en-maquina-fuerza,Curl femoral en maquina - Fuerza,,image,"{""Curl femoral en maquina"",""Curl femoral en maquina variante"",""Curl femoral en maquina fuerza""}","{""Posicion inicial para curl femoral en maquina: coloca pies al ancho de caderas, lleva la cadera hacia atras y manten columna neutral."",""Movimiento: lleva la cadera atras manteniendo espalda neutral y extiende cadera para finalizar el movimiento."",""Variante fuerza: elige una carga desafiante y ejecuta repeticiones tecnicamente limpias."",""Respira con control, evita dolor articular y completa 3 a 4 series con tecnica limpia.""}","[{""id"": ""hamstrings"", ""name"": ""Isquiotibiales"", ""image_url"": null}, {""id"": ""calves"", ""name"": ""Pantorrillas"", ""image_url"": null}]","[{""id"": ""machine"", ""name"": ""Maquina"", ""icon_url"": null}]"
ex-0166,curl-femoral-en-maquina-resistencia,Curl femoral en maquina - Resistencia,,image,"{""Curl femoral en maquina"",""Curl femoral en maquina variante"",""Curl femoral en maquina resistencia""}","{""Posicion inicial para curl femoral en maquina: coloca pies al ancho de caderas, lleva la cadera hacia atras y manten columna neutral."",""Movimiento: lleva la cadera atras manteniendo espalda neutral y extiende cadera para finalizar el movimiento."",""Variante resistencia: usa carga moderada y acumula mas repeticiones con ritmo constante."",""Respira con control, evita dolor articular y completa 3 a 4 series con tecnica limpia.""}","[{""id"": ""hamstrings"", ""name"": ""Isquiotibiales"", ""image_url"": null}, {""id"": ""calves"", ""name"": ""Pantorrillas"", ""image_url"": null}]","[{""id"": ""machine"", ""name"": ""Maquina"", ""icon_url"": null}]"
ex-0167,curl-femoral-en-maquina-rango-completo,Curl femoral en maquina - Rango completo,,image,"{""Curl femoral en maquina"",""Curl femoral en maquina variante"",""Curl femoral en maquina rango completo""}","{""Posicion inicial para curl femoral en maquina: coloca pies al ancho de caderas, lleva la cadera hacia atras y manten columna neutral."",""Movimiento: lleva la cadera atras manteniendo espalda neutral y extiende cadera para finalizar el movimiento."",""Variante rango completo: busca el mayor rango de movimiento seguro en cada repeticion."",""Respira con control, evita dolor articular y completa 3 a 4 series con tecnica limpia.""}","[{""id"": ""hamstrings"", ""name"": ""Isquiotibiales"", ""image_url"": null}, {""id"": ""calves"", ""name"": ""Pantorrillas"", ""image_url"": null}]","[{""id"": ""machine"", ""name"": ""Maquina"", ""icon_url"": null}]"
ex-0168,curl-femoral-en-maquina-circuito-metabolico,Curl femoral en maquina - Circuito metabolico,,image,"{""Curl femoral en maquina"",""Curl femoral en maquina variante"",""Curl femoral en maquina circuito metabolico""}","{""Posicion inicial para curl femoral en maquina: coloca pies al ancho de caderas, lleva la cadera hacia atras y manten columna neutral."",""Movimiento: lleva la cadera atras manteniendo espalda neutral y extiende cadera para finalizar el movimiento."",""Variante circuito metabolico: manten descansos cortos para elevar demanda cardiovascular."",""Respira con control, evita dolor articular y completa 3 a 4 series con tecnica limpia.""}","[{""id"": ""hamstrings"", ""name"": ""Isquiotibiales"", ""image_url"": null}, {""id"": ""calves"", ""name"": ""Pantorrillas"", ""image_url"": null}]","[{""id"": ""machine"", ""name"": ""Maquina"", ""icon_url"": null}]"
ex-0169,extension-de-cuadriceps-en-maquina-tecnica-base,Extension de cuadriceps en maquina - Tecnica base,,image,"{""Extension de cuadriceps en maquina"",""Extension de cuadriceps en maquina variante"",""Extension de cuadriceps en maquina tecnica base""}","{""Posicion inicial para extension de cuadriceps en maquina: separa pies al ancho de hombros, activa abdomen y manten el pecho alto."",""Movimiento: desciende flexionando cadera y rodillas hasta profundidad segura, luego extiende piernas para volver al inicio."",""Variante tecnica base: prioriza alineacion de rodillas, cadera y columna en cada repeticion."",""Respira con control, evita dolor articular y completa 3 a 4 series con tecnica limpia.""}","[{""id"": ""quads"", ""name"": ""Cuadriceps"", ""image_url"": null}, {""id"": ""core"", ""name"": ""Core"", ""image_url"": null}]","[{""id"": ""machine"", ""name"": ""Maquina"", ""icon_url"": null}]"
ex-0170,extension-de-cuadriceps-en-maquina-tempo-controlado,Extension de cuadriceps en maquina - Tempo controlado,,image,"{""Extension de cuadriceps en maquina"",""Extension de cuadriceps en maquina variante"",""Extension de cuadriceps en maquina tempo controlado""}","{""Posicion inicial para extension de cuadriceps en maquina: separa pies al ancho de hombros, activa abdomen y manten el pecho alto."",""Movimiento: desciende flexionando cadera y rodillas hasta profundidad segura, luego extiende piernas para volver al inicio."",""Variante tempo controlado: usa 3 segundos en la fase de descenso y 1 segundo en la fase de subida."",""Respira con control, evita dolor articular y completa 3 a 4 series con tecnica limpia.""}","[{""id"": ""quads"", ""name"": ""Cuadriceps"", ""image_url"": null}, {""id"": ""core"", ""name"": ""Core"", ""image_url"": null}]","[{""id"": ""machine"", ""name"": ""Maquina"", ""icon_url"": null}]"
ex-0171,extension-de-cuadriceps-en-maquina-pausa-isometrica,Extension de cuadriceps en maquina - Pausa isometrica,,image,"{""Extension de cuadriceps en maquina"",""Extension de cuadriceps en maquina variante"",""Extension de cuadriceps en maquina pausa isometrica""}","{""Posicion inicial para extension de cuadriceps en maquina: separa pies al ancho de hombros, activa abdomen y manten el pecho alto."",""Movimiento: desciende flexionando cadera y rodillas hasta profundidad segura, luego extiende piernas para volver al inicio."",""Variante pausa isometrica: agrega una pausa de 2 segundos en el punto de mayor tension."",""Respira con control, evita dolor articular y completa 3 a 4 series con tecnica limpia.""}","[{""id"": ""quads"", ""name"": ""Cuadriceps"", ""image_url"": null}, {""id"": ""core"", ""name"": ""Core"", ""image_url"": null}]","[{""id"": ""machine"", ""name"": ""Maquina"", ""icon_url"": null}]"
ex-0172,extension-de-cuadriceps-en-maquina-unilateral-alternada,Extension de cuadriceps en maquina - Unilateral alternada,,image,"{""Extension de cuadriceps en maquina"",""Extension de cuadriceps en maquina variante"",""Extension de cuadriceps en maquina unilateral alternada""}","{""Posicion inicial para extension de cuadriceps en maquina: separa pies al ancho de hombros, activa abdomen y manten el pecho alto."",""Movimiento: desciende flexionando cadera y rodillas hasta profundidad segura, luego extiende piernas para volver al inicio."",""Variante unilateral alternada: trabaja un lado por vez y alterna sin perder estabilidad."",""Respira con control, evita dolor articular y completa 3 a 4 series con tecnica limpia.""}","[{""id"": ""quads"", ""name"": ""Cuadriceps"", ""image_url"": null}, {""id"": ""core"", ""name"": ""Core"", ""image_url"": null}]","[{""id"": ""machine"", ""name"": ""Maquina"", ""icon_url"": null}]"
ex-0173,extension-de-cuadriceps-en-maquina-fuerza,Extension de cuadriceps en maquina - Fuerza,,image,"{""Extension de cuadriceps en maquina"",""Extension de cuadriceps en maquina variante"",""Extension de cuadriceps en maquina fuerza""}","{""Posicion inicial para extension de cuadriceps en maquina: separa pies al ancho de hombros, activa abdomen y manten el pecho alto."",""Movimiento: desciende flexionando cadera y rodillas hasta profundidad segura, luego extiende piernas para volver al inicio."",""Variante fuerza: elige una carga desafiante y ejecuta repeticiones tecnicamente limpias."",""Respira con control, evita dolor articular y completa 3 a 4 series con tecnica limpia.""}","[{""id"": ""quads"", ""name"": ""Cuadriceps"", ""image_url"": null}, {""id"": ""core"", ""name"": ""Core"", ""image_url"": null}]","[{""id"": ""machine"", ""name"": ""Maquina"", ""icon_url"": null}]"
ex-0174,extension-de-cuadriceps-en-maquina-resistencia,Extension de cuadriceps en maquina - Resistencia,,image,"{""Extension de cuadriceps en maquina"",""Extension de cuadriceps en maquina variante"",""Extension de cuadriceps en maquina resistencia""}","{""Posicion inicial para extension de cuadriceps en maquina: separa pies al ancho de hombros, activa abdomen y manten el pecho alto."",""Movimiento: desciende flexionando cadera y rodillas hasta profundidad segura, luego extiende piernas para volver al inicio."",""Variante resistencia: usa carga moderada y acumula mas repeticiones con ritmo constante."",""Respira con control, evita dolor articular y completa 3 a 4 series con tecnica limpia.""}","[{""id"": ""quads"", ""name"": ""Cuadriceps"", ""image_url"": null}, {""id"": ""core"", ""name"": ""Core"", ""image_url"": null}]","[{""id"": ""machine"", ""name"": ""Maquina"", ""icon_url"": null}]"
ex-0175,extension-de-cuadriceps-en-maquina-rango-completo,Extension de cuadriceps en maquina - Rango completo,,image,"{""Extension de cuadriceps en maquina"",""Extension de cuadriceps en maquina variante"",""Extension de cuadriceps en maquina rango completo""}","{""Posicion inicial para extension de cuadriceps en maquina: separa pies al ancho de hombros, activa abdomen y manten el pecho alto."",""Movimiento: desciende flexionando cadera y rodillas hasta profundidad segura, luego extiende piernas para volver al inicio."",""Variante rango completo: busca el mayor rango de movimiento seguro en cada repeticion."",""Respira con control, evita dolor articular y completa 3 a 4 series con tecnica limpia.""}","[{""id"": ""quads"", ""name"": ""Cuadriceps"", ""image_url"": null}, {""id"": ""core"", ""name"": ""Core"", ""image_url"": null}]","[{""id"": ""machine"", ""name"": ""Maquina"", ""icon_url"": null}]"
ex-0176,extension-de-cuadriceps-en-maquina-circuito-metabolico,Extension de cuadriceps en maquina - Circuito metabolico,,image,"{""Extension de cuadriceps en maquina"",""Extension de cuadriceps en maquina variante"",""Extension de cuadriceps en maquina circuito metabolico""}","{""Posicion inicial para extension de cuadriceps en maquina: separa pies al ancho de hombros, activa abdomen y manten el pecho alto."",""Movimiento: desciende flexionando cadera y rodillas hasta profundidad segura, luego extiende piernas para volver al inicio."",""Variante circuito metabolico: manten descansos cortos para elevar demanda cardiovascular."",""Respira con control, evita dolor articular y completa 3 a 4 series con tecnica limpia.""}","[{""id"": ""quads"", ""name"": ""Cuadriceps"", ""image_url"": null}, {""id"": ""core"", ""name"": ""Core"", ""image_url"": null}]","[{""id"": ""machine"", ""name"": ""Maquina"", ""icon_url"": null}]"
ex-0177,elevacion-de-talones-de-pie-tecnica-base,Elevacion de talones de pie - Tecnica base,,image,"{""Elevacion de talones de pie"",""Elevacion de talones de pie variante"",""Elevacion de talones de pie tecnica base""}","{""Posicion inicial para elevacion de talones de pie: apoya metatarsos en una base estable y manten tobillos alineados."",""Movimiento: eleva talones al maximo rango, pausa arriba y desciende lento para controlar el tobillo."",""Variante tecnica base: prioriza alineacion de rodillas, cadera y columna en cada repeticion."",""Respira con control, evita dolor articular y completa 3 a 4 series con tecnica limpia.""}","[{""id"": ""calves"", ""name"": ""Pantorrillas"", ""image_url"": null}, {""id"": ""foot"", ""name"": ""Pie"", ""image_url"": null}]","[{""id"": ""machine"", ""name"": ""Maquina"", ""icon_url"": null}]"
ex-0178,elevacion-de-talones-de-pie-tempo-controlado,Elevacion de talones de pie - Tempo controlado,,image,"{""Elevacion de talones de pie"",""Elevacion de talones de pie variante"",""Elevacion de talones de pie tempo controlado""}","{""Posicion inicial para elevacion de talones de pie: apoya metatarsos en una base estable y manten tobillos alineados."",""Movimiento: eleva talones al maximo rango, pausa arriba y desciende lento para controlar el tobillo."",""Variante tempo controlado: usa 3 segundos en la fase de descenso y 1 segundo en la fase de subida."",""Respira con control, evita dolor articular y completa 3 a 4 series con tecnica limpia.""}","[{""id"": ""calves"", ""name"": ""Pantorrillas"", ""image_url"": null}, {""id"": ""foot"", ""name"": ""Pie"", ""image_url"": null}]","[{""id"": ""machine"", ""name"": ""Maquina"", ""icon_url"": null}]"
ex-0179,elevacion-de-talones-de-pie-pausa-isometrica,Elevacion de talones de pie - Pausa isometrica,,image,"{""Elevacion de talones de pie"",""Elevacion de talones de pie variante"",""Elevacion de talones de pie pausa isometrica""}","{""Posicion inicial para elevacion de talones de pie: apoya metatarsos en una base estable y manten tobillos alineados."",""Movimiento: eleva talones al maximo rango, pausa arriba y desciende lento para controlar el tobillo."",""Variante pausa isometrica: agrega una pausa de 2 segundos en el punto de mayor tension."",""Respira con control, evita dolor articular y completa 3 a 4 series con tecnica limpia.""}","[{""id"": ""calves"", ""name"": ""Pantorrillas"", ""image_url"": null}, {""id"": ""foot"", ""name"": ""Pie"", ""image_url"": null}]","[{""id"": ""machine"", ""name"": ""Maquina"", ""icon_url"": null}]"
ex-0180,elevacion-de-talones-de-pie-unilateral-alternada,Elevacion de talones de pie - Unilateral alternada,,image,"{""Elevacion de talones de pie"",""Elevacion de talones de pie variante"",""Elevacion de talones de pie unilateral alternada""}","{""Posicion inicial para elevacion de talones de pie: apoya metatarsos en una base estable y manten tobillos alineados."",""Movimiento: eleva talones al maximo rango, pausa arriba y desciende lento para controlar el tobillo."",""Variante unilateral alternada: trabaja un lado por vez y alterna sin perder estabilidad."",""Respira con control, evita dolor articular y completa 3 a 4 series con tecnica limpia.""}","[{""id"": ""calves"", ""name"": ""Pantorrillas"", ""image_url"": null}, {""id"": ""foot"", ""name"": ""Pie"", ""image_url"": null}]","[{""id"": ""machine"", ""name"": ""Maquina"", ""icon_url"": null}]"
ex-0181,elevacion-de-talones-de-pie-fuerza,Elevacion de talones de pie - Fuerza,,image,"{""Elevacion de talones de pie"",""Elevacion de talones de pie variante"",""Elevacion de talones de pie fuerza""}","{""Posicion inicial para elevacion de talones de pie: apoya metatarsos en una base estable y manten tobillos alineados."",""Movimiento: eleva talones al maximo rango, pausa arriba y desciende lento para controlar el tobillo."",""Variante fuerza: elige una carga desafiante y ejecuta repeticiones tecnicamente limpias."",""Respira con control, evita dolor articular y completa 3 a 4 series con tecnica limpia.""}","[{""id"": ""calves"", ""name"": ""Pantorrillas"", ""image_url"": null}, {""id"": ""foot"", ""name"": ""Pie"", ""image_url"": null}]","[{""id"": ""machine"", ""name"": ""Maquina"", ""icon_url"": null}]"
ex-0182,elevacion-de-talones-de-pie-resistencia,Elevacion de talones de pie - Resistencia,,image,"{""Elevacion de talones de pie"",""Elevacion de talones de pie variante"",""Elevacion de talones de pie resistencia""}","{""Posicion inicial para elevacion de talones de pie: apoya metatarsos en una base estable y manten tobillos alineados."",""Movimiento: eleva talones al maximo rango, pausa arriba y desciende lento para controlar el tobillo."",""Variante resistencia: usa carga moderada y acumula mas repeticiones con ritmo constante."",""Respira con control, evita dolor articular y completa 3 a 4 series con tecnica limpia.""}","[{""id"": ""calves"", ""name"": ""Pantorrillas"", ""image_url"": null}, {""id"": ""foot"", ""name"": ""Pie"", ""image_url"": null}]","[{""id"": ""machine"", ""name"": ""Maquina"", ""icon_url"": null}]"
ex-0183,elevacion-de-talones-de-pie-rango-completo,Elevacion de talones de pie - Rango completo,,image,"{""Elevacion de talones de pie"",""Elevacion de talones de pie variante"",""Elevacion de talones de pie rango completo""}","{""Posicion inicial para elevacion de talones de pie: apoya metatarsos en una base estable y manten tobillos alineados."",""Movimiento: eleva talones al maximo rango, pausa arriba y desciende lento para controlar el tobillo."",""Variante rango completo: busca el mayor rango de movimiento seguro en cada repeticion."",""Respira con control, evita dolor articular y completa 3 a 4 series con tecnica limpia.""}","[{""id"": ""calves"", ""name"": ""Pantorrillas"", ""image_url"": null}, {""id"": ""foot"", ""name"": ""Pie"", ""image_url"": null}]","[{""id"": ""machine"", ""name"": ""Maquina"", ""icon_url"": null}]"
ex-0184,elevacion-de-talones-de-pie-circuito-metabolico,Elevacion de talones de pie - Circuito metabolico,,image,"{""Elevacion de talones de pie"",""Elevacion de talones de pie variante"",""Elevacion de talones de pie circuito metabolico""}","{""Posicion inicial para elevacion de talones de pie: apoya metatarsos en una base estable y manten tobillos alineados."",""Movimiento: eleva talones al maximo rango, pausa arriba y desciende lento para controlar el tobillo."",""Variante circuito metabolico: manten descansos cortos para elevar demanda cardiovascular."",""Respira con control, evita dolor articular y completa 3 a 4 series con tecnica limpia.""}","[{""id"": ""calves"", ""name"": ""Pantorrillas"", ""image_url"": null}, {""id"": ""foot"", ""name"": ""Pie"", ""image_url"": null}]","[{""id"": ""machine"", ""name"": ""Maquina"", ""icon_url"": null}]"
ex-0185,elevacion-de-talones-sentado-tecnica-base,Elevacion de talones sentado - Tecnica base,,image,"{""Elevacion de talones sentado"",""Elevacion de talones sentado variante"",""Elevacion de talones sentado tecnica base""}","{""Posicion inicial para elevacion de talones sentado: apoya metatarsos en una base estable y manten tobillos alineados."",""Movimiento: eleva talones al maximo rango, pausa arriba y desciende lento para controlar el tobillo."",""Variante tecnica base: prioriza alineacion de rodillas, cadera y columna en cada repeticion."",""Respira con control, evita dolor articular y completa 3 a 4 series con tecnica limpia.""}","[{""id"": ""calves"", ""name"": ""Pantorrillas"", ""image_url"": null}, {""id"": ""soleus"", ""name"": ""Soleo"", ""image_url"": null}]","[{""id"": ""machine"", ""name"": ""Maquina"", ""icon_url"": null}]"
ex-0186,elevacion-de-talones-sentado-tempo-controlado,Elevacion de talones sentado - Tempo controlado,,image,"{""Elevacion de talones sentado"",""Elevacion de talones sentado variante"",""Elevacion de talones sentado tempo controlado""}","{""Posicion inicial para elevacion de talones sentado: apoya metatarsos en una base estable y manten tobillos alineados."",""Movimiento: eleva talones al maximo rango, pausa arriba y desciende lento para controlar el tobillo."",""Variante tempo controlado: usa 3 segundos en la fase de descenso y 1 segundo en la fase de subida."",""Respira con control, evita dolor articular y completa 3 a 4 series con tecnica limpia.""}","[{""id"": ""calves"", ""name"": ""Pantorrillas"", ""image_url"": null}, {""id"": ""soleus"", ""name"": ""Soleo"", ""image_url"": null}]","[{""id"": ""machine"", ""name"": ""Maquina"", ""icon_url"": null}]"
ex-0187,elevacion-de-talones-sentado-pausa-isometrica,Elevacion de talones sentado - Pausa isometrica,,image,"{""Elevacion de talones sentado"",""Elevacion de talones sentado variante"",""Elevacion de talones sentado pausa isometrica""}","{""Posicion inicial para elevacion de talones sentado: apoya metatarsos en una base estable y manten tobillos alineados."",""Movimiento: eleva talones al maximo rango, pausa arriba y desciende lento para controlar el tobillo."",""Variante pausa isometrica: agrega una pausa de 2 segundos en el punto de mayor tension."",""Respira con control, evita dolor articular y completa 3 a 4 series con tecnica limpia.""}","[{""id"": ""calves"", ""name"": ""Pantorrillas"", ""image_url"": null}, {""id"": ""soleus"", ""name"": ""Soleo"", ""image_url"": null}]","[{""id"": ""machine"", ""name"": ""Maquina"", ""icon_url"": null}]"
ex-0188,elevacion-de-talones-sentado-unilateral-alternada,Elevacion de talones sentado - Unilateral alternada,,image,"{""Elevacion de talones sentado"",""Elevacion de talones sentado variante"",""Elevacion de talones sentado unilateral alternada""}","{""Posicion inicial para elevacion de talones sentado: apoya metatarsos en una base estable y manten tobillos alineados."",""Movimiento: eleva talones al maximo rango, pausa arriba y desciende lento para controlar el tobillo."",""Variante unilateral alternada: trabaja un lado por vez y alterna sin perder estabilidad."",""Respira con control, evita dolor articular y completa 3 a 4 series con tecnica limpia.""}","[{""id"": ""calves"", ""name"": ""Pantorrillas"", ""image_url"": null}, {""id"": ""soleus"", ""name"": ""Soleo"", ""image_url"": null}]","[{""id"": ""machine"", ""name"": ""Maquina"", ""icon_url"": null}]"
ex-0189,elevacion-de-talones-sentado-fuerza,Elevacion de talones sentado - Fuerza,,image,"{""Elevacion de talones sentado"",""Elevacion de talones sentado variante"",""Elevacion de talones sentado fuerza""}","{""Posicion inicial para elevacion de talones sentado: apoya metatarsos en una base estable y manten tobillos alineados."",""Movimiento: eleva talones al maximo rango, pausa arriba y desciende lento para controlar el tobillo."",""Variante fuerza: elige una carga desafiante y ejecuta repeticiones tecnicamente limpias."",""Respira con control, evita dolor articular y completa 3 a 4 series con tecnica limpia.""}","[{""id"": ""calves"", ""name"": ""Pantorrillas"", ""image_url"": null}, {""id"": ""soleus"", ""name"": ""Soleo"", ""image_url"": null}]","[{""id"": ""machine"", ""name"": ""Maquina"", ""icon_url"": null}]"
ex-0190,elevacion-de-talones-sentado-resistencia,Elevacion de talones sentado - Resistencia,,image,"{""Elevacion de talones sentado"",""Elevacion de talones sentado variante"",""Elevacion de talones sentado resistencia""}","{""Posicion inicial para elevacion de talones sentado: apoya metatarsos en una base estable y manten tobillos alineados."",""Movimiento: eleva talones al maximo rango, pausa arriba y desciende lento para controlar el tobillo."",""Variante resistencia: usa carga moderada y acumula mas repeticiones con ritmo constante."",""Respira con control, evita dolor articular y completa 3 a 4 series con tecnica limpia.""}","[{""id"": ""calves"", ""name"": ""Pantorrillas"", ""image_url"": null}, {""id"": ""soleus"", ""name"": ""Soleo"", ""image_url"": null}]","[{""id"": ""machine"", ""name"": ""Maquina"", ""icon_url"": null}]"
ex-0191,elevacion-de-talones-sentado-rango-completo,Elevacion de talones sentado - Rango completo,,image,"{""Elevacion de talones sentado"",""Elevacion de talones sentado variante"",""Elevacion de talones sentado rango completo""}","{""Posicion inicial para elevacion de talones sentado: apoya metatarsos en una base estable y manten tobillos alineados."",""Movimiento: eleva talones al maximo rango, pausa arriba y desciende lento para controlar el tobillo."",""Variante rango completo: busca el mayor rango de movimiento seguro en cada repeticion."",""Respira con control, evita dolor articular y completa 3 a 4 series con tecnica limpia.""}","[{""id"": ""calves"", ""name"": ""Pantorrillas"", ""image_url"": null}, {""id"": ""soleus"", ""name"": ""Soleo"", ""image_url"": null}]","[{""id"": ""machine"", ""name"": ""Maquina"", ""icon_url"": null}]"
ex-0192,elevacion-de-talones-sentado-circuito-metabolico,Elevacion de talones sentado - Circuito metabolico,,image,"{""Elevacion de talones sentado"",""Elevacion de talones sentado variante"",""Elevacion de talones sentado circuito metabolico""}","{""Posicion inicial para elevacion de talones sentado: apoya metatarsos en una base estable y manten tobillos alineados."",""Movimiento: eleva talones al maximo rango, pausa arriba y desciende lento para controlar el tobillo."",""Variante circuito metabolico: manten descansos cortos para elevar demanda cardiovascular."",""Respira con control, evita dolor articular y completa 3 a 4 series con tecnica limpia.""}","[{""id"": ""calves"", ""name"": ""Pantorrillas"", ""image_url"": null}, {""id"": ""soleus"", ""name"": ""Soleo"", ""image_url"": null}]","[{""id"": ""machine"", ""name"": ""Maquina"", ""icon_url"": null}]"
ex-0193,press-de-banca-plano-con-barra-tecnica-base,Press de banca plano con barra - Tecnica base,,image,"{""Press de banca plano con barra"",""Press de banca plano con barra variante"",""Press de banca plano con barra tecnica base""}","{""Posicion inicial para press de banca plano con barra: retrae escapulas, activa abdomen y coloca agarre estable a la altura del pecho."",""Movimiento: empuja el implemento alejandolo del torso, bloquea sin hiperextender codos y regresa con control."",""Variante tecnica base: prioriza alineacion de rodillas, cadera y columna en cada repeticion."",""Respira con control, evita dolor articular y completa 3 a 4 series con tecnica limpia.""}","[{""id"": ""chest"", ""name"": ""Pectoral"", ""image_url"": null}, {""id"": ""triceps"", ""name"": ""Triceps"", ""image_url"": null}]","[{""id"": ""barbell"", ""name"": ""Barra"", ""icon_url"": null}, {""id"": ""bench"", ""name"": ""Banco"", ""icon_url"": null}]"
ex-0194,press-de-banca-plano-con-barra-tempo-controlado,Press de banca plano con barra - Tempo controlado,,image,"{""Press de banca plano con barra"",""Press de banca plano con barra variante"",""Press de banca plano con barra tempo controlado""}","{""Posicion inicial para press de banca plano con barra: retrae escapulas, activa abdomen y coloca agarre estable a la altura del pecho."",""Movimiento: empuja el implemento alejandolo del torso, bloquea sin hiperextender codos y regresa con control."",""Variante tempo controlado: usa 3 segundos en la fase de descenso y 1 segundo en la fase de subida."",""Respira con control, evita dolor articular y completa 3 a 4 series con tecnica limpia.""}","[{""id"": ""chest"", ""name"": ""Pectoral"", ""image_url"": null}, {""id"": ""triceps"", ""name"": ""Triceps"", ""image_url"": null}]","[{""id"": ""barbell"", ""name"": ""Barra"", ""icon_url"": null}, {""id"": ""bench"", ""name"": ""Banco"", ""icon_url"": null}]"
ex-0195,press-de-banca-plano-con-barra-pausa-isometrica,Press de banca plano con barra - Pausa isometrica,,image,"{""Press de banca plano con barra"",""Press de banca plano con barra variante"",""Press de banca plano con barra pausa isometrica""}","{""Posicion inicial para press de banca plano con barra: retrae escapulas, activa abdomen y coloca agarre estable a la altura del pecho."",""Movimiento: empuja el implemento alejandolo del torso, bloquea sin hiperextender codos y regresa con control."",""Variante pausa isometrica: agrega una pausa de 2 segundos en el punto de mayor tension."",""Respira con control, evita dolor articular y completa 3 a 4 series con tecnica limpia.""}","[{""id"": ""chest"", ""name"": ""Pectoral"", ""image_url"": null}, {""id"": ""triceps"", ""name"": ""Triceps"", ""image_url"": null}]","[{""id"": ""barbell"", ""name"": ""Barra"", ""icon_url"": null}, {""id"": ""bench"", ""name"": ""Banco"", ""icon_url"": null}]"
ex-0196,press-de-banca-plano-con-barra-unilateral-alternada,Press de banca plano con barra - Unilateral alternada,,image,"{""Press de banca plano con barra"",""Press de banca plano con barra variante"",""Press de banca plano con barra unilateral alternada""}","{""Posicion inicial para press de banca plano con barra: retrae escapulas, activa abdomen y coloca agarre estable a la altura del pecho."",""Movimiento: empuja el implemento alejandolo del torso, bloquea sin hiperextender codos y regresa con control."",""Variante unilateral alternada: trabaja un lado por vez y alterna sin perder estabilidad."",""Respira con control, evita dolor articular y completa 3 a 4 series con tecnica limpia.""}","[{""id"": ""chest"", ""name"": ""Pectoral"", ""image_url"": null}, {""id"": ""triceps"", ""name"": ""Triceps"", ""image_url"": null}]","[{""id"": ""barbell"", ""name"": ""Barra"", ""icon_url"": null}, {""id"": ""bench"", ""name"": ""Banco"", ""icon_url"": null}]"
ex-0197,press-de-banca-plano-con-barra-fuerza,Press de banca plano con barra - Fuerza,,image,"{""Press de banca plano con barra"",""Press de banca plano con barra variante"",""Press de banca plano con barra fuerza""}","{""Posicion inicial para press de banca plano con barra: retrae escapulas, activa abdomen y coloca agarre estable a la altura del pecho."",""Movimiento: empuja el implemento alejandolo del torso, bloquea sin hiperextender codos y regresa con control."",""Variante fuerza: elige una carga desafiante y ejecuta repeticiones tecnicamente limpias."",""Respira con control, evita dolor articular y completa 3 a 4 series con tecnica limpia.""}","[{""id"": ""chest"", ""name"": ""Pectoral"", ""image_url"": null}, {""id"": ""triceps"", ""name"": ""Triceps"", ""image_url"": null}]","[{""id"": ""barbell"", ""name"": ""Barra"", ""icon_url"": null}, {""id"": ""bench"", ""name"": ""Banco"", ""icon_url"": null}]"
ex-0198,press-de-banca-plano-con-barra-resistencia,Press de banca plano con barra - Resistencia,,image,"{""Press de banca plano con barra"",""Press de banca plano con barra variante"",""Press de banca plano con barra resistencia""}","{""Posicion inicial para press de banca plano con barra: retrae escapulas, activa abdomen y coloca agarre estable a la altura del pecho."",""Movimiento: empuja el implemento alejandolo del torso, bloquea sin hiperextender codos y regresa con control."",""Variante resistencia: usa carga moderada y acumula mas repeticiones con ritmo constante."",""Respira con control, evita dolor articular y completa 3 a 4 series con tecnica limpia.""}","[{""id"": ""chest"", ""name"": ""Pectoral"", ""image_url"": null}, {""id"": ""triceps"", ""name"": ""Triceps"", ""image_url"": null}]","[{""id"": ""barbell"", ""name"": ""Barra"", ""icon_url"": null}, {""id"": ""bench"", ""name"": ""Banco"", ""icon_url"": null}]"
ex-0199,press-de-banca-plano-con-barra-rango-completo,Press de banca plano con barra - Rango completo,,image,"{""Press de banca plano con barra"",""Press de banca plano con barra variante"",""Press de banca plano con barra rango completo""}","{""Posicion inicial para press de banca plano con barra: retrae escapulas, activa abdomen y coloca agarre estable a la altura del pecho."",""Movimiento: empuja el implemento alejandolo del torso, bloquea sin hiperextender codos y regresa con control."",""Variante rango completo: busca el mayor rango de movimiento seguro en cada repeticion."",""Respira con control, evita dolor articular y completa 3 a 4 series con tecnica limpia.""}","[{""id"": ""chest"", ""name"": ""Pectoral"", ""image_url"": null}, {""id"": ""triceps"", ""name"": ""Triceps"", ""image_url"": null}]","[{""id"": ""barbell"", ""name"": ""Barra"", ""icon_url"": null}, {""id"": ""bench"", ""name"": ""Banco"", ""icon_url"": null}]"
ex-0200,press-de-banca-plano-con-barra-circuito-metabolico,Press de banca plano con barra - Circuito metabolico,,image,"{""Press de banca plano con barra"",""Press de banca plano con barra variante"",""Press de banca plano con barra circuito metabolico""}","{""Posicion inicial para press de banca plano con barra: retrae escapulas, activa abdomen y coloca agarre estable a la altura del pecho."",""Movimiento: empuja el implemento alejandolo del torso, bloquea sin hiperextender codos y regresa con control."",""Variante circuito metabolico: manten descansos cortos para elevar demanda cardiovascular."",""Respira con control, evita dolor articular y completa 3 a 4 series con tecnica limpia.""}","[{""id"": ""chest"", ""name"": ""Pectoral"", ""image_url"": null}, {""id"": ""triceps"", ""name"": ""Triceps"", ""image_url"": null}]","[{""id"": ""barbell"", ""name"": ""Barra"", ""icon_url"": null}, {""id"": ""bench"", ""name"": ""Banco"", ""icon_url"": null}]"
ex-0201,press-de-banca-inclinado-con-mancuernas-tecnica-base,Press de banca inclinado con mancuernas - Tecnica base,,image,"{""Press de banca inclinado con mancuernas"",""Press de banca inclinado con mancuernas variante"",""Press de banca inclinado con mancuernas tecnica base""}","{""Posicion inicial para press de banca inclinado con mancuernas: retrae escapulas, activa abdomen y coloca agarre estable a la altura del pecho."",""Movimiento: empuja el implemento alejandolo del torso, bloquea sin hiperextender codos y regresa con control."",""Variante tecnica base: prioriza alineacion de rodillas, cadera y columna en cada repeticion."",""Respira con control, evita dolor articular y completa 3 a 4 series con tecnica limpia.""}","[{""id"": ""chest_upper"", ""name"": ""Pectoral superior"", ""image_url"": null}, {""id"": ""shoulders"", ""name"": ""Hombros"", ""image_url"": null}]","[{""id"": ""dumbbell"", ""name"": ""Mancuernas"", ""icon_url"": null}, {""id"": ""bench"", ""name"": ""Banco"", ""icon_url"": null}]"
ex-0202,press-de-banca-inclinado-con-mancuernas-tempo-controlado,Press de banca inclinado con mancuernas - Tempo controlado,,image,"{""Press de banca inclinado con mancuernas"",""Press de banca inclinado con mancuernas variante"",""Press de banca inclinado con mancuernas tempo controlado""}","{""Posicion inicial para press de banca inclinado con mancuernas: retrae escapulas, activa abdomen y coloca agarre estable a la altura del pecho."",""Movimiento: empuja el implemento alejandolo del torso, bloquea sin hiperextender codos y regresa con control."",""Variante tempo controlado: usa 3 segundos en la fase de descenso y 1 segundo en la fase de subida."",""Respira con control, evita dolor articular y completa 3 a 4 series con tecnica limpia.""}","[{""id"": ""chest_upper"", ""name"": ""Pectoral superior"", ""image_url"": null}, {""id"": ""shoulders"", ""name"": ""Hombros"", ""image_url"": null}]","[{""id"": ""dumbbell"", ""name"": ""Mancuernas"", ""icon_url"": null}, {""id"": ""bench"", ""name"": ""Banco"", ""icon_url"": null}]"
ex-0203,press-de-banca-inclinado-con-mancuernas-pausa-isometrica,Press de banca inclinado con mancuernas - Pausa isometrica,,image,"{""Press de banca inclinado con mancuernas"",""Press de banca inclinado con mancuernas variante"",""Press de banca inclinado con mancuernas pausa isometrica""}","{""Posicion inicial para press de banca inclinado con mancuernas: retrae escapulas, activa abdomen y coloca agarre estable a la altura del pecho."",""Movimiento: empuja el implemento alejandolo del torso, bloquea sin hiperextender codos y regresa con control."",""Variante pausa isometrica: agrega una pausa de 2 segundos en el punto de mayor tension."",""Respira con control, evita dolor articular y completa 3 a 4 series con tecnica limpia.""}","[{""id"": ""chest_upper"", ""name"": ""Pectoral superior"", ""image_url"": null}, {""id"": ""shoulders"", ""name"": ""Hombros"", ""image_url"": null}]","[{""id"": ""dumbbell"", ""name"": ""Mancuernas"", ""icon_url"": null}, {""id"": ""bench"", ""name"": ""Banco"", ""icon_url"": null}]"
ex-0204,press-de-banca-inclinado-con-mancuernas-unilateral-alternada,Press de banca inclinado con mancuernas - Unilateral alternada,,image,"{""Press de banca inclinado con mancuernas"",""Press de banca inclinado con mancuernas variante"",""Press de banca inclinado con mancuernas unilateral alternada""}","{""Posicion inicial para press de banca inclinado con mancuernas: retrae escapulas, activa abdomen y coloca agarre estable a la altura del pecho."",""Movimiento: empuja el implemento alejandolo del torso, bloquea sin hiperextender codos y regresa con control."",""Variante unilateral alternada: trabaja un lado por vez y alterna sin perder estabilidad."",""Respira con control, evita dolor articular y completa 3 a 4 series con tecnica limpia.""}","[{""id"": ""chest_upper"", ""name"": ""Pectoral superior"", ""image_url"": null}, {""id"": ""shoulders"", ""name"": ""Hombros"", ""image_url"": null}]","[{""id"": ""dumbbell"", ""name"": ""Mancuernas"", ""icon_url"": null}, {""id"": ""bench"", ""name"": ""Banco"", ""icon_url"": null}]"
ex-0205,press-de-banca-inclinado-con-mancuernas-fuerza,Press de banca inclinado con mancuernas - Fuerza,,image,"{""Press de banca inclinado con mancuernas"",""Press de banca inclinado con mancuernas variante"",""Press de banca inclinado con mancuernas fuerza""}","{""Posicion inicial para press de banca inclinado con mancuernas: retrae escapulas, activa abdomen y coloca agarre estable a la altura del pecho."",""Movimiento: empuja el implemento alejandolo del torso, bloquea sin hiperextender codos y regresa con control."",""Variante fuerza: elige una carga desafiante y ejecuta repeticiones tecnicamente limpias."",""Respira con control, evita dolor articular y completa 3 a 4 series con tecnica limpia.""}","[{""id"": ""chest_upper"", ""name"": ""Pectoral superior"", ""image_url"": null}, {""id"": ""shoulders"", ""name"": ""Hombros"", ""image_url"": null}]","[{""id"": ""dumbbell"", ""name"": ""Mancuernas"", ""icon_url"": null}, {""id"": ""bench"", ""name"": ""Banco"", ""icon_url"": null}]"
ex-0206,press-de-banca-inclinado-con-mancuernas-resistencia,Press de banca inclinado con mancuernas - Resistencia,,image,"{""Press de banca inclinado con mancuernas"",""Press de banca inclinado con mancuernas variante"",""Press de banca inclinado con mancuernas resistencia""}","{""Posicion inicial para press de banca inclinado con mancuernas: retrae escapulas, activa abdomen y coloca agarre estable a la altura del pecho."",""Movimiento: empuja el implemento alejandolo del torso, bloquea sin hiperextender codos y regresa con control."",""Variante resistencia: usa carga moderada y acumula mas repeticiones con ritmo constante."",""Respira con control, evita dolor articular y completa 3 a 4 series con tecnica limpia.""}","[{""id"": ""chest_upper"", ""name"": ""Pectoral superior"", ""image_url"": null}, {""id"": ""shoulders"", ""name"": ""Hombros"", ""image_url"": null}]","[{""id"": ""dumbbell"", ""name"": ""Mancuernas"", ""icon_url"": null}, {""id"": ""bench"", ""name"": ""Banco"", ""icon_url"": null}]"
ex-0207,press-de-banca-inclinado-con-mancuernas-rango-completo,Press de banca inclinado con mancuernas - Rango completo,,image,"{""Press de banca inclinado con mancuernas"",""Press de banca inclinado con mancuernas variante"",""Press de banca inclinado con mancuernas rango completo""}","{""Posicion inicial para press de banca inclinado con mancuernas: retrae escapulas, activa abdomen y coloca agarre estable a la altura del pecho."",""Movimiento: empuja el implemento alejandolo del torso, bloquea sin hiperextender codos y regresa con control."",""Variante rango completo: busca el mayor rango de movimiento seguro en cada repeticion."",""Respira con control, evita dolor articular y completa 3 a 4 series con tecnica limpia.""}","[{""id"": ""chest_upper"", ""name"": ""Pectoral superior"", ""image_url"": null}, {""id"": ""shoulders"", ""name"": ""Hombros"", ""image_url"": null}]","[{""id"": ""dumbbell"", ""name"": ""Mancuernas"", ""icon_url"": null}, {""id"": ""bench"", ""name"": ""Banco"", ""icon_url"": null}]"
ex-0208,press-de-banca-inclinado-con-mancuernas-circuito-metabolico,Press de banca inclinado con mancuernas - Circuito metabolico,,image,"{""Press de banca inclinado con mancuernas"",""Press de banca inclinado con mancuernas variante"",""Press de banca inclinado con mancuernas circuito metabolico""}","{""Posicion inicial para press de banca inclinado con mancuernas: retrae escapulas, activa abdomen y coloca agarre estable a la altura del pecho."",""Movimiento: empuja el implemento alejandolo del torso, bloquea sin hiperextender codos y regresa con control."",""Variante circuito metabolico: manten descansos cortos para elevar demanda cardiovascular."",""Respira con control, evita dolor articular y completa 3 a 4 series con tecnica limpia.""}","[{""id"": ""chest_upper"", ""name"": ""Pectoral superior"", ""image_url"": null}, {""id"": ""shoulders"", ""name"": ""Hombros"", ""image_url"": null}]","[{""id"": ""dumbbell"", ""name"": ""Mancuernas"", ""icon_url"": null}, {""id"": ""bench"", ""name"": ""Banco"", ""icon_url"": null}]"
ex-0209,press-de-pecho-en-maquina-tecnica-base,Press de pecho en maquina - Tecnica base,,image,"{""Press de pecho en maquina"",""Press de pecho en maquina variante"",""Press de pecho en maquina tecnica base""}","{""Posicion inicial para press de pecho en maquina: retrae escapulas, activa abdomen y coloca agarre estable a la altura del pecho."",""Movimiento: empuja el implemento alejandolo del torso, bloquea sin hiperextender codos y regresa con control."",""Variante tecnica base: prioriza alineacion de rodillas, cadera y columna en cada repeticion."",""Respira con control, evita dolor articular y completa 3 a 4 series con tecnica limpia.""}","[{""id"": ""chest"", ""name"": ""Pectoral"", ""image_url"": null}, {""id"": ""triceps"", ""name"": ""Triceps"", ""image_url"": null}]","[{""id"": ""machine"", ""name"": ""Maquina"", ""icon_url"": null}]"
ex-0210,press-de-pecho-en-maquina-tempo-controlado,Press de pecho en maquina - Tempo controlado,,image,"{""Press de pecho en maquina"",""Press de pecho en maquina variante"",""Press de pecho en maquina tempo controlado""}","{""Posicion inicial para press de pecho en maquina: retrae escapulas, activa abdomen y coloca agarre estable a la altura del pecho."",""Movimiento: empuja el implemento alejandolo del torso, bloquea sin hiperextender codos y regresa con control."",""Variante tempo controlado: usa 3 segundos en la fase de descenso y 1 segundo en la fase de subida."",""Respira con control, evita dolor articular y completa 3 a 4 series con tecnica limpia.""}","[{""id"": ""chest"", ""name"": ""Pectoral"", ""image_url"": null}, {""id"": ""triceps"", ""name"": ""Triceps"", ""image_url"": null}]","[{""id"": ""machine"", ""name"": ""Maquina"", ""icon_url"": null}]"
ex-0211,press-de-pecho-en-maquina-pausa-isometrica,Press de pecho en maquina - Pausa isometrica,,image,"{""Press de pecho en maquina"",""Press de pecho en maquina variante"",""Press de pecho en maquina pausa isometrica""}","{""Posicion inicial para press de pecho en maquina: retrae escapulas, activa abdomen y coloca agarre estable a la altura del pecho."",""Movimiento: empuja el implemento alejandolo del torso, bloquea sin hiperextender codos y regresa con control."",""Variante pausa isometrica: agrega una pausa de 2 segundos en el punto de mayor tension."",""Respira con control, evita dolor articular y completa 3 a 4 series con tecnica limpia.""}","[{""id"": ""chest"", ""name"": ""Pectoral"", ""image_url"": null}, {""id"": ""triceps"", ""name"": ""Triceps"", ""image_url"": null}]","[{""id"": ""machine"", ""name"": ""Maquina"", ""icon_url"": null}]"
ex-0212,press-de-pecho-en-maquina-unilateral-alternada,Press de pecho en maquina - Unilateral alternada,,image,"{""Press de pecho en maquina"",""Press de pecho en maquina variante"",""Press de pecho en maquina unilateral alternada""}","{""Posicion inicial para press de pecho en maquina: retrae escapulas, activa abdomen y coloca agarre estable a la altura del pecho."",""Movimiento: empuja el implemento alejandolo del torso, bloquea sin hiperextender codos y regresa con control."",""Variante unilateral alternada: trabaja un lado por vez y alterna sin perder estabilidad."",""Respira con control, evita dolor articular y completa 3 a 4 series con tecnica limpia.""}","[{""id"": ""chest"", ""name"": ""Pectoral"", ""image_url"": null}, {""id"": ""triceps"", ""name"": ""Triceps"", ""image_url"": null}]","[{""id"": ""machine"", ""name"": ""Maquina"", ""icon_url"": null}]"
ex-0213,press-de-pecho-en-maquina-fuerza,Press de pecho en maquina - Fuerza,,image,"{""Press de pecho en maquina"",""Press de pecho en maquina variante"",""Press de pecho en maquina fuerza""}","{""Posicion inicial para press de pecho en maquina: retrae escapulas, activa abdomen y coloca agarre estable a la altura del pecho."",""Movimiento: empuja el implemento alejandolo del torso, bloquea sin hiperextender codos y regresa con control."",""Variante fuerza: elige una carga desafiante y ejecuta repeticiones tecnicamente limpias."",""Respira con control, evita dolor articular y completa 3 a 4 series con tecnica limpia.""}","[{""id"": ""chest"", ""name"": ""Pectoral"", ""image_url"": null}, {""id"": ""triceps"", ""name"": ""Triceps"", ""image_url"": null}]","[{""id"": ""machine"", ""name"": ""Maquina"", ""icon_url"": null}]"
ex-0214,press-de-pecho-en-maquina-resistencia,Press de pecho en maquina - Resistencia,,image,"{""Press de pecho en maquina"",""Press de pecho en maquina variante"",""Press de pecho en maquina resistencia""}","{""Posicion inicial para press de pecho en maquina: retrae escapulas, activa abdomen y coloca agarre estable a la altura del pecho."",""Movimiento: empuja el implemento alejandolo del torso, bloquea sin hiperextender codos y regresa con control."",""Variante resistencia: usa carga moderada y acumula mas repeticiones con ritmo constante."",""Respira con control, evita dolor articular y completa 3 a 4 series con tecnica limpia.""}","[{""id"": ""chest"", ""name"": ""Pectoral"", ""image_url"": null}, {""id"": ""triceps"", ""name"": ""Triceps"", ""image_url"": null}]","[{""id"": ""machine"", ""name"": ""Maquina"", ""icon_url"": null}]"
ex-0215,press-de-pecho-en-maquina-rango-completo,Press de pecho en maquina - Rango completo,,image,"{""Press de pecho en maquina"",""Press de pecho en maquina variante"",""Press de pecho en maquina rango completo""}","{""Posicion inicial para press de pecho en maquina: retrae escapulas, activa abdomen y coloca agarre estable a la altura del pecho."",""Movimiento: empuja el implemento alejandolo del torso, bloquea sin hiperextender codos y regresa con control."",""Variante rango completo: busca el mayor rango de movimiento seguro en cada repeticion."",""Respira con control, evita dolor articular y completa 3 a 4 series con tecnica limpia.""}","[{""id"": ""chest"", ""name"": ""Pectoral"", ""image_url"": null}, {""id"": ""triceps"", ""name"": ""Triceps"", ""image_url"": null}]","[{""id"": ""machine"", ""name"": ""Maquina"", ""icon_url"": null}]"
ex-0216,press-de-pecho-en-maquina-circuito-metabolico,Press de pecho en maquina - Circuito metabolico,,image,"{""Press de pecho en maquina"",""Press de pecho en maquina variante"",""Press de pecho en maquina circuito metabolico""}","{""Posicion inicial para press de pecho en maquina: retrae escapulas, activa abdomen y coloca agarre estable a la altura del pecho."",""Movimiento: empuja el implemento alejandolo del torso, bloquea sin hiperextender codos y regresa con control."",""Variante circuito metabolico: manten descansos cortos para elevar demanda cardiovascular."",""Respira con control, evita dolor articular y completa 3 a 4 series con tecnica limpia.""}","[{""id"": ""chest"", ""name"": ""Pectoral"", ""image_url"": null}, {""id"": ""triceps"", ""name"": ""Triceps"", ""image_url"": null}]","[{""id"": ""machine"", ""name"": ""Maquina"", ""icon_url"": null}]"
ex-0217,press-cerrado-con-barra-tecnica-base,Press cerrado con barra - Tecnica base,,image,"{""Press cerrado con barra"",""Press cerrado con barra variante"",""Press cerrado con barra tecnica base""}","{""Posicion inicial para press cerrado con barra: retrae escapulas, activa abdomen y coloca agarre estable a la altura del pecho."",""Movimiento: empuja el implemento alejandolo del torso, bloquea sin hiperextender codos y regresa con control."",""Variante tecnica base: prioriza alineacion de rodillas, cadera y columna en cada repeticion."",""Respira con control, evita dolor articular y completa 3 a 4 series con tecnica limpia.""}","[{""id"": ""triceps"", ""name"": ""Triceps"", ""image_url"": null}, {""id"": ""chest"", ""name"": ""Pectoral"", ""image_url"": null}]","[{""id"": ""barbell"", ""name"": ""Barra"", ""icon_url"": null}, {""id"": ""bench"", ""name"": ""Banco"", ""icon_url"": null}]"
ex-0218,press-cerrado-con-barra-tempo-controlado,Press cerrado con barra - Tempo controlado,,image,"{""Press cerrado con barra"",""Press cerrado con barra variante"",""Press cerrado con barra tempo controlado""}","{""Posicion inicial para press cerrado con barra: retrae escapulas, activa abdomen y coloca agarre estable a la altura del pecho."",""Movimiento: empuja el implemento alejandolo del torso, bloquea sin hiperextender codos y regresa con control."",""Variante tempo controlado: usa 3 segundos en la fase de descenso y 1 segundo en la fase de subida."",""Respira con control, evita dolor articular y completa 3 a 4 series con tecnica limpia.""}","[{""id"": ""triceps"", ""name"": ""Triceps"", ""image_url"": null}, {""id"": ""chest"", ""name"": ""Pectoral"", ""image_url"": null}]","[{""id"": ""barbell"", ""name"": ""Barra"", ""icon_url"": null}, {""id"": ""bench"", ""name"": ""Banco"", ""icon_url"": null}]"
ex-0219,press-cerrado-con-barra-pausa-isometrica,Press cerrado con barra - Pausa isometrica,,image,"{""Press cerrado con barra"",""Press cerrado con barra variante"",""Press cerrado con barra pausa isometrica""}","{""Posicion inicial para press cerrado con barra: retrae escapulas, activa abdomen y coloca agarre estable a la altura del pecho."",""Movimiento: empuja el implemento alejandolo del torso, bloquea sin hiperextender codos y regresa con control."",""Variante pausa isometrica: agrega una pausa de 2 segundos en el punto de mayor tension."",""Respira con control, evita dolor articular y completa 3 a 4 series con tecnica limpia.""}","[{""id"": ""triceps"", ""name"": ""Triceps"", ""image_url"": null}, {""id"": ""chest"", ""name"": ""Pectoral"", ""image_url"": null}]","[{""id"": ""barbell"", ""name"": ""Barra"", ""icon_url"": null}, {""id"": ""bench"", ""name"": ""Banco"", ""icon_url"": null}]"
ex-0220,press-cerrado-con-barra-unilateral-alternada,Press cerrado con barra - Unilateral alternada,,image,"{""Press cerrado con barra"",""Press cerrado con barra variante"",""Press cerrado con barra unilateral alternada""}","{""Posicion inicial para press cerrado con barra: retrae escapulas, activa abdomen y coloca agarre estable a la altura del pecho."",""Movimiento: empuja el implemento alejandolo del torso, bloquea sin hiperextender codos y regresa con control."",""Variante unilateral alternada: trabaja un lado por vez y alterna sin perder estabilidad."",""Respira con control, evita dolor articular y completa 3 a 4 series con tecnica limpia.""}","[{""id"": ""triceps"", ""name"": ""Triceps"", ""image_url"": null}, {""id"": ""chest"", ""name"": ""Pectoral"", ""image_url"": null}]","[{""id"": ""barbell"", ""name"": ""Barra"", ""icon_url"": null}, {""id"": ""bench"", ""name"": ""Banco"", ""icon_url"": null}]"
ex-0221,press-cerrado-con-barra-fuerza,Press cerrado con barra - Fuerza,,image,"{""Press cerrado con barra"",""Press cerrado con barra variante"",""Press cerrado con barra fuerza""}","{""Posicion inicial para press cerrado con barra: retrae escapulas, activa abdomen y coloca agarre estable a la altura del pecho."",""Movimiento: empuja el implemento alejandolo del torso, bloquea sin hiperextender codos y regresa con control."",""Variante fuerza: elige una carga desafiante y ejecuta repeticiones tecnicamente limpias."",""Respira con control, evita dolor articular y completa 3 a 4 series con tecnica limpia.""}","[{""id"": ""triceps"", ""name"": ""Triceps"", ""image_url"": null}, {""id"": ""chest"", ""name"": ""Pectoral"", ""image_url"": null}]","[{""id"": ""barbell"", ""name"": ""Barra"", ""icon_url"": null}, {""id"": ""bench"", ""name"": ""Banco"", ""icon_url"": null}]"
ex-0222,press-cerrado-con-barra-resistencia,Press cerrado con barra - Resistencia,,image,"{""Press cerrado con barra"",""Press cerrado con barra variante"",""Press cerrado con barra resistencia""}","{""Posicion inicial para press cerrado con barra: retrae escapulas, activa abdomen y coloca agarre estable a la altura del pecho."",""Movimiento: empuja el implemento alejandolo del torso, bloquea sin hiperextender codos y regresa con control."",""Variante resistencia: usa carga moderada y acumula mas repeticiones con ritmo constante."",""Respira con control, evita dolor articular y completa 3 a 4 series con tecnica limpia.""}","[{""id"": ""triceps"", ""name"": ""Triceps"", ""image_url"": null}, {""id"": ""chest"", ""name"": ""Pectoral"", ""image_url"": null}]","[{""id"": ""barbell"", ""name"": ""Barra"", ""icon_url"": null}, {""id"": ""bench"", ""name"": ""Banco"", ""icon_url"": null}]"
ex-0223,press-cerrado-con-barra-rango-completo,Press cerrado con barra - Rango completo,,image,"{""Press cerrado con barra"",""Press cerrado con barra variante"",""Press cerrado con barra rango completo""}","{""Posicion inicial para press cerrado con barra: retrae escapulas, activa abdomen y coloca agarre estable a la altura del pecho."",""Movimiento: empuja el implemento alejandolo del torso, bloquea sin hiperextender codos y regresa con control."",""Variante rango completo: busca el mayor rango de movimiento seguro en cada repeticion."",""Respira con control, evita dolor articular y completa 3 a 4 series con tecnica limpia.""}","[{""id"": ""triceps"", ""name"": ""Triceps"", ""image_url"": null}, {""id"": ""chest"", ""name"": ""Pectoral"", ""image_url"": null}]","[{""id"": ""barbell"", ""name"": ""Barra"", ""icon_url"": null}, {""id"": ""bench"", ""name"": ""Banco"", ""icon_url"": null}]"
ex-0224,press-cerrado-con-barra-circuito-metabolico,Press cerrado con barra - Circuito metabolico,,image,"{""Press cerrado con barra"",""Press cerrado con barra variante"",""Press cerrado con barra circuito metabolico""}","{""Posicion inicial para press cerrado con barra: retrae escapulas, activa abdomen y coloca agarre estable a la altura del pecho."",""Movimiento: empuja el implemento alejandolo del torso, bloquea sin hiperextender codos y regresa con control."",""Variante circuito metabolico: manten descansos cortos para elevar demanda cardiovascular."",""Respira con control, evita dolor articular y completa 3 a 4 series con tecnica limpia.""}","[{""id"": ""triceps"", ""name"": ""Triceps"", ""image_url"": null}, {""id"": ""chest"", ""name"": ""Pectoral"", ""image_url"": null}]","[{""id"": ""barbell"", ""name"": ""Barra"", ""icon_url"": null}, {""id"": ""bench"", ""name"": ""Banco"", ""icon_url"": null}]"
ex-0225,aperturas-con-mancuernas-tecnica-base,Aperturas con mancuernas - Tecnica base,,image,"{""Aperturas con mancuernas"",""Aperturas con mancuernas variante"",""Aperturas con mancuernas tecnica base""}","{""Posicion inicial para aperturas con mancuernas: retrae escapulas, activa abdomen y coloca agarre estable a la altura del pecho."",""Movimiento: empuja el implemento alejandolo del torso, bloquea sin hiperextender codos y regresa con control."",""Variante tecnica base: prioriza alineacion de rodillas, cadera y columna en cada repeticion."",""Respira con control, evita dolor articular y completa 3 a 4 series con tecnica limpia.""}","[{""id"": ""chest"", ""name"": ""Pectoral"", ""image_url"": null}, {""id"": ""shoulders"", ""name"": ""Hombros"", ""image_url"": null}]","[{""id"": ""dumbbell"", ""name"": ""Mancuernas"", ""icon_url"": null}, {""id"": ""bench"", ""name"": ""Banco"", ""icon_url"": null}]"
ex-0226,aperturas-con-mancuernas-tempo-controlado,Aperturas con mancuernas - Tempo controlado,,image,"{""Aperturas con mancuernas"",""Aperturas con mancuernas variante"",""Aperturas con mancuernas tempo controlado""}","{""Posicion inicial para aperturas con mancuernas: retrae escapulas, activa abdomen y coloca agarre estable a la altura del pecho."",""Movimiento: empuja el implemento alejandolo del torso, bloquea sin hiperextender codos y regresa con control."",""Variante tempo controlado: usa 3 segundos en la fase de descenso y 1 segundo en la fase de subida."",""Respira con control, evita dolor articular y completa 3 a 4 series con tecnica limpia.""}","[{""id"": ""chest"", ""name"": ""Pectoral"", ""image_url"": null}, {""id"": ""shoulders"", ""name"": ""Hombros"", ""image_url"": null}]","[{""id"": ""dumbbell"", ""name"": ""Mancuernas"", ""icon_url"": null}, {""id"": ""bench"", ""name"": ""Banco"", ""icon_url"": null}]"
ex-0227,aperturas-con-mancuernas-pausa-isometrica,Aperturas con mancuernas - Pausa isometrica,,image,"{""Aperturas con mancuernas"",""Aperturas con mancuernas variante"",""Aperturas con mancuernas pausa isometrica""}","{""Posicion inicial para aperturas con mancuernas: retrae escapulas, activa abdomen y coloca agarre estable a la altura del pecho."",""Movimiento: empuja el implemento alejandolo del torso, bloquea sin hiperextender codos y regresa con control."",""Variante pausa isometrica: agrega una pausa de 2 segundos en el punto de mayor tension."",""Respira con control, evita dolor articular y completa 3 a 4 series con tecnica limpia.""}","[{""id"": ""chest"", ""name"": ""Pectoral"", ""image_url"": null}, {""id"": ""shoulders"", ""name"": ""Hombros"", ""image_url"": null}]","[{""id"": ""dumbbell"", ""name"": ""Mancuernas"", ""icon_url"": null}, {""id"": ""bench"", ""name"": ""Banco"", ""icon_url"": null}]"
ex-0228,aperturas-con-mancuernas-unilateral-alternada,Aperturas con mancuernas - Unilateral alternada,,image,"{""Aperturas con mancuernas"",""Aperturas con mancuernas variante"",""Aperturas con mancuernas unilateral alternada""}","{""Posicion inicial para aperturas con mancuernas: retrae escapulas, activa abdomen y coloca agarre estable a la altura del pecho."",""Movimiento: empuja el implemento alejandolo del torso, bloquea sin hiperextender codos y regresa con control."",""Variante unilateral alternada: trabaja un lado por vez y alterna sin perder estabilidad."",""Respira con control, evita dolor articular y completa 3 a 4 series con tecnica limpia.""}","[{""id"": ""chest"", ""name"": ""Pectoral"", ""image_url"": null}, {""id"": ""shoulders"", ""name"": ""Hombros"", ""image_url"": null}]","[{""id"": ""dumbbell"", ""name"": ""Mancuernas"", ""icon_url"": null}, {""id"": ""bench"", ""name"": ""Banco"", ""icon_url"": null}]"
ex-0229,aperturas-con-mancuernas-fuerza,Aperturas con mancuernas - Fuerza,,image,"{""Aperturas con mancuernas"",""Aperturas con mancuernas variante"",""Aperturas con mancuernas fuerza""}","{""Posicion inicial para aperturas con mancuernas: retrae escapulas, activa abdomen y coloca agarre estable a la altura del pecho."",""Movimiento: empuja el implemento alejandolo del torso, bloquea sin hiperextender codos y regresa con control."",""Variante fuerza: elige una carga desafiante y ejecuta repeticiones tecnicamente limpias."",""Respira con control, evita dolor articular y completa 3 a 4 series con tecnica limpia.""}","[{""id"": ""chest"", ""name"": ""Pectoral"", ""image_url"": null}, {""id"": ""shoulders"", ""name"": ""Hombros"", ""image_url"": null}]","[{""id"": ""dumbbell"", ""name"": ""Mancuernas"", ""icon_url"": null}, {""id"": ""bench"", ""name"": ""Banco"", ""icon_url"": null}]"
ex-0230,aperturas-con-mancuernas-resistencia,Aperturas con mancuernas - Resistencia,,image,"{""Aperturas con mancuernas"",""Aperturas con mancuernas variante"",""Aperturas con mancuernas resistencia""}","{""Posicion inicial para aperturas con mancuernas: retrae escapulas, activa abdomen y coloca agarre estable a la altura del pecho."",""Movimiento: empuja el implemento alejandolo del torso, bloquea sin hiperextender codos y regresa con control."",""Variante resistencia: usa carga moderada y acumula mas repeticiones con ritmo constante."",""Respira con control, evita dolor articular y completa 3 a 4 series con tecnica limpia.""}","[{""id"": ""chest"", ""name"": ""Pectoral"", ""image_url"": null}, {""id"": ""shoulders"", ""name"": ""Hombros"", ""image_url"": null}]","[{""id"": ""dumbbell"", ""name"": ""Mancuernas"", ""icon_url"": null}, {""id"": ""bench"", ""name"": ""Banco"", ""icon_url"": null}]"
ex-0231,aperturas-con-mancuernas-rango-completo,Aperturas con mancuernas - Rango completo,,image,"{""Aperturas con mancuernas"",""Aperturas con mancuernas variante"",""Aperturas con mancuernas rango completo""}","{""Posicion inicial para aperturas con mancuernas: retrae escapulas, activa abdomen y coloca agarre estable a la altura del pecho."",""Movimiento: empuja el implemento alejandolo del torso, bloquea sin hiperextender codos y regresa con control."",""Variante rango completo: busca el mayor rango de movimiento seguro en cada repeticion."",""Respira con control, evita dolor articular y completa 3 a 4 series con tecnica limpia.""}","[{""id"": ""chest"", ""name"": ""Pectoral"", ""image_url"": null}, {""id"": ""shoulders"", ""name"": ""Hombros"", ""image_url"": null}]","[{""id"": ""dumbbell"", ""name"": ""Mancuernas"", ""icon_url"": null}, {""id"": ""bench"", ""name"": ""Banco"", ""icon_url"": null}]"
ex-0232,aperturas-con-mancuernas-circuito-metabolico,Aperturas con mancuernas - Circuito metabolico,,image,"{""Aperturas con mancuernas"",""Aperturas con mancuernas variante"",""Aperturas con mancuernas circuito metabolico""}","{""Posicion inicial para aperturas con mancuernas: retrae escapulas, activa abdomen y coloca agarre estable a la altura del pecho."",""Movimiento: empuja el implemento alejandolo del torso, bloquea sin hiperextender codos y regresa con control."",""Variante circuito metabolico: manten descansos cortos para elevar demanda cardiovascular."",""Respira con control, evita dolor articular y completa 3 a 4 series con tecnica limpia.""}","[{""id"": ""chest"", ""name"": ""Pectoral"", ""image_url"": null}, {""id"": ""shoulders"", ""name"": ""Hombros"", ""image_url"": null}]","[{""id"": ""dumbbell"", ""name"": ""Mancuernas"", ""icon_url"": null}, {""id"": ""bench"", ""name"": ""Banco"", ""icon_url"": null}]"
ex-0233,cruce-de-poleas-para-pecho-tecnica-base,Cruce de poleas para pecho - Tecnica base,,image,"{""Cruce de poleas para pecho"",""Cruce de poleas para pecho variante"",""Cruce de poleas para pecho tecnica base""}","{""Posicion inicial para cruce de poleas para pecho: retrae escapulas, activa abdomen y coloca agarre estable a la altura del pecho."",""Movimiento: empuja el implemento alejandolo del torso, bloquea sin hiperextender codos y regresa con control."",""Variante tecnica base: prioriza alineacion de rodillas, cadera y columna en cada repeticion."",""Respira con control, evita dolor articular y completa 3 a 4 series con tecnica limpia.""}","[{""id"": ""chest"", ""name"": ""Pectoral"", ""image_url"": null}, {""id"": ""front_delts"", ""name"": ""Deltoides frontal"", ""image_url"": null}]","[{""id"": ""cable"", ""name"": ""Polea"", ""icon_url"": null}]"
ex-0234,cruce-de-poleas-para-pecho-tempo-controlado,Cruce de poleas para pecho - Tempo controlado,,image,"{""Cruce de poleas para pecho"",""Cruce de poleas para pecho variante"",""Cruce de poleas para pecho tempo controlado""}","{""Posicion inicial para cruce de poleas para pecho: retrae escapulas, activa abdomen y coloca agarre estable a la altura del pecho."",""Movimiento: empuja el implemento alejandolo del torso, bloquea sin hiperextender codos y regresa con control."",""Variante tempo controlado: usa 3 segundos en la fase de descenso y 1 segundo en la fase de subida."",""Respira con control, evita dolor articular y completa 3 a 4 series con tecnica limpia.""}","[{""id"": ""chest"", ""name"": ""Pectoral"", ""image_url"": null}, {""id"": ""front_delts"", ""name"": ""Deltoides frontal"", ""image_url"": null}]","[{""id"": ""cable"", ""name"": ""Polea"", ""icon_url"": null}]"
ex-0235,cruce-de-poleas-para-pecho-pausa-isometrica,Cruce de poleas para pecho - Pausa isometrica,,image,"{""Cruce de poleas para pecho"",""Cruce de poleas para pecho variante"",""Cruce de poleas para pecho pausa isometrica""}","{""Posicion inicial para cruce de poleas para pecho: retrae escapulas, activa abdomen y coloca agarre estable a la altura del pecho."",""Movimiento: empuja el implemento alejandolo del torso, bloquea sin hiperextender codos y regresa con control."",""Variante pausa isometrica: agrega una pausa de 2 segundos en el punto de mayor tension."",""Respira con control, evita dolor articular y completa 3 a 4 series con tecnica limpia.""}","[{""id"": ""chest"", ""name"": ""Pectoral"", ""image_url"": null}, {""id"": ""front_delts"", ""name"": ""Deltoides frontal"", ""image_url"": null}]","[{""id"": ""cable"", ""name"": ""Polea"", ""icon_url"": null}]"
ex-0236,cruce-de-poleas-para-pecho-unilateral-alternada,Cruce de poleas para pecho - Unilateral alternada,,image,"{""Cruce de poleas para pecho"",""Cruce de poleas para pecho variante"",""Cruce de poleas para pecho unilateral alternada""}","{""Posicion inicial para cruce de poleas para pecho: retrae escapulas, activa abdomen y coloca agarre estable a la altura del pecho."",""Movimiento: empuja el implemento alejandolo del torso, bloquea sin hiperextender codos y regresa con control."",""Variante unilateral alternada: trabaja un lado por vez y alterna sin perder estabilidad."",""Respira con control, evita dolor articular y completa 3 a 4 series con tecnica limpia.""}","[{""id"": ""chest"", ""name"": ""Pectoral"", ""image_url"": null}, {""id"": ""front_delts"", ""name"": ""Deltoides frontal"", ""image_url"": null}]","[{""id"": ""cable"", ""name"": ""Polea"", ""icon_url"": null}]"
ex-0237,cruce-de-poleas-para-pecho-fuerza,Cruce de poleas para pecho - Fuerza,,image,"{""Cruce de poleas para pecho"",""Cruce de poleas para pecho variante"",""Cruce de poleas para pecho fuerza""}","{""Posicion inicial para cruce de poleas para pecho: retrae escapulas, activa abdomen y coloca agarre estable a la altura del pecho."",""Movimiento: empuja el implemento alejandolo del torso, bloquea sin hiperextender codos y regresa con control."",""Variante fuerza: elige una carga desafiante y ejecuta repeticiones tecnicamente limpias."",""Respira con control, evita dolor articular y completa 3 a 4 series con tecnica limpia.""}","[{""id"": ""chest"", ""name"": ""Pectoral"", ""image_url"": null}, {""id"": ""front_delts"", ""name"": ""Deltoides frontal"", ""image_url"": null}]","[{""id"": ""cable"", ""name"": ""Polea"", ""icon_url"": null}]"
ex-0238,cruce-de-poleas-para-pecho-resistencia,Cruce de poleas para pecho - Resistencia,,image,"{""Cruce de poleas para pecho"",""Cruce de poleas para pecho variante"",""Cruce de poleas para pecho resistencia""}","{""Posicion inicial para cruce de poleas para pecho: retrae escapulas, activa abdomen y coloca agarre estable a la altura del pecho."",""Movimiento: empuja el implemento alejandolo del torso, bloquea sin hiperextender codos y regresa con control."",""Variante resistencia: usa carga moderada y acumula mas repeticiones con ritmo constante."",""Respira con control, evita dolor articular y completa 3 a 4 series con tecnica limpia.""}","[{""id"": ""chest"", ""name"": ""Pectoral"", ""image_url"": null}, {""id"": ""front_delts"", ""name"": ""Deltoides frontal"", ""image_url"": null}]","[{""id"": ""cable"", ""name"": ""Polea"", ""icon_url"": null}]"
ex-0239,cruce-de-poleas-para-pecho-rango-completo,Cruce de poleas para pecho - Rango completo,,image,"{""Cruce de poleas para pecho"",""Cruce de poleas para pecho variante"",""Cruce de poleas para pecho rango completo""}","{""Posicion inicial para cruce de poleas para pecho: retrae escapulas, activa abdomen y coloca agarre estable a la altura del pecho."",""Movimiento: empuja el implemento alejandolo del torso, bloquea sin hiperextender codos y regresa con control."",""Variante rango completo: busca el mayor rango de movimiento seguro en cada repeticion."",""Respira con control, evita dolor articular y completa 3 a 4 series con tecnica limpia.""}","[{""id"": ""chest"", ""name"": ""Pectoral"", ""image_url"": null}, {""id"": ""front_delts"", ""name"": ""Deltoides frontal"", ""image_url"": null}]","[{""id"": ""cable"", ""name"": ""Polea"", ""icon_url"": null}]"
ex-0240,cruce-de-poleas-para-pecho-circuito-metabolico,Cruce de poleas para pecho - Circuito metabolico,,image,"{""Cruce de poleas para pecho"",""Cruce de poleas para pecho variante"",""Cruce de poleas para pecho circuito metabolico""}","{""Posicion inicial para cruce de poleas para pecho: retrae escapulas, activa abdomen y coloca agarre estable a la altura del pecho."",""Movimiento: empuja el implemento alejandolo del torso, bloquea sin hiperextender codos y regresa con control."",""Variante circuito metabolico: manten descansos cortos para elevar demanda cardiovascular."",""Respira con control, evita dolor articular y completa 3 a 4 series con tecnica limpia.""}","[{""id"": ""chest"", ""name"": ""Pectoral"", ""image_url"": null}, {""id"": ""front_delts"", ""name"": ""Deltoides frontal"", ""image_url"": null}]","[{""id"": ""cable"", ""name"": ""Polea"", ""icon_url"": null}]"
ex-0241,flexiones-de-pecho-tecnica-base,Flexiones de pecho - Tecnica base,,image,"{""Flexiones de pecho"",""Flexiones de pecho variante"",""Flexiones de pecho tecnica base""}","{""Posicion inicial para flexiones de pecho: alinea cabeza, hombros, cadera y tobillos en una sola linea."",""Movimiento: flexiona codos para bajar el torso en bloque y empuja el piso para regresar a la posicion inicial."",""Variante tecnica base: prioriza alineacion de rodillas, cadera y columna en cada repeticion."",""Respira con control, evita dolor articular y completa 3 a 4 series con tecnica limpia.""}","[{""id"": ""chest"", ""name"": ""Pectoral"", ""image_url"": null}, {""id"": ""triceps"", ""name"": ""Triceps"", ""image_url"": null}]","[{""id"": ""bodyweight"", ""name"": ""Peso corporal"", ""icon_url"": null}]"
ex-0242,flexiones-de-pecho-tempo-controlado,Flexiones de pecho - Tempo controlado,,image,"{""Flexiones de pecho"",""Flexiones de pecho variante"",""Flexiones de pecho tempo controlado""}","{""Posicion inicial para flexiones de pecho: alinea cabeza, hombros, cadera y tobillos en una sola linea."",""Movimiento: flexiona codos para bajar el torso en bloque y empuja el piso para regresar a la posicion inicial."",""Variante tempo controlado: usa 3 segundos en la fase de descenso y 1 segundo en la fase de subida."",""Respira con control, evita dolor articular y completa 3 a 4 series con tecnica limpia.""}","[{""id"": ""chest"", ""name"": ""Pectoral"", ""image_url"": null}, {""id"": ""triceps"", ""name"": ""Triceps"", ""image_url"": null}]","[{""id"": ""bodyweight"", ""name"": ""Peso corporal"", ""icon_url"": null}]"
ex-0243,flexiones-de-pecho-pausa-isometrica,Flexiones de pecho - Pausa isometrica,,image,"{""Flexiones de pecho"",""Flexiones de pecho variante"",""Flexiones de pecho pausa isometrica""}","{""Posicion inicial para flexiones de pecho: alinea cabeza, hombros, cadera y tobillos en una sola linea."",""Movimiento: flexiona codos para bajar el torso en bloque y empuja el piso para regresar a la posicion inicial."",""Variante pausa isometrica: agrega una pausa de 2 segundos en el punto de mayor tension."",""Respira con control, evita dolor articular y completa 3 a 4 series con tecnica limpia.""}","[{""id"": ""chest"", ""name"": ""Pectoral"", ""image_url"": null}, {""id"": ""triceps"", ""name"": ""Triceps"", ""image_url"": null}]","[{""id"": ""bodyweight"", ""name"": ""Peso corporal"", ""icon_url"": null}]"
ex-0244,flexiones-de-pecho-unilateral-alternada,Flexiones de pecho - Unilateral alternada,,image,"{""Flexiones de pecho"",""Flexiones de pecho variante"",""Flexiones de pecho unilateral alternada""}","{""Posicion inicial para flexiones de pecho: alinea cabeza, hombros, cadera y tobillos en una sola linea."",""Movimiento: flexiona codos para bajar el torso en bloque y empuja el piso para regresar a la posicion inicial."",""Variante unilateral alternada: trabaja un lado por vez y alterna sin perder estabilidad."",""Respira con control, evita dolor articular y completa 3 a 4 series con tecnica limpia.""}","[{""id"": ""chest"", ""name"": ""Pectoral"", ""image_url"": null}, {""id"": ""triceps"", ""name"": ""Triceps"", ""image_url"": null}]","[{""id"": ""bodyweight"", ""name"": ""Peso corporal"", ""icon_url"": null}]"
ex-0245,flexiones-de-pecho-fuerza,Flexiones de pecho - Fuerza,,image,"{""Flexiones de pecho"",""Flexiones de pecho variante"",""Flexiones de pecho fuerza""}","{""Posicion inicial para flexiones de pecho: alinea cabeza, hombros, cadera y tobillos en una sola linea."",""Movimiento: flexiona codos para bajar el torso en bloque y empuja el piso para regresar a la posicion inicial."",""Variante fuerza: elige una carga desafiante y ejecuta repeticiones tecnicamente limpias."",""Respira con control, evita dolor articular y completa 3 a 4 series con tecnica limpia.""}","[{""id"": ""chest"", ""name"": ""Pectoral"", ""image_url"": null}, {""id"": ""triceps"", ""name"": ""Triceps"", ""image_url"": null}]","[{""id"": ""bodyweight"", ""name"": ""Peso corporal"", ""icon_url"": null}]"
ex-0246,flexiones-de-pecho-resistencia,Flexiones de pecho - Resistencia,,image,"{""Flexiones de pecho"",""Flexiones de pecho variante"",""Flexiones de pecho resistencia""}","{""Posicion inicial para flexiones de pecho: alinea cabeza, hombros, cadera y tobillos en una sola linea."",""Movimiento: flexiona codos para bajar el torso en bloque y empuja el piso para regresar a la posicion inicial."",""Variante resistencia: usa carga moderada y acumula mas repeticiones con ritmo constante."",""Respira con control, evita dolor articular y completa 3 a 4 series con tecnica limpia.""}","[{""id"": ""chest"", ""name"": ""Pectoral"", ""image_url"": null}, {""id"": ""triceps"", ""name"": ""Triceps"", ""image_url"": null}]","[{""id"": ""bodyweight"", ""name"": ""Peso corporal"", ""icon_url"": null}]"
ex-0247,flexiones-de-pecho-rango-completo,Flexiones de pecho - Rango completo,,image,"{""Flexiones de pecho"",""Flexiones de pecho variante"",""Flexiones de pecho rango completo""}","{""Posicion inicial para flexiones de pecho: alinea cabeza, hombros, cadera y tobillos en una sola linea."",""Movimiento: flexiona codos para bajar el torso en bloque y empuja el piso para regresar a la posicion inicial."",""Variante rango completo: busca el mayor rango de movimiento seguro en cada repeticion."",""Respira con control, evita dolor articular y completa 3 a 4 series con tecnica limpia.""}","[{""id"": ""chest"", ""name"": ""Pectoral"", ""image_url"": null}, {""id"": ""triceps"", ""name"": ""Triceps"", ""image_url"": null}]","[{""id"": ""bodyweight"", ""name"": ""Peso corporal"", ""icon_url"": null}]"
ex-0248,flexiones-de-pecho-circuito-metabolico,Flexiones de pecho - Circuito metabolico,,image,"{""Flexiones de pecho"",""Flexiones de pecho variante"",""Flexiones de pecho circuito metabolico""}","{""Posicion inicial para flexiones de pecho: alinea cabeza, hombros, cadera y tobillos en una sola linea."",""Movimiento: flexiona codos para bajar el torso en bloque y empuja el piso para regresar a la posicion inicial."",""Variante circuito metabolico: manten descansos cortos para elevar demanda cardiovascular."",""Respira con control, evita dolor articular y completa 3 a 4 series con tecnica limpia.""}","[{""id"": ""chest"", ""name"": ""Pectoral"", ""image_url"": null}, {""id"": ""triceps"", ""name"": ""Triceps"", ""image_url"": null}]","[{""id"": ""bodyweight"", ""name"": ""Peso corporal"", ""icon_url"": null}]"
ex-0249,flexiones-declinadas-tecnica-base,Flexiones declinadas - Tecnica base,,image,"{""Flexiones declinadas"",""Flexiones declinadas variante"",""Flexiones declinadas tecnica base""}","{""Posicion inicial para flexiones declinadas: alinea cabeza, hombros, cadera y tobillos en una sola linea."",""Movimiento: flexiona codos para bajar el torso en bloque y empuja el piso para regresar a la posicion inicial."",""Variante tecnica base: prioriza alineacion de rodillas, cadera y columna en cada repeticion."",""Respira con control, evita dolor articular y completa 3 a 4 series con tecnica limpia.""}","[{""id"": ""chest_upper"", ""name"": ""Pectoral superior"", ""image_url"": null}, {""id"": ""triceps"", ""name"": ""Triceps"", ""image_url"": null}]","[{""id"": ""bodyweight"", ""name"": ""Peso corporal"", ""icon_url"": null}, {""id"": ""bench"", ""name"": ""Banco"", ""icon_url"": null}]"
ex-0250,flexiones-declinadas-tempo-controlado,Flexiones declinadas - Tempo controlado,,image,"{""Flexiones declinadas"",""Flexiones declinadas variante"",""Flexiones declinadas tempo controlado""}","{""Posicion inicial para flexiones declinadas: alinea cabeza, hombros, cadera y tobillos en una sola linea."",""Movimiento: flexiona codos para bajar el torso en bloque y empuja el piso para regresar a la posicion inicial."",""Variante tempo controlado: usa 3 segundos en la fase de descenso y 1 segundo en la fase de subida."",""Respira con control, evita dolor articular y completa 3 a 4 series con tecnica limpia.""}","[{""id"": ""chest_upper"", ""name"": ""Pectoral superior"", ""image_url"": null}, {""id"": ""triceps"", ""name"": ""Triceps"", ""image_url"": null}]","[{""id"": ""bodyweight"", ""name"": ""Peso corporal"", ""icon_url"": null}, {""id"": ""bench"", ""name"": ""Banco"", ""icon_url"": null}]"
ex-0251,flexiones-declinadas-pausa-isometrica,Flexiones declinadas - Pausa isometrica,,image,"{""Flexiones declinadas"",""Flexiones declinadas variante"",""Flexiones declinadas pausa isometrica""}","{""Posicion inicial para flexiones declinadas: alinea cabeza, hombros, cadera y tobillos en una sola linea."",""Movimiento: flexiona codos para bajar el torso en bloque y empuja el piso para regresar a la posicion inicial."",""Variante pausa isometrica: agrega una pausa de 2 segundos en el punto de mayor tension."",""Respira con control, evita dolor articular y completa 3 a 4 series con tecnica limpia.""}","[{""id"": ""chest_upper"", ""name"": ""Pectoral superior"", ""image_url"": null}, {""id"": ""triceps"", ""name"": ""Triceps"", ""image_url"": null}]","[{""id"": ""bodyweight"", ""name"": ""Peso corporal"", ""icon_url"": null}, {""id"": ""bench"", ""name"": ""Banco"", ""icon_url"": null}]"
ex-0252,flexiones-declinadas-unilateral-alternada,Flexiones declinadas - Unilateral alternada,,image,"{""Flexiones declinadas"",""Flexiones declinadas variante"",""Flexiones declinadas unilateral alternada""}","{""Posicion inicial para flexiones declinadas: alinea cabeza, hombros, cadera y tobillos en una sola linea."",""Movimiento: flexiona codos para bajar el torso en bloque y empuja el piso para regresar a la posicion inicial."",""Variante unilateral alternada: trabaja un lado por vez y alterna sin perder estabilidad."",""Respira con control, evita dolor articular y completa 3 a 4 series con tecnica limpia.""}","[{""id"": ""chest_upper"", ""name"": ""Pectoral superior"", ""image_url"": null}, {""id"": ""triceps"", ""name"": ""Triceps"", ""image_url"": null}]","[{""id"": ""bodyweight"", ""name"": ""Peso corporal"", ""icon_url"": null}, {""id"": ""bench"", ""name"": ""Banco"", ""icon_url"": null}]"
ex-0253,flexiones-declinadas-fuerza,Flexiones declinadas - Fuerza,,image,"{""Flexiones declinadas"",""Flexiones declinadas variante"",""Flexiones declinadas fuerza""}","{""Posicion inicial para flexiones declinadas: alinea cabeza, hombros, cadera y tobillos en una sola linea."",""Movimiento: flexiona codos para bajar el torso en bloque y empuja el piso para regresar a la posicion inicial."",""Variante fuerza: elige una carga desafiante y ejecuta repeticiones tecnicamente limpias."",""Respira con control, evita dolor articular y completa 3 a 4 series con tecnica limpia.""}","[{""id"": ""chest_upper"", ""name"": ""Pectoral superior"", ""image_url"": null}, {""id"": ""triceps"", ""name"": ""Triceps"", ""image_url"": null}]","[{""id"": ""bodyweight"", ""name"": ""Peso corporal"", ""icon_url"": null}, {""id"": ""bench"", ""name"": ""Banco"", ""icon_url"": null}]"
ex-0254,flexiones-declinadas-resistencia,Flexiones declinadas - Resistencia,,image,"{""Flexiones declinadas"",""Flexiones declinadas variante"",""Flexiones declinadas resistencia""}","{""Posicion inicial para flexiones declinadas: alinea cabeza, hombros, cadera y tobillos en una sola linea."",""Movimiento: flexiona codos para bajar el torso en bloque y empuja el piso para regresar a la posicion inicial."",""Variante resistencia: usa carga moderada y acumula mas repeticiones con ritmo constante."",""Respira con control, evita dolor articular y completa 3 a 4 series con tecnica limpia.""}","[{""id"": ""chest_upper"", ""name"": ""Pectoral superior"", ""image_url"": null}, {""id"": ""triceps"", ""name"": ""Triceps"", ""image_url"": null}]","[{""id"": ""bodyweight"", ""name"": ""Peso corporal"", ""icon_url"": null}, {""id"": ""bench"", ""name"": ""Banco"", ""icon_url"": null}]"
ex-0255,flexiones-declinadas-rango-completo,Flexiones declinadas - Rango completo,,image,"{""Flexiones declinadas"",""Flexiones declinadas variante"",""Flexiones declinadas rango completo""}","{""Posicion inicial para flexiones declinadas: alinea cabeza, hombros, cadera y tobillos en una sola linea."",""Movimiento: flexiona codos para bajar el torso en bloque y empuja el piso para regresar a la posicion inicial."",""Variante rango completo: busca el mayor rango de movimiento seguro en cada repeticion."",""Respira con control, evita dolor articular y completa 3 a 4 series con tecnica limpia.""}","[{""id"": ""chest_upper"", ""name"": ""Pectoral superior"", ""image_url"": null}, {""id"": ""triceps"", ""name"": ""Triceps"", ""image_url"": null}]","[{""id"": ""bodyweight"", ""name"": ""Peso corporal"", ""icon_url"": null}, {""id"": ""bench"", ""name"": ""Banco"", ""icon_url"": null}]"
ex-0256,flexiones-declinadas-circuito-metabolico,Flexiones declinadas - Circuito metabolico,,image,"{""Flexiones declinadas"",""Flexiones declinadas variante"",""Flexiones declinadas circuito metabolico""}","{""Posicion inicial para flexiones declinadas: alinea cabeza, hombros, cadera y tobillos en una sola linea."",""Movimiento: flexiona codos para bajar el torso en bloque y empuja el piso para regresar a la posicion inicial."",""Variante circuito metabolico: manten descansos cortos para elevar demanda cardiovascular."",""Respira con control, evita dolor articular y completa 3 a 4 series con tecnica limpia.""}","[{""id"": ""chest_upper"", ""name"": ""Pectoral superior"", ""image_url"": null}, {""id"": ""triceps"", ""name"": ""Triceps"", ""image_url"": null}]","[{""id"": ""bodyweight"", ""name"": ""Peso corporal"", ""icon_url"": null}, {""id"": ""bench"", ""name"": ""Banco"", ""icon_url"": null}]"
ex-0257,fondos-en-paralelas-tecnica-base,Fondos en paralelas - Tecnica base,,image,"{""Fondos en paralelas"",""Fondos en paralelas variante"",""Fondos en paralelas tecnica base""}","{""Posicion inicial para fondos en paralelas: alinea cabeza, hombros, cadera y tobillos en una sola linea."",""Movimiento: flexiona codos para bajar el torso en bloque y empuja el piso para regresar a la posicion inicial."",""Variante tecnica base: prioriza alineacion de rodillas, cadera y columna en cada repeticion."",""Respira con control, evita dolor articular y completa 3 a 4 series con tecnica limpia.""}","[{""id"": ""triceps"", ""name"": ""Triceps"", ""image_url"": null}, {""id"": ""chest"", ""name"": ""Pectoral"", ""image_url"": null}]","[{""id"": ""parallel_bars"", ""name"": ""Paralelas"", ""icon_url"": null}]"
ex-0258,fondos-en-paralelas-tempo-controlado,Fondos en paralelas - Tempo controlado,,image,"{""Fondos en paralelas"",""Fondos en paralelas variante"",""Fondos en paralelas tempo controlado""}","{""Posicion inicial para fondos en paralelas: alinea cabeza, hombros, cadera y tobillos en una sola linea."",""Movimiento: flexiona codos para bajar el torso en bloque y empuja el piso para regresar a la posicion inicial."",""Variante tempo controlado: usa 3 segundos en la fase de descenso y 1 segundo en la fase de subida."",""Respira con control, evita dolor articular y completa 3 a 4 series con tecnica limpia.""}","[{""id"": ""triceps"", ""name"": ""Triceps"", ""image_url"": null}, {""id"": ""chest"", ""name"": ""Pectoral"", ""image_url"": null}]","[{""id"": ""parallel_bars"", ""name"": ""Paralelas"", ""icon_url"": null}]"
ex-0259,fondos-en-paralelas-pausa-isometrica,Fondos en paralelas - Pausa isometrica,,image,"{""Fondos en paralelas"",""Fondos en paralelas variante"",""Fondos en paralelas pausa isometrica""}","{""Posicion inicial para fondos en paralelas: alinea cabeza, hombros, cadera y tobillos en una sola linea."",""Movimiento: flexiona codos para bajar el torso en bloque y empuja el piso para regresar a la posicion inicial."",""Variante pausa isometrica: agrega una pausa de 2 segundos en el punto de mayor tension."",""Respira con control, evita dolor articular y completa 3 a 4 series con tecnica limpia.""}","[{""id"": ""triceps"", ""name"": ""Triceps"", ""image_url"": null}, {""id"": ""chest"", ""name"": ""Pectoral"", ""image_url"": null}]","[{""id"": ""parallel_bars"", ""name"": ""Paralelas"", ""icon_url"": null}]"
ex-0260,fondos-en-paralelas-unilateral-alternada,Fondos en paralelas - Unilateral alternada,,image,"{""Fondos en paralelas"",""Fondos en paralelas variante"",""Fondos en paralelas unilateral alternada""}","{""Posicion inicial para fondos en paralelas: alinea cabeza, hombros, cadera y tobillos en una sola linea."",""Movimiento: flexiona codos para bajar el torso en bloque y empuja el piso para regresar a la posicion inicial."",""Variante unilateral alternada: trabaja un lado por vez y alterna sin perder estabilidad."",""Respira con control, evita dolor articular y completa 3 a 4 series con tecnica limpia.""}","[{""id"": ""triceps"", ""name"": ""Triceps"", ""image_url"": null}, {""id"": ""chest"", ""name"": ""Pectoral"", ""image_url"": null}]","[{""id"": ""parallel_bars"", ""name"": ""Paralelas"", ""icon_url"": null}]"
ex-0261,fondos-en-paralelas-fuerza,Fondos en paralelas - Fuerza,,image,"{""Fondos en paralelas"",""Fondos en paralelas variante"",""Fondos en paralelas fuerza""}","{""Posicion inicial para fondos en paralelas: alinea cabeza, hombros, cadera y tobillos en una sola linea."",""Movimiento: flexiona codos para bajar el torso en bloque y empuja el piso para regresar a la posicion inicial."",""Variante fuerza: elige una carga desafiante y ejecuta repeticiones tecnicamente limpias."",""Respira con control, evita dolor articular y completa 3 a 4 series con tecnica limpia.""}","[{""id"": ""triceps"", ""name"": ""Triceps"", ""image_url"": null}, {""id"": ""chest"", ""name"": ""Pectoral"", ""image_url"": null}]","[{""id"": ""parallel_bars"", ""name"": ""Paralelas"", ""icon_url"": null}]"
ex-0262,fondos-en-paralelas-resistencia,Fondos en paralelas - Resistencia,,image,"{""Fondos en paralelas"",""Fondos en paralelas variante"",""Fondos en paralelas resistencia""}","{""Posicion inicial para fondos en paralelas: alinea cabeza, hombros, cadera y tobillos en una sola linea."",""Movimiento: flexiona codos para bajar el torso en bloque y empuja el piso para regresar a la posicion inicial."",""Variante resistencia: usa carga moderada y acumula mas repeticiones con ritmo constante."",""Respira con control, evita dolor articular y completa 3 a 4 series con tecnica limpia.""}","[{""id"": ""triceps"", ""name"": ""Triceps"", ""image_url"": null}, {""id"": ""chest"", ""name"": ""Pectoral"", ""image_url"": null}]","[{""id"": ""parallel_bars"", ""name"": ""Paralelas"", ""icon_url"": null}]"
ex-0263,fondos-en-paralelas-rango-completo,Fondos en paralelas - Rango completo,,image,"{""Fondos en paralelas"",""Fondos en paralelas variante"",""Fondos en paralelas rango completo""}","{""Posicion inicial para fondos en paralelas: alinea cabeza, hombros, cadera y tobillos en una sola linea."",""Movimiento: flexiona codos para bajar el torso en bloque y empuja el piso para regresar a la posicion inicial."",""Variante rango completo: busca el mayor rango de movimiento seguro en cada repeticion."",""Respira con control, evita dolor articular y completa 3 a 4 series con tecnica limpia.""}","[{""id"": ""triceps"", ""name"": ""Triceps"", ""image_url"": null}, {""id"": ""chest"", ""name"": ""Pectoral"", ""image_url"": null}]","[{""id"": ""parallel_bars"", ""name"": ""Paralelas"", ""icon_url"": null}]"
ex-0264,fondos-en-paralelas-circuito-metabolico,Fondos en paralelas - Circuito metabolico,,image,"{""Fondos en paralelas"",""Fondos en paralelas variante"",""Fondos en paralelas circuito metabolico""}","{""Posicion inicial para fondos en paralelas: alinea cabeza, hombros, cadera y tobillos en una sola linea."",""Movimiento: flexiona codos para bajar el torso en bloque y empuja el piso para regresar a la posicion inicial."",""Variante circuito metabolico: manten descansos cortos para elevar demanda cardiovascular."",""Respira con control, evita dolor articular y completa 3 a 4 series con tecnica limpia.""}","[{""id"": ""triceps"", ""name"": ""Triceps"", ""image_url"": null}, {""id"": ""chest"", ""name"": ""Pectoral"", ""image_url"": null}]","[{""id"": ""parallel_bars"", ""name"": ""Paralelas"", ""icon_url"": null}]"
ex-0265,press-militar-de-pie-tecnica-base,Press militar de pie - Tecnica base,,image,"{""Press militar de pie"",""Press militar de pie variante"",""Press militar de pie tecnica base""}","{""Posicion inicial para press militar de pie: coloca pies firmes, gluteos activos y codos bajo control durante todo el recorrido."",""Movimiento: empuja por encima de la cabeza manteniendo costillas abajo y baja hasta posicion inicial sin perder postura."",""Variante tecnica base: prioriza alineacion de rodillas, cadera y columna en cada repeticion."",""Respira con control, evita dolor articular y completa 3 a 4 series con tecnica limpia.""}","[{""id"": ""shoulders"", ""name"": ""Hombros"", ""image_url"": null}, {""id"": ""triceps"", ""name"": ""Triceps"", ""image_url"": null}]","[{""id"": ""barbell"", ""name"": ""Barra"", ""icon_url"": null}]"
ex-0266,press-militar-de-pie-tempo-controlado,Press militar de pie - Tempo controlado,,image,"{""Press militar de pie"",""Press militar de pie variante"",""Press militar de pie tempo controlado""}","{""Posicion inicial para press militar de pie: coloca pies firmes, gluteos activos y codos bajo control durante todo el recorrido."",""Movimiento: empuja por encima de la cabeza manteniendo costillas abajo y baja hasta posicion inicial sin perder postura."",""Variante tempo controlado: usa 3 segundos en la fase de descenso y 1 segundo en la fase de subida."",""Respira con control, evita dolor articular y completa 3 a 4 series con tecnica limpia.""}","[{""id"": ""shoulders"", ""name"": ""Hombros"", ""image_url"": null}, {""id"": ""triceps"", ""name"": ""Triceps"", ""image_url"": null}]","[{""id"": ""barbell"", ""name"": ""Barra"", ""icon_url"": null}]"
ex-0267,press-militar-de-pie-pausa-isometrica,Press militar de pie - Pausa isometrica,,image,"{""Press militar de pie"",""Press militar de pie variante"",""Press militar de pie pausa isometrica""}","{""Posicion inicial para press militar de pie: coloca pies firmes, gluteos activos y codos bajo control durante todo el recorrido."",""Movimiento: empuja por encima de la cabeza manteniendo costillas abajo y baja hasta posicion inicial sin perder postura."",""Variante pausa isometrica: agrega una pausa de 2 segundos en el punto de mayor tension."",""Respira con control, evita dolor articular y completa 3 a 4 series con tecnica limpia.""}","[{""id"": ""shoulders"", ""name"": ""Hombros"", ""image_url"": null}, {""id"": ""triceps"", ""name"": ""Triceps"", ""image_url"": null}]","[{""id"": ""barbell"", ""name"": ""Barra"", ""icon_url"": null}]"
ex-0268,press-militar-de-pie-unilateral-alternada,Press militar de pie - Unilateral alternada,,image,"{""Press militar de pie"",""Press militar de pie variante"",""Press militar de pie unilateral alternada""}","{""Posicion inicial para press militar de pie: coloca pies firmes, gluteos activos y codos bajo control durante todo el recorrido."",""Movimiento: empuja por encima de la cabeza manteniendo costillas abajo y baja hasta posicion inicial sin perder postura."",""Variante unilateral alternada: trabaja un lado por vez y alterna sin perder estabilidad."",""Respira con control, evita dolor articular y completa 3 a 4 series con tecnica limpia.""}","[{""id"": ""shoulders"", ""name"": ""Hombros"", ""image_url"": null}, {""id"": ""triceps"", ""name"": ""Triceps"", ""image_url"": null}]","[{""id"": ""barbell"", ""name"": ""Barra"", ""icon_url"": null}]"
ex-0269,press-militar-de-pie-fuerza,Press militar de pie - Fuerza,,image,"{""Press militar de pie"",""Press militar de pie variante"",""Press militar de pie fuerza""}","{""Posicion inicial para press militar de pie: coloca pies firmes, gluteos activos y codos bajo control durante todo el recorrido."",""Movimiento: empuja por encima de la cabeza manteniendo costillas abajo y baja hasta posicion inicial sin perder postura."",""Variante fuerza: elige una carga desafiante y ejecuta repeticiones tecnicamente limpias."",""Respira con control, evita dolor articular y completa 3 a 4 series con tecnica limpia.""}","[{""id"": ""shoulders"", ""name"": ""Hombros"", ""image_url"": null}, {""id"": ""triceps"", ""name"": ""Triceps"", ""image_url"": null}]","[{""id"": ""barbell"", ""name"": ""Barra"", ""icon_url"": null}]"
ex-0270,press-militar-de-pie-resistencia,Press militar de pie - Resistencia,,image,"{""Press militar de pie"",""Press militar de pie variante"",""Press militar de pie resistencia""}","{""Posicion inicial para press militar de pie: coloca pies firmes, gluteos activos y codos bajo control durante todo el recorrido."",""Movimiento: empuja por encima de la cabeza manteniendo costillas abajo y baja hasta posicion inicial sin perder postura."",""Variante resistencia: usa carga moderada y acumula mas repeticiones con ritmo constante."",""Respira con control, evita dolor articular y completa 3 a 4 series con tecnica limpia.""}","[{""id"": ""shoulders"", ""name"": ""Hombros"", ""image_url"": null}, {""id"": ""triceps"", ""name"": ""Triceps"", ""image_url"": null}]","[{""id"": ""barbell"", ""name"": ""Barra"", ""icon_url"": null}]"
ex-0271,press-militar-de-pie-rango-completo,Press militar de pie - Rango completo,,image,"{""Press militar de pie"",""Press militar de pie variante"",""Press militar de pie rango completo""}","{""Posicion inicial para press militar de pie: coloca pies firmes, gluteos activos y codos bajo control durante todo el recorrido."",""Movimiento: empuja por encima de la cabeza manteniendo costillas abajo y baja hasta posicion inicial sin perder postura."",""Variante rango completo: busca el mayor rango de movimiento seguro en cada repeticion."",""Respira con control, evita dolor articular y completa 3 a 4 series con tecnica limpia.""}","[{""id"": ""shoulders"", ""name"": ""Hombros"", ""image_url"": null}, {""id"": ""triceps"", ""name"": ""Triceps"", ""image_url"": null}]","[{""id"": ""barbell"", ""name"": ""Barra"", ""icon_url"": null}]"
ex-0272,press-militar-de-pie-circuito-metabolico,Press militar de pie - Circuito metabolico,,image,"{""Press militar de pie"",""Press militar de pie variante"",""Press militar de pie circuito metabolico""}","{""Posicion inicial para press militar de pie: coloca pies firmes, gluteos activos y codos bajo control durante todo el recorrido."",""Movimiento: empuja por encima de la cabeza manteniendo costillas abajo y baja hasta posicion inicial sin perder postura."",""Variante circuito metabolico: manten descansos cortos para elevar demanda cardiovascular."",""Respira con control, evita dolor articular y completa 3 a 4 series con tecnica limpia.""}","[{""id"": ""shoulders"", ""name"": ""Hombros"", ""image_url"": null}, {""id"": ""triceps"", ""name"": ""Triceps"", ""image_url"": null}]","[{""id"": ""barbell"", ""name"": ""Barra"", ""icon_url"": null}]"
ex-0273,press-arnold-sentado-tecnica-base,Press arnold sentado - Tecnica base,,image,"{""Press arnold sentado"",""Press arnold sentado variante"",""Press arnold sentado tecnica base""}","{""Posicion inicial para press arnold sentado: coloca pies firmes, gluteos activos y codos bajo control durante todo el recorrido."",""Movimiento: empuja por encima de la cabeza manteniendo costillas abajo y baja hasta posicion inicial sin perder postura."",""Variante tecnica base: prioriza alineacion de rodillas, cadera y columna en cada repeticion."",""Respira con control, evita dolor articular y completa 3 a 4 series con tecnica limpia.""}","[{""id"": ""shoulders"", ""name"": ""Hombros"", ""image_url"": null}, {""id"": ""triceps"", ""name"": ""Triceps"", ""image_url"": null}]","[{""id"": ""dumbbell"", ""name"": ""Mancuernas"", ""icon_url"": null}, {""id"": ""bench"", ""name"": ""Banco"", ""icon_url"": null}]"
ex-0274,press-arnold-sentado-tempo-controlado,Press arnold sentado - Tempo controlado,,image,"{""Press arnold sentado"",""Press arnold sentado variante"",""Press arnold sentado tempo controlado""}","{""Posicion inicial para press arnold sentado: coloca pies firmes, gluteos activos y codos bajo control durante todo el recorrido."",""Movimiento: empuja por encima de la cabeza manteniendo costillas abajo y baja hasta posicion inicial sin perder postura."",""Variante tempo controlado: usa 3 segundos en la fase de descenso y 1 segundo en la fase de subida."",""Respira con control, evita dolor articular y completa 3 a 4 series con tecnica limpia.""}","[{""id"": ""shoulders"", ""name"": ""Hombros"", ""image_url"": null}, {""id"": ""triceps"", ""name"": ""Triceps"", ""image_url"": null}]","[{""id"": ""dumbbell"", ""name"": ""Mancuernas"", ""icon_url"": null}, {""id"": ""bench"", ""name"": ""Banco"", ""icon_url"": null}]"
ex-0275,press-arnold-sentado-pausa-isometrica,Press arnold sentado - Pausa isometrica,,image,"{""Press arnold sentado"",""Press arnold sentado variante"",""Press arnold sentado pausa isometrica""}","{""Posicion inicial para press arnold sentado: coloca pies firmes, gluteos activos y codos bajo control durante todo el recorrido."",""Movimiento: empuja por encima de la cabeza manteniendo costillas abajo y baja hasta posicion inicial sin perder postura."",""Variante pausa isometrica: agrega una pausa de 2 segundos en el punto de mayor tension."",""Respira con control, evita dolor articular y completa 3 a 4 series con tecnica limpia.""}","[{""id"": ""shoulders"", ""name"": ""Hombros"", ""image_url"": null}, {""id"": ""triceps"", ""name"": ""Triceps"", ""image_url"": null}]","[{""id"": ""dumbbell"", ""name"": ""Mancuernas"", ""icon_url"": null}, {""id"": ""bench"", ""name"": ""Banco"", ""icon_url"": null}]"
ex-0276,press-arnold-sentado-unilateral-alternada,Press arnold sentado - Unilateral alternada,,image,"{""Press arnold sentado"",""Press arnold sentado variante"",""Press arnold sentado unilateral alternada""}","{""Posicion inicial para press arnold sentado: coloca pies firmes, gluteos activos y codos bajo control durante todo el recorrido."",""Movimiento: empuja por encima de la cabeza manteniendo costillas abajo y baja hasta posicion inicial sin perder postura."",""Variante unilateral alternada: trabaja un lado por vez y alterna sin perder estabilidad."",""Respira con control, evita dolor articular y completa 3 a 4 series con tecnica limpia.""}","[{""id"": ""shoulders"", ""name"": ""Hombros"", ""image_url"": null}, {""id"": ""triceps"", ""name"": ""Triceps"", ""image_url"": null}]","[{""id"": ""dumbbell"", ""name"": ""Mancuernas"", ""icon_url"": null}, {""id"": ""bench"", ""name"": ""Banco"", ""icon_url"": null}]"
ex-0277,press-arnold-sentado-fuerza,Press arnold sentado - Fuerza,,image,"{""Press arnold sentado"",""Press arnold sentado variante"",""Press arnold sentado fuerza""}","{""Posicion inicial para press arnold sentado: coloca pies firmes, gluteos activos y codos bajo control durante todo el recorrido."",""Movimiento: empuja por encima de la cabeza manteniendo costillas abajo y baja hasta posicion inicial sin perder postura."",""Variante fuerza: elige una carga desafiante y ejecuta repeticiones tecnicamente limpias."",""Respira con control, evita dolor articular y completa 3 a 4 series con tecnica limpia.""}","[{""id"": ""shoulders"", ""name"": ""Hombros"", ""image_url"": null}, {""id"": ""triceps"", ""name"": ""Triceps"", ""image_url"": null}]","[{""id"": ""dumbbell"", ""name"": ""Mancuernas"", ""icon_url"": null}, {""id"": ""bench"", ""name"": ""Banco"", ""icon_url"": null}]"
ex-0278,press-arnold-sentado-resistencia,Press arnold sentado - Resistencia,,image,"{""Press arnold sentado"",""Press arnold sentado variante"",""Press arnold sentado resistencia""}","{""Posicion inicial para press arnold sentado: coloca pies firmes, gluteos activos y codos bajo control durante todo el recorrido."",""Movimiento: empuja por encima de la cabeza manteniendo costillas abajo y baja hasta posicion inicial sin perder postura."",""Variante resistencia: usa carga moderada y acumula mas repeticiones con ritmo constante."",""Respira con control, evita dolor articular y completa 3 a 4 series con tecnica limpia.""}","[{""id"": ""shoulders"", ""name"": ""Hombros"", ""image_url"": null}, {""id"": ""triceps"", ""name"": ""Triceps"", ""image_url"": null}]","[{""id"": ""dumbbell"", ""name"": ""Mancuernas"", ""icon_url"": null}, {""id"": ""bench"", ""name"": ""Banco"", ""icon_url"": null}]"
ex-0279,press-arnold-sentado-rango-completo,Press arnold sentado - Rango completo,,image,"{""Press arnold sentado"",""Press arnold sentado variante"",""Press arnold sentado rango completo""}","{""Posicion inicial para press arnold sentado: coloca pies firmes, gluteos activos y codos bajo control durante todo el recorrido."",""Movimiento: empuja por encima de la cabeza manteniendo costillas abajo y baja hasta posicion inicial sin perder postura."",""Variante rango completo: busca el mayor rango de movimiento seguro en cada repeticion."",""Respira con control, evita dolor articular y completa 3 a 4 series con tecnica limpia.""}","[{""id"": ""shoulders"", ""name"": ""Hombros"", ""image_url"": null}, {""id"": ""triceps"", ""name"": ""Triceps"", ""image_url"": null}]","[{""id"": ""dumbbell"", ""name"": ""Mancuernas"", ""icon_url"": null}, {""id"": ""bench"", ""name"": ""Banco"", ""icon_url"": null}]"
ex-0280,press-arnold-sentado-circuito-metabolico,Press arnold sentado - Circuito metabolico,,image,"{""Press arnold sentado"",""Press arnold sentado variante"",""Press arnold sentado circuito metabolico""}","{""Posicion inicial para press arnold sentado: coloca pies firmes, gluteos activos y codos bajo control durante todo el recorrido."",""Movimiento: empuja por encima de la cabeza manteniendo costillas abajo y baja hasta posicion inicial sin perder postura."",""Variante circuito metabolico: manten descansos cortos para elevar demanda cardiovascular."",""Respira con control, evita dolor articular y completa 3 a 4 series con tecnica limpia.""}","[{""id"": ""shoulders"", ""name"": ""Hombros"", ""image_url"": null}, {""id"": ""triceps"", ""name"": ""Triceps"", ""image_url"": null}]","[{""id"": ""dumbbell"", ""name"": ""Mancuernas"", ""icon_url"": null}, {""id"": ""bench"", ""name"": ""Banco"", ""icon_url"": null}]"
ex-0281,press-de-hombro-en-maquina-tecnica-base,Press de hombro en maquina - Tecnica base,,image,"{""Press de hombro en maquina"",""Press de hombro en maquina variante"",""Press de hombro en maquina tecnica base""}","{""Posicion inicial para press de hombro en maquina: coloca pies firmes, gluteos activos y codos bajo control durante todo el recorrido."",""Movimiento: empuja por encima de la cabeza manteniendo costillas abajo y baja hasta posicion inicial sin perder postura."",""Variante tecnica base: prioriza alineacion de rodillas, cadera y columna en cada repeticion."",""Respira con control, evita dolor articular y completa 3 a 4 series con tecnica limpia.""}","[{""id"": ""shoulders"", ""name"": ""Hombros"", ""image_url"": null}, {""id"": ""triceps"", ""name"": ""Triceps"", ""image_url"": null}]","[{""id"": ""machine"", ""name"": ""Maquina"", ""icon_url"": null}]"
ex-0282,press-de-hombro-en-maquina-tempo-controlado,Press de hombro en maquina - Tempo controlado,,image,"{""Press de hombro en maquina"",""Press de hombro en maquina variante"",""Press de hombro en maquina tempo controlado""}","{""Posicion inicial para press de hombro en maquina: coloca pies firmes, gluteos activos y codos bajo control durante todo el recorrido."",""Movimiento: empuja por encima de la cabeza manteniendo costillas abajo y baja hasta posicion inicial sin perder postura."",""Variante tempo controlado: usa 3 segundos en la fase de descenso y 1 segundo en la fase de subida."",""Respira con control, evita dolor articular y completa 3 a 4 series con tecnica limpia.""}","[{""id"": ""shoulders"", ""name"": ""Hombros"", ""image_url"": null}, {""id"": ""triceps"", ""name"": ""Triceps"", ""image_url"": null}]","[{""id"": ""machine"", ""name"": ""Maquina"", ""icon_url"": null}]"
ex-0283,press-de-hombro-en-maquina-pausa-isometrica,Press de hombro en maquina - Pausa isometrica,,image,"{""Press de hombro en maquina"",""Press de hombro en maquina variante"",""Press de hombro en maquina pausa isometrica""}","{""Posicion inicial para press de hombro en maquina: coloca pies firmes, gluteos activos y codos bajo control durante todo el recorrido."",""Movimiento: empuja por encima de la cabeza manteniendo costillas abajo y baja hasta posicion inicial sin perder postura."",""Variante pausa isometrica: agrega una pausa de 2 segundos en el punto de mayor tension."",""Respira con control, evita dolor articular y completa 3 a 4 series con tecnica limpia.""}","[{""id"": ""shoulders"", ""name"": ""Hombros"", ""image_url"": null}, {""id"": ""triceps"", ""name"": ""Triceps"", ""image_url"": null}]","[{""id"": ""machine"", ""name"": ""Maquina"", ""icon_url"": null}]"
ex-0284,press-de-hombro-en-maquina-unilateral-alternada,Press de hombro en maquina - Unilateral alternada,,image,"{""Press de hombro en maquina"",""Press de hombro en maquina variante"",""Press de hombro en maquina unilateral alternada""}","{""Posicion inicial para press de hombro en maquina: coloca pies firmes, gluteos activos y codos bajo control durante todo el recorrido."",""Movimiento: empuja por encima de la cabeza manteniendo costillas abajo y baja hasta posicion inicial sin perder postura."",""Variante unilateral alternada: trabaja un lado por vez y alterna sin perder estabilidad."",""Respira con control, evita dolor articular y completa 3 a 4 series con tecnica limpia.""}","[{""id"": ""shoulders"", ""name"": ""Hombros"", ""image_url"": null}, {""id"": ""triceps"", ""name"": ""Triceps"", ""image_url"": null}]","[{""id"": ""machine"", ""name"": ""Maquina"", ""icon_url"": null}]"
ex-0285,press-de-hombro-en-maquina-fuerza,Press de hombro en maquina - Fuerza,,image,"{""Press de hombro en maquina"",""Press de hombro en maquina variante"",""Press de hombro en maquina fuerza""}","{""Posicion inicial para press de hombro en maquina: coloca pies firmes, gluteos activos y codos bajo control durante todo el recorrido."",""Movimiento: empuja por encima de la cabeza manteniendo costillas abajo y baja hasta posicion inicial sin perder postura."",""Variante fuerza: elige una carga desafiante y ejecuta repeticiones tecnicamente limpias."",""Respira con control, evita dolor articular y completa 3 a 4 series con tecnica limpia.""}","[{""id"": ""shoulders"", ""name"": ""Hombros"", ""image_url"": null}, {""id"": ""triceps"", ""name"": ""Triceps"", ""image_url"": null}]","[{""id"": ""machine"", ""name"": ""Maquina"", ""icon_url"": null}]"
ex-0286,press-de-hombro-en-maquina-resistencia,Press de hombro en maquina - Resistencia,,image,"{""Press de hombro en maquina"",""Press de hombro en maquina variante"",""Press de hombro en maquina resistencia""}","{""Posicion inicial para press de hombro en maquina: coloca pies firmes, gluteos activos y codos bajo control durante todo el recorrido."",""Movimiento: empuja por encima de la cabeza manteniendo costillas abajo y baja hasta posicion inicial sin perder postura."",""Variante resistencia: usa carga moderada y acumula mas repeticiones con ritmo constante."",""Respira con control, evita dolor articular y completa 3 a 4 series con tecnica limpia.""}","[{""id"": ""shoulders"", ""name"": ""Hombros"", ""image_url"": null}, {""id"": ""triceps"", ""name"": ""Triceps"", ""image_url"": null}]","[{""id"": ""machine"", ""name"": ""Maquina"", ""icon_url"": null}]"
ex-0287,press-de-hombro-en-maquina-rango-completo,Press de hombro en maquina - Rango completo,,image,"{""Press de hombro en maquina"",""Press de hombro en maquina variante"",""Press de hombro en maquina rango completo""}","{""Posicion inicial para press de hombro en maquina: coloca pies firmes, gluteos activos y codos bajo control durante todo el recorrido."",""Movimiento: empuja por encima de la cabeza manteniendo costillas abajo y baja hasta posicion inicial sin perder postura."",""Variante rango completo: busca el mayor rango de movimiento seguro en cada repeticion."",""Respira con control, evita dolor articular y completa 3 a 4 series con tecnica limpia.""}","[{""id"": ""shoulders"", ""name"": ""Hombros"", ""image_url"": null}, {""id"": ""triceps"", ""name"": ""Triceps"", ""image_url"": null}]","[{""id"": ""machine"", ""name"": ""Maquina"", ""icon_url"": null}]"
ex-0288,press-de-hombro-en-maquina-circuito-metabolico,Press de hombro en maquina - Circuito metabolico,,image,"{""Press de hombro en maquina"",""Press de hombro en maquina variante"",""Press de hombro en maquina circuito metabolico""}","{""Posicion inicial para press de hombro en maquina: coloca pies firmes, gluteos activos y codos bajo control durante todo el recorrido."",""Movimiento: empuja por encima de la cabeza manteniendo costillas abajo y baja hasta posicion inicial sin perder postura."",""Variante circuito metabolico: manten descansos cortos para elevar demanda cardiovascular."",""Respira con control, evita dolor articular y completa 3 a 4 series con tecnica limpia.""}","[{""id"": ""shoulders"", ""name"": ""Hombros"", ""image_url"": null}, {""id"": ""triceps"", ""name"": ""Triceps"", ""image_url"": null}]","[{""id"": ""machine"", ""name"": ""Maquina"", ""icon_url"": null}]"
ex-0289,elevaciones-laterales-con-mancuernas-tecnica-base,Elevaciones laterales con mancuernas - Tecnica base,,image,"{""Elevaciones laterales con mancuernas"",""Elevaciones laterales con mancuernas variante"",""Elevaciones laterales con mancuernas tecnica base""}","{""Posicion inicial para elevaciones laterales con mancuernas: coloca pies firmes, gluteos activos y codos bajo control durante todo el recorrido."",""Movimiento: empuja por encima de la cabeza manteniendo costillas abajo y baja hasta posicion inicial sin perder postura."",""Variante tecnica base: prioriza alineacion de rodillas, cadera y columna en cada repeticion."",""Respira con control, evita dolor articular y completa 3 a 4 series con tecnica limpia.""}","[{""id"": ""side_delts"", ""name"": ""Deltoides medio"", ""image_url"": null}, {""id"": ""traps"", ""name"": ""Trapecio"", ""image_url"": null}]","[{""id"": ""dumbbell"", ""name"": ""Mancuernas"", ""icon_url"": null}]"
ex-0290,elevaciones-laterales-con-mancuernas-tempo-controlado,Elevaciones laterales con mancuernas - Tempo controlado,,image,"{""Elevaciones laterales con mancuernas"",""Elevaciones laterales con mancuernas variante"",""Elevaciones laterales con mancuernas tempo controlado""}","{""Posicion inicial para elevaciones laterales con mancuernas: coloca pies firmes, gluteos activos y codos bajo control durante todo el recorrido."",""Movimiento: empuja por encima de la cabeza manteniendo costillas abajo y baja hasta posicion inicial sin perder postura."",""Variante tempo controlado: usa 3 segundos en la fase de descenso y 1 segundo en la fase de subida."",""Respira con control, evita dolor articular y completa 3 a 4 series con tecnica limpia.""}","[{""id"": ""side_delts"", ""name"": ""Deltoides medio"", ""image_url"": null}, {""id"": ""traps"", ""name"": ""Trapecio"", ""image_url"": null}]","[{""id"": ""dumbbell"", ""name"": ""Mancuernas"", ""icon_url"": null}]"
ex-0291,elevaciones-laterales-con-mancuernas-pausa-isometrica,Elevaciones laterales con mancuernas - Pausa isometrica,,image,"{""Elevaciones laterales con mancuernas"",""Elevaciones laterales con mancuernas variante"",""Elevaciones laterales con mancuernas pausa isometrica""}","{""Posicion inicial para elevaciones laterales con mancuernas: coloca pies firmes, gluteos activos y codos bajo control durante todo el recorrido."",""Movimiento: empuja por encima de la cabeza manteniendo costillas abajo y baja hasta posicion inicial sin perder postura."",""Variante pausa isometrica: agrega una pausa de 2 segundos en el punto de mayor tension."",""Respira con control, evita dolor articular y completa 3 a 4 series con tecnica limpia.""}","[{""id"": ""side_delts"", ""name"": ""Deltoides medio"", ""image_url"": null}, {""id"": ""traps"", ""name"": ""Trapecio"", ""image_url"": null}]","[{""id"": ""dumbbell"", ""name"": ""Mancuernas"", ""icon_url"": null}]"
ex-0292,elevaciones-laterales-con-mancuernas-unilateral-alternada,Elevaciones laterales con mancuernas - Unilateral alternada,,image,"{""Elevaciones laterales con mancuernas"",""Elevaciones laterales con mancuernas variante"",""Elevaciones laterales con mancuernas unilateral alternada""}","{""Posicion inicial para elevaciones laterales con mancuernas: coloca pies firmes, gluteos activos y codos bajo control durante todo el recorrido."",""Movimiento: empuja por encima de la cabeza manteniendo costillas abajo y baja hasta posicion inicial sin perder postura."",""Variante unilateral alternada: trabaja un lado por vez y alterna sin perder estabilidad."",""Respira con control, evita dolor articular y completa 3 a 4 series con tecnica limpia.""}","[{""id"": ""side_delts"", ""name"": ""Deltoides medio"", ""image_url"": null}, {""id"": ""traps"", ""name"": ""Trapecio"", ""image_url"": null}]","[{""id"": ""dumbbell"", ""name"": ""Mancuernas"", ""icon_url"": null}]"
ex-0293,elevaciones-laterales-con-mancuernas-fuerza,Elevaciones laterales con mancuernas - Fuerza,,image,"{""Elevaciones laterales con mancuernas"",""Elevaciones laterales con mancuernas variante"",""Elevaciones laterales con mancuernas fuerza""}","{""Posicion inicial para elevaciones laterales con mancuernas: coloca pies firmes, gluteos activos y codos bajo control durante todo el recorrido."",""Movimiento: empuja por encima de la cabeza manteniendo costillas abajo y baja hasta posicion inicial sin perder postura."",""Variante fuerza: elige una carga desafiante y ejecuta repeticiones tecnicamente limpias."",""Respira con control, evita dolor articular y completa 3 a 4 series con tecnica limpia.""}","[{""id"": ""side_delts"", ""name"": ""Deltoides medio"", ""image_url"": null}, {""id"": ""traps"", ""name"": ""Trapecio"", ""image_url"": null}]","[{""id"": ""dumbbell"", ""name"": ""Mancuernas"", ""icon_url"": null}]"
ex-0294,elevaciones-laterales-con-mancuernas-resistencia,Elevaciones laterales con mancuernas - Resistencia,,image,"{""Elevaciones laterales con mancuernas"",""Elevaciones laterales con mancuernas variante"",""Elevaciones laterales con mancuernas resistencia""}","{""Posicion inicial para elevaciones laterales con mancuernas: coloca pies firmes, gluteos activos y codos bajo control durante todo el recorrido."",""Movimiento: empuja por encima de la cabeza manteniendo costillas abajo y baja hasta posicion inicial sin perder postura."",""Variante resistencia: usa carga moderada y acumula mas repeticiones con ritmo constante."",""Respira con control, evita dolor articular y completa 3 a 4 series con tecnica limpia.""}","[{""id"": ""side_delts"", ""name"": ""Deltoides medio"", ""image_url"": null}, {""id"": ""traps"", ""name"": ""Trapecio"", ""image_url"": null}]","[{""id"": ""dumbbell"", ""name"": ""Mancuernas"", ""icon_url"": null}]"
ex-0295,elevaciones-laterales-con-mancuernas-rango-completo,Elevaciones laterales con mancuernas - Rango completo,,image,"{""Elevaciones laterales con mancuernas"",""Elevaciones laterales con mancuernas variante"",""Elevaciones laterales con mancuernas rango completo""}","{""Posicion inicial para elevaciones laterales con mancuernas: coloca pies firmes, gluteos activos y codos bajo control durante todo el recorrido."",""Movimiento: empuja por encima de la cabeza manteniendo costillas abajo y baja hasta posicion inicial sin perder postura."",""Variante rango completo: busca el mayor rango de movimiento seguro en cada repeticion."",""Respira con control, evita dolor articular y completa 3 a 4 series con tecnica limpia.""}","[{""id"": ""side_delts"", ""name"": ""Deltoides medio"", ""image_url"": null}, {""id"": ""traps"", ""name"": ""Trapecio"", ""image_url"": null}]","[{""id"": ""dumbbell"", ""name"": ""Mancuernas"", ""icon_url"": null}]"
ex-0296,elevaciones-laterales-con-mancuernas-circuito-metabolico,Elevaciones laterales con mancuernas - Circuito metabolico,,image,"{""Elevaciones laterales con mancuernas"",""Elevaciones laterales con mancuernas variante"",""Elevaciones laterales con mancuernas circuito metabolico""}","{""Posicion inicial para elevaciones laterales con mancuernas: coloca pies firmes, gluteos activos y codos bajo control durante todo el recorrido."",""Movimiento: empuja por encima de la cabeza manteniendo costillas abajo y baja hasta posicion inicial sin perder postura."",""Variante circuito metabolico: manten descansos cortos para elevar demanda cardiovascular."",""Respira con control, evita dolor articular y completa 3 a 4 series con tecnica limpia.""}","[{""id"": ""side_delts"", ""name"": ""Deltoides medio"", ""image_url"": null}, {""id"": ""traps"", ""name"": ""Trapecio"", ""image_url"": null}]","[{""id"": ""dumbbell"", ""name"": ""Mancuernas"", ""icon_url"": null}]"
ex-0297,elevaciones-frontales-con-disco-tecnica-base,Elevaciones frontales con disco - Tecnica base,,image,"{""Elevaciones frontales con disco"",""Elevaciones frontales con disco variante"",""Elevaciones frontales con disco tecnica base""}","{""Posicion inicial para elevaciones frontales con disco: coloca pies firmes, gluteos activos y codos bajo control durante todo el recorrido."",""Movimiento: empuja por encima de la cabeza manteniendo costillas abajo y baja hasta posicion inicial sin perder postura."",""Variante tecnica base: prioriza alineacion de rodillas, cadera y columna en cada repeticion."",""Respira con control, evita dolor articular y completa 3 a 4 series con tecnica limpia.""}","[{""id"": ""front_delts"", ""name"": ""Deltoides frontal"", ""image_url"": null}, {""id"": ""core"", ""name"": ""Core"", ""image_url"": null}]","[{""id"": ""plate"", ""name"": ""Disco"", ""icon_url"": null}]"
ex-0298,elevaciones-frontales-con-disco-tempo-controlado,Elevaciones frontales con disco - Tempo controlado,,image,"{""Elevaciones frontales con disco"",""Elevaciones frontales con disco variante"",""Elevaciones frontales con disco tempo controlado""}","{""Posicion inicial para elevaciones frontales con disco: coloca pies firmes, gluteos activos y codos bajo control durante todo el recorrido."",""Movimiento: empuja por encima de la cabeza manteniendo costillas abajo y baja hasta posicion inicial sin perder postura."",""Variante tempo controlado: usa 3 segundos en la fase de descenso y 1 segundo en la fase de subida."",""Respira con control, evita dolor articular y completa 3 a 4 series con tecnica limpia.""}","[{""id"": ""front_delts"", ""name"": ""Deltoides frontal"", ""image_url"": null}, {""id"": ""core"", ""name"": ""Core"", ""image_url"": null}]","[{""id"": ""plate"", ""name"": ""Disco"", ""icon_url"": null}]"
ex-0299,elevaciones-frontales-con-disco-pausa-isometrica,Elevaciones frontales con disco - Pausa isometrica,,image,"{""Elevaciones frontales con disco"",""Elevaciones frontales con disco variante"",""Elevaciones frontales con disco pausa isometrica""}","{""Posicion inicial para elevaciones frontales con disco: coloca pies firmes, gluteos activos y codos bajo control durante todo el recorrido."",""Movimiento: empuja por encima de la cabeza manteniendo costillas abajo y baja hasta posicion inicial sin perder postura."",""Variante pausa isometrica: agrega una pausa de 2 segundos en el punto de mayor tension."",""Respira con control, evita dolor articular y completa 3 a 4 series con tecnica limpia.""}","[{""id"": ""front_delts"", ""name"": ""Deltoides frontal"", ""image_url"": null}, {""id"": ""core"", ""name"": ""Core"", ""image_url"": null}]","[{""id"": ""plate"", ""name"": ""Disco"", ""icon_url"": null}]"
ex-0300,elevaciones-frontales-con-disco-unilateral-alternada,Elevaciones frontales con disco - Unilateral alternada,,image,"{""Elevaciones frontales con disco"",""Elevaciones frontales con disco variante"",""Elevaciones frontales con disco unilateral alternada""}","{""Posicion inicial para elevaciones frontales con disco: coloca pies firmes, gluteos activos y codos bajo control durante todo el recorrido."",""Movimiento: empuja por encima de la cabeza manteniendo costillas abajo y baja hasta posicion inicial sin perder postura."",""Variante unilateral alternada: trabaja un lado por vez y alterna sin perder estabilidad."",""Respira con control, evita dolor articular y completa 3 a 4 series con tecnica limpia.""}","[{""id"": ""front_delts"", ""name"": ""Deltoides frontal"", ""image_url"": null}, {""id"": ""core"", ""name"": ""Core"", ""image_url"": null}]","[{""id"": ""plate"", ""name"": ""Disco"", ""icon_url"": null}]"
ex-0301,elevaciones-frontales-con-disco-fuerza,Elevaciones frontales con disco - Fuerza,,image,"{""Elevaciones frontales con disco"",""Elevaciones frontales con disco variante"",""Elevaciones frontales con disco fuerza""}","{""Posicion inicial para elevaciones frontales con disco: coloca pies firmes, gluteos activos y codos bajo control durante todo el recorrido."",""Movimiento: empuja por encima de la cabeza manteniendo costillas abajo y baja hasta posicion inicial sin perder postura."",""Variante fuerza: elige una carga desafiante y ejecuta repeticiones tecnicamente limpias."",""Respira con control, evita dolor articular y completa 3 a 4 series con tecnica limpia.""}","[{""id"": ""front_delts"", ""name"": ""Deltoides frontal"", ""image_url"": null}, {""id"": ""core"", ""name"": ""Core"", ""image_url"": null}]","[{""id"": ""plate"", ""name"": ""Disco"", ""icon_url"": null}]"
ex-0302,elevaciones-frontales-con-disco-resistencia,Elevaciones frontales con disco - Resistencia,,image,"{""Elevaciones frontales con disco"",""Elevaciones frontales con disco variante"",""Elevaciones frontales con disco resistencia""}","{""Posicion inicial para elevaciones frontales con disco: coloca pies firmes, gluteos activos y codos bajo control durante todo el recorrido."",""Movimiento: empuja por encima de la cabeza manteniendo costillas abajo y baja hasta posicion inicial sin perder postura."",""Variante resistencia: usa carga moderada y acumula mas repeticiones con ritmo constante."",""Respira con control, evita dolor articular y completa 3 a 4 series con tecnica limpia.""}","[{""id"": ""front_delts"", ""name"": ""Deltoides frontal"", ""image_url"": null}, {""id"": ""core"", ""name"": ""Core"", ""image_url"": null}]","[{""id"": ""plate"", ""name"": ""Disco"", ""icon_url"": null}]"
ex-0303,elevaciones-frontales-con-disco-rango-completo,Elevaciones frontales con disco - Rango completo,,image,"{""Elevaciones frontales con disco"",""Elevaciones frontales con disco variante"",""Elevaciones frontales con disco rango completo""}","{""Posicion inicial para elevaciones frontales con disco: coloca pies firmes, gluteos activos y codos bajo control durante todo el recorrido."",""Movimiento: empuja por encima de la cabeza manteniendo costillas abajo y baja hasta posicion inicial sin perder postura."",""Variante rango completo: busca el mayor rango de movimiento seguro en cada repeticion."",""Respira con control, evita dolor articular y completa 3 a 4 series con tecnica limpia.""}","[{""id"": ""front_delts"", ""name"": ""Deltoides frontal"", ""image_url"": null}, {""id"": ""core"", ""name"": ""Core"", ""image_url"": null}]","[{""id"": ""plate"", ""name"": ""Disco"", ""icon_url"": null}]"
ex-0304,elevaciones-frontales-con-disco-circuito-metabolico,Elevaciones frontales con disco - Circuito metabolico,,image,"{""Elevaciones frontales con disco"",""Elevaciones frontales con disco variante"",""Elevaciones frontales con disco circuito metabolico""}","{""Posicion inicial para elevaciones frontales con disco: coloca pies firmes, gluteos activos y codos bajo control durante todo el recorrido."",""Movimiento: empuja por encima de la cabeza manteniendo costillas abajo y baja hasta posicion inicial sin perder postura."",""Variante circuito metabolico: manten descansos cortos para elevar demanda cardiovascular."",""Respira con control, evita dolor articular y completa 3 a 4 series con tecnica limpia.""}","[{""id"": ""front_delts"", ""name"": ""Deltoides frontal"", ""image_url"": null}, {""id"": ""core"", ""name"": ""Core"", ""image_url"": null}]","[{""id"": ""plate"", ""name"": ""Disco"", ""icon_url"": null}]"
ex-0305,elevaciones-posteriores-en-banco-tecnica-base,Elevaciones posteriores en banco - Tecnica base,,image,"{""Elevaciones posteriores en banco"",""Elevaciones posteriores en banco variante"",""Elevaciones posteriores en banco tecnica base""}","{""Posicion inicial para elevaciones posteriores en banco: coloca pies firmes, gluteos activos y codos bajo control durante todo el recorrido."",""Movimiento: empuja por encima de la cabeza manteniendo costillas abajo y baja hasta posicion inicial sin perder postura."",""Variante tecnica base: prioriza alineacion de rodillas, cadera y columna en cada repeticion."",""Respira con control, evita dolor articular y completa 3 a 4 series con tecnica limpia.""}","[{""id"": ""rear_delts"", ""name"": ""Deltoides posterior"", ""image_url"": null}, {""id"": ""traps"", ""name"": ""Trapecio"", ""image_url"": null}]","[{""id"": ""dumbbell"", ""name"": ""Mancuernas"", ""icon_url"": null}, {""id"": ""bench"", ""name"": ""Banco"", ""icon_url"": null}]"
ex-0306,elevaciones-posteriores-en-banco-tempo-controlado,Elevaciones posteriores en banco - Tempo controlado,,image,"{""Elevaciones posteriores en banco"",""Elevaciones posteriores en banco variante"",""Elevaciones posteriores en banco tempo controlado""}","{""Posicion inicial para elevaciones posteriores en banco: coloca pies firmes, gluteos activos y codos bajo control durante todo el recorrido."",""Movimiento: empuja por encima de la cabeza manteniendo costillas abajo y baja hasta posicion inicial sin perder postura."",""Variante tempo controlado: usa 3 segundos en la fase de descenso y 1 segundo en la fase de subida."",""Respira con control, evita dolor articular y completa 3 a 4 series con tecnica limpia.""}","[{""id"": ""rear_delts"", ""name"": ""Deltoides posterior"", ""image_url"": null}, {""id"": ""traps"", ""name"": ""Trapecio"", ""image_url"": null}]","[{""id"": ""dumbbell"", ""name"": ""Mancuernas"", ""icon_url"": null}, {""id"": ""bench"", ""name"": ""Banco"", ""icon_url"": null}]"
ex-0307,elevaciones-posteriores-en-banco-pausa-isometrica,Elevaciones posteriores en banco - Pausa isometrica,,image,"{""Elevaciones posteriores en banco"",""Elevaciones posteriores en banco variante"",""Elevaciones posteriores en banco pausa isometrica""}","{""Posicion inicial para elevaciones posteriores en banco: coloca pies firmes, gluteos activos y codos bajo control durante todo el recorrido."",""Movimiento: empuja por encima de la cabeza manteniendo costillas abajo y baja hasta posicion inicial sin perder postura."",""Variante pausa isometrica: agrega una pausa de 2 segundos en el punto de mayor tension."",""Respira con control, evita dolor articular y completa 3 a 4 series con tecnica limpia.""}","[{""id"": ""rear_delts"", ""name"": ""Deltoides posterior"", ""image_url"": null}, {""id"": ""traps"", ""name"": ""Trapecio"", ""image_url"": null}]","[{""id"": ""dumbbell"", ""name"": ""Mancuernas"", ""icon_url"": null}, {""id"": ""bench"", ""name"": ""Banco"", ""icon_url"": null}]"
ex-0308,elevaciones-posteriores-en-banco-unilateral-alternada,Elevaciones posteriores en banco - Unilateral alternada,,image,"{""Elevaciones posteriores en banco"",""Elevaciones posteriores en banco variante"",""Elevaciones posteriores en banco unilateral alternada""}","{""Posicion inicial para elevaciones posteriores en banco: coloca pies firmes, gluteos activos y codos bajo control durante todo el recorrido."",""Movimiento: empuja por encima de la cabeza manteniendo costillas abajo y baja hasta posicion inicial sin perder postura."",""Variante unilateral alternada: trabaja un lado por vez y alterna sin perder estabilidad."",""Respira con control, evita dolor articular y completa 3 a 4 series con tecnica limpia.""}","[{""id"": ""rear_delts"", ""name"": ""Deltoides posterior"", ""image_url"": null}, {""id"": ""traps"", ""name"": ""Trapecio"", ""image_url"": null}]","[{""id"": ""dumbbell"", ""name"": ""Mancuernas"", ""icon_url"": null}, {""id"": ""bench"", ""name"": ""Banco"", ""icon_url"": null}]"
ex-0309,elevaciones-posteriores-en-banco-fuerza,Elevaciones posteriores en banco - Fuerza,,image,"{""Elevaciones posteriores en banco"",""Elevaciones posteriores en banco variante"",""Elevaciones posteriores en banco fuerza""}","{""Posicion inicial para elevaciones posteriores en banco: coloca pies firmes, gluteos activos y codos bajo control durante todo el recorrido."",""Movimiento: empuja por encima de la cabeza manteniendo costillas abajo y baja hasta posicion inicial sin perder postura."",""Variante fuerza: elige una carga desafiante y ejecuta repeticiones tecnicamente limpias."",""Respira con control, evita dolor articular y completa 3 a 4 series con tecnica limpia.""}","[{""id"": ""rear_delts"", ""name"": ""Deltoides posterior"", ""image_url"": null}, {""id"": ""traps"", ""name"": ""Trapecio"", ""image_url"": null}]","[{""id"": ""dumbbell"", ""name"": ""Mancuernas"", ""icon_url"": null}, {""id"": ""bench"", ""name"": ""Banco"", ""icon_url"": null}]"
ex-0310,elevaciones-posteriores-en-banco-resistencia,Elevaciones posteriores en banco - Resistencia,,image,"{""Elevaciones posteriores en banco"",""Elevaciones posteriores en banco variante"",""Elevaciones posteriores en banco resistencia""}","{""Posicion inicial para elevaciones posteriores en banco: coloca pies firmes, gluteos activos y codos bajo control durante todo el recorrido."",""Movimiento: empuja por encima de la cabeza manteniendo costillas abajo y baja hasta posicion inicial sin perder postura."",""Variante resistencia: usa carga moderada y acumula mas repeticiones con ritmo constante."",""Respira con control, evita dolor articular y completa 3 a 4 series con tecnica limpia.""}","[{""id"": ""rear_delts"", ""name"": ""Deltoides posterior"", ""image_url"": null}, {""id"": ""traps"", ""name"": ""Trapecio"", ""image_url"": null}]","[{""id"": ""dumbbell"", ""name"": ""Mancuernas"", ""icon_url"": null}, {""id"": ""bench"", ""name"": ""Banco"", ""icon_url"": null}]"
ex-0311,elevaciones-posteriores-en-banco-rango-completo,Elevaciones posteriores en banco - Rango completo,,image,"{""Elevaciones posteriores en banco"",""Elevaciones posteriores en banco variante"",""Elevaciones posteriores en banco rango completo""}","{""Posicion inicial para elevaciones posteriores en banco: coloca pies firmes, gluteos activos y codos bajo control durante todo el recorrido."",""Movimiento: empuja por encima de la cabeza manteniendo costillas abajo y baja hasta posicion inicial sin perder postura."",""Variante rango completo: busca el mayor rango de movimiento seguro en cada repeticion."",""Respira con control, evita dolor articular y completa 3 a 4 series con tecnica limpia.""}","[{""id"": ""rear_delts"", ""name"": ""Deltoides posterior"", ""image_url"": null}, {""id"": ""traps"", ""name"": ""Trapecio"", ""image_url"": null}]","[{""id"": ""dumbbell"", ""name"": ""Mancuernas"", ""icon_url"": null}, {""id"": ""bench"", ""name"": ""Banco"", ""icon_url"": null}]"
ex-0312,elevaciones-posteriores-en-banco-circuito-metabolico,Elevaciones posteriores en banco - Circuito metabolico,,image,"{""Elevaciones posteriores en banco"",""Elevaciones posteriores en banco variante"",""Elevaciones posteriores en banco circuito metabolico""}","{""Posicion inicial para elevaciones posteriores en banco: coloca pies firmes, gluteos activos y codos bajo control durante todo el recorrido."",""Movimiento: empuja por encima de la cabeza manteniendo costillas abajo y baja hasta posicion inicial sin perder postura."",""Variante circuito metabolico: manten descansos cortos para elevar demanda cardiovascular."",""Respira con control, evita dolor articular y completa 3 a 4 series con tecnica limpia.""}","[{""id"": ""rear_delts"", ""name"": ""Deltoides posterior"", ""image_url"": null}, {""id"": ""traps"", ""name"": ""Trapecio"", ""image_url"": null}]","[{""id"": ""dumbbell"", ""name"": ""Mancuernas"", ""icon_url"": null}, {""id"": ""bench"", ""name"": ""Banco"", ""icon_url"": null}]"
ex-0313,remo-al-menton-con-barra-tecnica-base,Remo al menton con barra - Tecnica base,,image,"{""Remo al menton con barra"",""Remo al menton con barra variante"",""Remo al menton con barra tecnica base""}","{""Posicion inicial para remo al menton con barra: manten torso estable, hombros abajo y codos guiando el movimiento."",""Movimiento: jala llevando codos hacia atras y junta escapulas, luego extiende brazos con control."",""Variante tecnica base: prioriza alineacion de rodillas, cadera y columna en cada repeticion."",""Respira con control, evita dolor articular y completa 3 a 4 series con tecnica limpia.""}","[{""id"": ""traps"", ""name"": ""Trapecio"", ""image_url"": null}, {""id"": ""shoulders"", ""name"": ""Hombros"", ""image_url"": null}]","[{""id"": ""barbell"", ""name"": ""Barra"", ""icon_url"": null}]"
ex-0314,remo-al-menton-con-barra-tempo-controlado,Remo al menton con barra - Tempo controlado,,image,"{""Remo al menton con barra"",""Remo al menton con barra variante"",""Remo al menton con barra tempo controlado""}","{""Posicion inicial para remo al menton con barra: manten torso estable, hombros abajo y codos guiando el movimiento."",""Movimiento: jala llevando codos hacia atras y junta escapulas, luego extiende brazos con control."",""Variante tempo controlado: usa 3 segundos en la fase de descenso y 1 segundo en la fase de subida."",""Respira con control, evita dolor articular y completa 3 a 4 series con tecnica limpia.""}","[{""id"": ""traps"", ""name"": ""Trapecio"", ""image_url"": null}, {""id"": ""shoulders"", ""name"": ""Hombros"", ""image_url"": null}]","[{""id"": ""barbell"", ""name"": ""Barra"", ""icon_url"": null}]"
ex-0315,remo-al-menton-con-barra-pausa-isometrica,Remo al menton con barra - Pausa isometrica,,image,"{""Remo al menton con barra"",""Remo al menton con barra variante"",""Remo al menton con barra pausa isometrica""}","{""Posicion inicial para remo al menton con barra: manten torso estable, hombros abajo y codos guiando el movimiento."",""Movimiento: jala llevando codos hacia atras y junta escapulas, luego extiende brazos con control."",""Variante pausa isometrica: agrega una pausa de 2 segundos en el punto de mayor tension."",""Respira con control, evita dolor articular y completa 3 a 4 series con tecnica limpia.""}","[{""id"": ""traps"", ""name"": ""Trapecio"", ""image_url"": null}, {""id"": ""shoulders"", ""name"": ""Hombros"", ""image_url"": null}]","[{""id"": ""barbell"", ""name"": ""Barra"", ""icon_url"": null}]"
ex-0316,remo-al-menton-con-barra-unilateral-alternada,Remo al menton con barra - Unilateral alternada,,image,"{""Remo al menton con barra"",""Remo al menton con barra variante"",""Remo al menton con barra unilateral alternada""}","{""Posicion inicial para remo al menton con barra: manten torso estable, hombros abajo y codos guiando el movimiento."",""Movimiento: jala llevando codos hacia atras y junta escapulas, luego extiende brazos con control."",""Variante unilateral alternada: trabaja un lado por vez y alterna sin perder estabilidad."",""Respira con control, evita dolor articular y completa 3 a 4 series con tecnica limpia.""}","[{""id"": ""traps"", ""name"": ""Trapecio"", ""image_url"": null}, {""id"": ""shoulders"", ""name"": ""Hombros"", ""image_url"": null}]","[{""id"": ""barbell"", ""name"": ""Barra"", ""icon_url"": null}]"
ex-0317,remo-al-menton-con-barra-fuerza,Remo al menton con barra - Fuerza,,image,"{""Remo al menton con barra"",""Remo al menton con barra variante"",""Remo al menton con barra fuerza""}","{""Posicion inicial para remo al menton con barra: manten torso estable, hombros abajo y codos guiando el movimiento."",""Movimiento: jala llevando codos hacia atras y junta escapulas, luego extiende brazos con control."",""Variante fuerza: elige una carga desafiante y ejecuta repeticiones tecnicamente limpias."",""Respira con control, evita dolor articular y completa 3 a 4 series con tecnica limpia.""}","[{""id"": ""traps"", ""name"": ""Trapecio"", ""image_url"": null}, {""id"": ""shoulders"", ""name"": ""Hombros"", ""image_url"": null}]","[{""id"": ""barbell"", ""name"": ""Barra"", ""icon_url"": null}]"
ex-0318,remo-al-menton-con-barra-resistencia,Remo al menton con barra - Resistencia,,image,"{""Remo al menton con barra"",""Remo al menton con barra variante"",""Remo al menton con barra resistencia""}","{""Posicion inicial para remo al menton con barra: manten torso estable, hombros abajo y codos guiando el movimiento."",""Movimiento: jala llevando codos hacia atras y junta escapulas, luego extiende brazos con control."",""Variante resistencia: usa carga moderada y acumula mas repeticiones con ritmo constante."",""Respira con control, evita dolor articular y completa 3 a 4 series con tecnica limpia.""}","[{""id"": ""traps"", ""name"": ""Trapecio"", ""image_url"": null}, {""id"": ""shoulders"", ""name"": ""Hombros"", ""image_url"": null}]","[{""id"": ""barbell"", ""name"": ""Barra"", ""icon_url"": null}]"
ex-0319,remo-al-menton-con-barra-rango-completo,Remo al menton con barra - Rango completo,,image,"{""Remo al menton con barra"",""Remo al menton con barra variante"",""Remo al menton con barra rango completo""}","{""Posicion inicial para remo al menton con barra: manten torso estable, hombros abajo y codos guiando el movimiento."",""Movimiento: jala llevando codos hacia atras y junta escapulas, luego extiende brazos con control."",""Variante rango completo: busca el mayor rango de movimiento seguro en cada repeticion."",""Respira con control, evita dolor articular y completa 3 a 4 series con tecnica limpia.""}","[{""id"": ""traps"", ""name"": ""Trapecio"", ""image_url"": null}, {""id"": ""shoulders"", ""name"": ""Hombros"", ""image_url"": null}]","[{""id"": ""barbell"", ""name"": ""Barra"", ""icon_url"": null}]"
ex-0320,remo-al-menton-con-barra-circuito-metabolico,Remo al menton con barra - Circuito metabolico,,image,"{""Remo al menton con barra"",""Remo al menton con barra variante"",""Remo al menton con barra circuito metabolico""}","{""Posicion inicial para remo al menton con barra: manten torso estable, hombros abajo y codos guiando el movimiento."",""Movimiento: jala llevando codos hacia atras y junta escapulas, luego extiende brazos con control."",""Variante circuito metabolico: manten descansos cortos para elevar demanda cardiovascular."",""Respira con control, evita dolor articular y completa 3 a 4 series con tecnica limpia.""}","[{""id"": ""traps"", ""name"": ""Trapecio"", ""image_url"": null}, {""id"": ""shoulders"", ""name"": ""Hombros"", ""image_url"": null}]","[{""id"": ""barbell"", ""name"": ""Barra"", ""icon_url"": null}]"
ex-0321,dominadas-pronas-tecnica-base,Dominadas pronas - Tecnica base,,image,"{""Dominadas pronas"",""Dominadas pronas variante"",""Dominadas pronas tecnica base""}","{""Posicion inicial para dominadas pronas: deprime escapulas y sujeta el implemento con agarre firme antes de iniciar."",""Movimiento: jala hacia el torso iniciando desde la espalda y regresa de forma controlada al estiramiento."",""Variante tecnica base: prioriza alineacion de rodillas, cadera y columna en cada repeticion."",""Respira con control, evita dolor articular y completa 3 a 4 series con tecnica limpia.""}","[{""id"": ""lats"", ""name"": ""Dorsal ancho"", ""image_url"": null}, {""id"": ""biceps"", ""name"": ""Biceps"", ""image_url"": null}]","[{""id"": ""pullup_bar"", ""name"": ""Barra de dominadas"", ""icon_url"": null}]"
ex-0322,dominadas-pronas-tempo-controlado,Dominadas pronas - Tempo controlado,,image,"{""Dominadas pronas"",""Dominadas pronas variante"",""Dominadas pronas tempo controlado""}","{""Posicion inicial para dominadas pronas: deprime escapulas y sujeta el implemento con agarre firme antes de iniciar."",""Movimiento: jala hacia el torso iniciando desde la espalda y regresa de forma controlada al estiramiento."",""Variante tempo controlado: usa 3 segundos en la fase de descenso y 1 segundo en la fase de subida."",""Respira con control, evita dolor articular y completa 3 a 4 series con tecnica limpia.""}","[{""id"": ""lats"", ""name"": ""Dorsal ancho"", ""image_url"": null}, {""id"": ""biceps"", ""name"": ""Biceps"", ""image_url"": null}]","[{""id"": ""pullup_bar"", ""name"": ""Barra de dominadas"", ""icon_url"": null}]"
ex-0323,dominadas-pronas-pausa-isometrica,Dominadas pronas - Pausa isometrica,,image,"{""Dominadas pronas"",""Dominadas pronas variante"",""Dominadas pronas pausa isometrica""}","{""Posicion inicial para dominadas pronas: deprime escapulas y sujeta el implemento con agarre firme antes de iniciar."",""Movimiento: jala hacia el torso iniciando desde la espalda y regresa de forma controlada al estiramiento."",""Variante pausa isometrica: agrega una pausa de 2 segundos en el punto de mayor tension."",""Respira con control, evita dolor articular y completa 3 a 4 series con tecnica limpia.""}","[{""id"": ""lats"", ""name"": ""Dorsal ancho"", ""image_url"": null}, {""id"": ""biceps"", ""name"": ""Biceps"", ""image_url"": null}]","[{""id"": ""pullup_bar"", ""name"": ""Barra de dominadas"", ""icon_url"": null}]"
ex-0324,dominadas-pronas-unilateral-alternada,Dominadas pronas - Unilateral alternada,,image,"{""Dominadas pronas"",""Dominadas pronas variante"",""Dominadas pronas unilateral alternada""}","{""Posicion inicial para dominadas pronas: deprime escapulas y sujeta el implemento con agarre firme antes de iniciar."",""Movimiento: jala hacia el torso iniciando desde la espalda y regresa de forma controlada al estiramiento."",""Variante unilateral alternada: trabaja un lado por vez y alterna sin perder estabilidad."",""Respira con control, evita dolor articular y completa 3 a 4 series con tecnica limpia.""}","[{""id"": ""lats"", ""name"": ""Dorsal ancho"", ""image_url"": null}, {""id"": ""biceps"", ""name"": ""Biceps"", ""image_url"": null}]","[{""id"": ""pullup_bar"", ""name"": ""Barra de dominadas"", ""icon_url"": null}]"
ex-0325,dominadas-pronas-fuerza,Dominadas pronas - Fuerza,,image,"{""Dominadas pronas"",""Dominadas pronas variante"",""Dominadas pronas fuerza""}","{""Posicion inicial para dominadas pronas: deprime escapulas y sujeta el implemento con agarre firme antes de iniciar."",""Movimiento: jala hacia el torso iniciando desde la espalda y regresa de forma controlada al estiramiento."",""Variante fuerza: elige una carga desafiante y ejecuta repeticiones tecnicamente limpias."",""Respira con control, evita dolor articular y completa 3 a 4 series con tecnica limpia.""}","[{""id"": ""lats"", ""name"": ""Dorsal ancho"", ""image_url"": null}, {""id"": ""biceps"", ""name"": ""Biceps"", ""image_url"": null}]","[{""id"": ""pullup_bar"", ""name"": ""Barra de dominadas"", ""icon_url"": null}]"
ex-0326,dominadas-pronas-resistencia,Dominadas pronas - Resistencia,,image,"{""Dominadas pronas"",""Dominadas pronas variante"",""Dominadas pronas resistencia""}","{""Posicion inicial para dominadas pronas: deprime escapulas y sujeta el implemento con agarre firme antes de iniciar."",""Movimiento: jala hacia el torso iniciando desde la espalda y regresa de forma controlada al estiramiento."",""Variante resistencia: usa carga moderada y acumula mas repeticiones con ritmo constante."",""Respira con control, evita dolor articular y completa 3 a 4 series con tecnica limpia.""}","[{""id"": ""lats"", ""name"": ""Dorsal ancho"", ""image_url"": null}, {""id"": ""biceps"", ""name"": ""Biceps"", ""image_url"": null}]","[{""id"": ""pullup_bar"", ""name"": ""Barra de dominadas"", ""icon_url"": null}]"
ex-0327,dominadas-pronas-rango-completo,Dominadas pronas - Rango completo,,image,"{""Dominadas pronas"",""Dominadas pronas variante"",""Dominadas pronas rango completo""}","{""Posicion inicial para dominadas pronas: deprime escapulas y sujeta el implemento con agarre firme antes de iniciar."",""Movimiento: jala hacia el torso iniciando desde la espalda y regresa de forma controlada al estiramiento."",""Variante rango completo: busca el mayor rango de movimiento seguro en cada repeticion."",""Respira con control, evita dolor articular y completa 3 a 4 series con tecnica limpia.""}","[{""id"": ""lats"", ""name"": ""Dorsal ancho"", ""image_url"": null}, {""id"": ""biceps"", ""name"": ""Biceps"", ""image_url"": null}]","[{""id"": ""pullup_bar"", ""name"": ""Barra de dominadas"", ""icon_url"": null}]"
ex-0328,dominadas-pronas-circuito-metabolico,Dominadas pronas - Circuito metabolico,,image,"{""Dominadas pronas"",""Dominadas pronas variante"",""Dominadas pronas circuito metabolico""}","{""Posicion inicial para dominadas pronas: deprime escapulas y sujeta el implemento con agarre firme antes de iniciar."",""Movimiento: jala hacia el torso iniciando desde la espalda y regresa de forma controlada al estiramiento."",""Variante circuito metabolico: manten descansos cortos para elevar demanda cardiovascular."",""Respira con control, evita dolor articular y completa 3 a 4 series con tecnica limpia.""}","[{""id"": ""lats"", ""name"": ""Dorsal ancho"", ""image_url"": null}, {""id"": ""biceps"", ""name"": ""Biceps"", ""image_url"": null}]","[{""id"": ""pullup_bar"", ""name"": ""Barra de dominadas"", ""icon_url"": null}]"
ex-0329,dominadas-supinas-tecnica-base,Dominadas supinas - Tecnica base,,image,"{""Dominadas supinas"",""Dominadas supinas variante"",""Dominadas supinas tecnica base""}","{""Posicion inicial para dominadas supinas: deprime escapulas y sujeta el implemento con agarre firme antes de iniciar."",""Movimiento: jala hacia el torso iniciando desde la espalda y regresa de forma controlada al estiramiento."",""Variante tecnica base: prioriza alineacion de rodillas, cadera y columna en cada repeticion."",""Respira con control, evita dolor articular y completa 3 a 4 series con tecnica limpia.""}","[{""id"": ""biceps"", ""name"": ""Biceps"", ""image_url"": null}, {""id"": ""lats"", ""name"": ""Dorsal ancho"", ""image_url"": null}]","[{""id"": ""pullup_bar"", ""name"": ""Barra de dominadas"", ""icon_url"": null}]"
ex-0330,dominadas-supinas-tempo-controlado,Dominadas supinas - Tempo controlado,,image,"{""Dominadas supinas"",""Dominadas supinas variante"",""Dominadas supinas tempo controlado""}","{""Posicion inicial para dominadas supinas: deprime escapulas y sujeta el implemento con agarre firme antes de iniciar."",""Movimiento: jala hacia el torso iniciando desde la espalda y regresa de forma controlada al estiramiento."",""Variante tempo controlado: usa 3 segundos en la fase de descenso y 1 segundo en la fase de subida."",""Respira con control, evita dolor articular y completa 3 a 4 series con tecnica limpia.""}","[{""id"": ""biceps"", ""name"": ""Biceps"", ""image_url"": null}, {""id"": ""lats"", ""name"": ""Dorsal ancho"", ""image_url"": null}]","[{""id"": ""pullup_bar"", ""name"": ""Barra de dominadas"", ""icon_url"": null}]"
ex-0331,dominadas-supinas-pausa-isometrica,Dominadas supinas - Pausa isometrica,,image,"{""Dominadas supinas"",""Dominadas supinas variante"",""Dominadas supinas pausa isometrica""}","{""Posicion inicial para dominadas supinas: deprime escapulas y sujeta el implemento con agarre firme antes de iniciar."",""Movimiento: jala hacia el torso iniciando desde la espalda y regresa de forma controlada al estiramiento."",""Variante pausa isometrica: agrega una pausa de 2 segundos en el punto de mayor tension."",""Respira con control, evita dolor articular y completa 3 a 4 series con tecnica limpia.""}","[{""id"": ""biceps"", ""name"": ""Biceps"", ""image_url"": null}, {""id"": ""lats"", ""name"": ""Dorsal ancho"", ""image_url"": null}]","[{""id"": ""pullup_bar"", ""name"": ""Barra de dominadas"", ""icon_url"": null}]"
ex-0332,dominadas-supinas-unilateral-alternada,Dominadas supinas - Unilateral alternada,,image,"{""Dominadas supinas"",""Dominadas supinas variante"",""Dominadas supinas unilateral alternada""}","{""Posicion inicial para dominadas supinas: deprime escapulas y sujeta el implemento con agarre firme antes de iniciar."",""Movimiento: jala hacia el torso iniciando desde la espalda y regresa de forma controlada al estiramiento."",""Variante unilateral alternada: trabaja un lado por vez y alterna sin perder estabilidad."",""Respira con control, evita dolor articular y completa 3 a 4 series con tecnica limpia.""}","[{""id"": ""biceps"", ""name"": ""Biceps"", ""image_url"": null}, {""id"": ""lats"", ""name"": ""Dorsal ancho"", ""image_url"": null}]","[{""id"": ""pullup_bar"", ""name"": ""Barra de dominadas"", ""icon_url"": null}]"
ex-0333,dominadas-supinas-fuerza,Dominadas supinas - Fuerza,,image,"{""Dominadas supinas"",""Dominadas supinas variante"",""Dominadas supinas fuerza""}","{""Posicion inicial para dominadas supinas: deprime escapulas y sujeta el implemento con agarre firme antes de iniciar."",""Movimiento: jala hacia el torso iniciando desde la espalda y regresa de forma controlada al estiramiento."",""Variante fuerza: elige una carga desafiante y ejecuta repeticiones tecnicamente limpias."",""Respira con control, evita dolor articular y completa 3 a 4 series con tecnica limpia.""}","[{""id"": ""biceps"", ""name"": ""Biceps"", ""image_url"": null}, {""id"": ""lats"", ""name"": ""Dorsal ancho"", ""image_url"": null}]","[{""id"": ""pullup_bar"", ""name"": ""Barra de dominadas"", ""icon_url"": null}]"
ex-0334,dominadas-supinas-resistencia,Dominadas supinas - Resistencia,,image,"{""Dominadas supinas"",""Dominadas supinas variante"",""Dominadas supinas resistencia""}","{""Posicion inicial para dominadas supinas: deprime escapulas y sujeta el implemento con agarre firme antes de iniciar."",""Movimiento: jala hacia el torso iniciando desde la espalda y regresa de forma controlada al estiramiento."",""Variante resistencia: usa carga moderada y acumula mas repeticiones con ritmo constante."",""Respira con control, evita dolor articular y completa 3 a 4 series con tecnica limpia.""}","[{""id"": ""biceps"", ""name"": ""Biceps"", ""image_url"": null}, {""id"": ""lats"", ""name"": ""Dorsal ancho"", ""image_url"": null}]","[{""id"": ""pullup_bar"", ""name"": ""Barra de dominadas"", ""icon_url"": null}]"
ex-0335,dominadas-supinas-rango-completo,Dominadas supinas - Rango completo,,image,"{""Dominadas supinas"",""Dominadas supinas variante"",""Dominadas supinas rango completo""}","{""Posicion inicial para dominadas supinas: deprime escapulas y sujeta el implemento con agarre firme antes de iniciar."",""Movimiento: jala hacia el torso iniciando desde la espalda y regresa de forma controlada al estiramiento."",""Variante rango completo: busca el mayor rango de movimiento seguro en cada repeticion."",""Respira con control, evita dolor articular y completa 3 a 4 series con tecnica limpia.""}","[{""id"": ""biceps"", ""name"": ""Biceps"", ""image_url"": null}, {""id"": ""lats"", ""name"": ""Dorsal ancho"", ""image_url"": null}]","[{""id"": ""pullup_bar"", ""name"": ""Barra de dominadas"", ""icon_url"": null}]"
ex-0336,dominadas-supinas-circuito-metabolico,Dominadas supinas - Circuito metabolico,,image,"{""Dominadas supinas"",""Dominadas supinas variante"",""Dominadas supinas circuito metabolico""}","{""Posicion inicial para dominadas supinas: deprime escapulas y sujeta el implemento con agarre firme antes de iniciar."",""Movimiento: jala hacia el torso iniciando desde la espalda y regresa de forma controlada al estiramiento."",""Variante circuito metabolico: manten descansos cortos para elevar demanda cardiovascular."",""Respira con control, evita dolor articular y completa 3 a 4 series con tecnica limpia.""}","[{""id"": ""biceps"", ""name"": ""Biceps"", ""image_url"": null}, {""id"": ""lats"", ""name"": ""Dorsal ancho"", ""image_url"": null}]","[{""id"": ""pullup_bar"", ""name"": ""Barra de dominadas"", ""icon_url"": null}]"
ex-0337,jalon-al-pecho-en-polea-tecnica-base,Jalon al pecho en polea - Tecnica base,,image,"{""Jalon al pecho en polea"",""Jalon al pecho en polea variante"",""Jalon al pecho en polea tecnica base""}","{""Posicion inicial para jalon al pecho en polea: deprime escapulas y sujeta el implemento con agarre firme antes de iniciar."",""Movimiento: jala hacia el torso iniciando desde la espalda y regresa de forma controlada al estiramiento."",""Variante tecnica base: prioriza alineacion de rodillas, cadera y columna en cada repeticion."",""Respira con control, evita dolor articular y completa 3 a 4 series con tecnica limpia.""}","[{""id"": ""lats"", ""name"": ""Dorsal ancho"", ""image_url"": null}, {""id"": ""biceps"", ""name"": ""Biceps"", ""image_url"": null}]","[{""id"": ""cable"", ""name"": ""Polea"", ""icon_url"": null}]"
ex-0338,jalon-al-pecho-en-polea-tempo-controlado,Jalon al pecho en polea - Tempo controlado,,image,"{""Jalon al pecho en polea"",""Jalon al pecho en polea variante"",""Jalon al pecho en polea tempo controlado""}","{""Posicion inicial para jalon al pecho en polea: deprime escapulas y sujeta el implemento con agarre firme antes de iniciar."",""Movimiento: jala hacia el torso iniciando desde la espalda y regresa de forma controlada al estiramiento."",""Variante tempo controlado: usa 3 segundos en la fase de descenso y 1 segundo en la fase de subida."",""Respira con control, evita dolor articular y completa 3 a 4 series con tecnica limpia.""}","[{""id"": ""lats"", ""name"": ""Dorsal ancho"", ""image_url"": null}, {""id"": ""biceps"", ""name"": ""Biceps"", ""image_url"": null}]","[{""id"": ""cable"", ""name"": ""Polea"", ""icon_url"": null}]"
ex-0339,jalon-al-pecho-en-polea-pausa-isometrica,Jalon al pecho en polea - Pausa isometrica,,image,"{""Jalon al pecho en polea"",""Jalon al pecho en polea variante"",""Jalon al pecho en polea pausa isometrica""}","{""Posicion inicial para jalon al pecho en polea: deprime escapulas y sujeta el implemento con agarre firme antes de iniciar."",""Movimiento: jala hacia el torso iniciando desde la espalda y regresa de forma controlada al estiramiento."",""Variante pausa isometrica: agrega una pausa de 2 segundos en el punto de mayor tension."",""Respira con control, evita dolor articular y completa 3 a 4 series con tecnica limpia.""}","[{""id"": ""lats"", ""name"": ""Dorsal ancho"", ""image_url"": null}, {""id"": ""biceps"", ""name"": ""Biceps"", ""image_url"": null}]","[{""id"": ""cable"", ""name"": ""Polea"", ""icon_url"": null}]"
ex-0340,jalon-al-pecho-en-polea-unilateral-alternada,Jalon al pecho en polea - Unilateral alternada,,image,"{""Jalon al pecho en polea"",""Jalon al pecho en polea variante"",""Jalon al pecho en polea unilateral alternada""}","{""Posicion inicial para jalon al pecho en polea: deprime escapulas y sujeta el implemento con agarre firme antes de iniciar."",""Movimiento: jala hacia el torso iniciando desde la espalda y regresa de forma controlada al estiramiento."",""Variante unilateral alternada: trabaja un lado por vez y alterna sin perder estabilidad."",""Respira con control, evita dolor articular y completa 3 a 4 series con tecnica limpia.""}","[{""id"": ""lats"", ""name"": ""Dorsal ancho"", ""image_url"": null}, {""id"": ""biceps"", ""name"": ""Biceps"", ""image_url"": null}]","[{""id"": ""cable"", ""name"": ""Polea"", ""icon_url"": null}]"
ex-0341,jalon-al-pecho-en-polea-fuerza,Jalon al pecho en polea - Fuerza,,image,"{""Jalon al pecho en polea"",""Jalon al pecho en polea variante"",""Jalon al pecho en polea fuerza""}","{""Posicion inicial para jalon al pecho en polea: deprime escapulas y sujeta el implemento con agarre firme antes de iniciar."",""Movimiento: jala hacia el torso iniciando desde la espalda y regresa de forma controlada al estiramiento."",""Variante fuerza: elige una carga desafiante y ejecuta repeticiones tecnicamente limpias."",""Respira con control, evita dolor articular y completa 3 a 4 series con tecnica limpia.""}","[{""id"": ""lats"", ""name"": ""Dorsal ancho"", ""image_url"": null}, {""id"": ""biceps"", ""name"": ""Biceps"", ""image_url"": null}]","[{""id"": ""cable"", ""name"": ""Polea"", ""icon_url"": null}]"
ex-0342,jalon-al-pecho-en-polea-resistencia,Jalon al pecho en polea - Resistencia,,image,"{""Jalon al pecho en polea"",""Jalon al pecho en polea variante"",""Jalon al pecho en polea resistencia""}","{""Posicion inicial para jalon al pecho en polea: deprime escapulas y sujeta el implemento con agarre firme antes de iniciar."",""Movimiento: jala hacia el torso iniciando desde la espalda y regresa de forma controlada al estiramiento."",""Variante resistencia: usa carga moderada y acumula mas repeticiones con ritmo constante."",""Respira con control, evita dolor articular y completa 3 a 4 series con tecnica limpia.""}","[{""id"": ""lats"", ""name"": ""Dorsal ancho"", ""image_url"": null}, {""id"": ""biceps"", ""name"": ""Biceps"", ""image_url"": null}]","[{""id"": ""cable"", ""name"": ""Polea"", ""icon_url"": null}]"
ex-0343,jalon-al-pecho-en-polea-rango-completo,Jalon al pecho en polea - Rango completo,,image,"{""Jalon al pecho en polea"",""Jalon al pecho en polea variante"",""Jalon al pecho en polea rango completo""}","{""Posicion inicial para jalon al pecho en polea: deprime escapulas y sujeta el implemento con agarre firme antes de iniciar."",""Movimiento: jala hacia el torso iniciando desde la espalda y regresa de forma controlada al estiramiento."",""Variante rango completo: busca el mayor rango de movimiento seguro en cada repeticion."",""Respira con control, evita dolor articular y completa 3 a 4 series con tecnica limpia.""}","[{""id"": ""lats"", ""name"": ""Dorsal ancho"", ""image_url"": null}, {""id"": ""biceps"", ""name"": ""Biceps"", ""image_url"": null}]","[{""id"": ""cable"", ""name"": ""Polea"", ""icon_url"": null}]"
ex-0344,jalon-al-pecho-en-polea-circuito-metabolico,Jalon al pecho en polea - Circuito metabolico,,image,"{""Jalon al pecho en polea"",""Jalon al pecho en polea variante"",""Jalon al pecho en polea circuito metabolico""}","{""Posicion inicial para jalon al pecho en polea: deprime escapulas y sujeta el implemento con agarre firme antes de iniciar."",""Movimiento: jala hacia el torso iniciando desde la espalda y regresa de forma controlada al estiramiento."",""Variante circuito metabolico: manten descansos cortos para elevar demanda cardiovascular."",""Respira con control, evita dolor articular y completa 3 a 4 series con tecnica limpia.""}","[{""id"": ""lats"", ""name"": ""Dorsal ancho"", ""image_url"": null}, {""id"": ""biceps"", ""name"": ""Biceps"", ""image_url"": null}]","[{""id"": ""cable"", ""name"": ""Polea"", ""icon_url"": null}]"
ex-0345,pullover-con-mancuerna-tecnica-base,Pullover con mancuerna - Tecnica base,,image,"{""Pullover con mancuerna"",""Pullover con mancuerna variante"",""Pullover con mancuerna tecnica base""}","{""Posicion inicial para pullover con mancuerna: deprime escapulas y sujeta el implemento con agarre firme antes de iniciar."",""Movimiento: jala hacia el torso iniciando desde la espalda y regresa de forma controlada al estiramiento."",""Variante tecnica base: prioriza alineacion de rodillas, cadera y columna en cada repeticion."",""Respira con control, evita dolor articular y completa 3 a 4 series con tecnica limpia.""}","[{""id"": ""lats"", ""name"": ""Dorsal ancho"", ""image_url"": null}, {""id"": ""chest"", ""name"": ""Pectoral"", ""image_url"": null}]","[{""id"": ""dumbbell"", ""name"": ""Mancuerna"", ""icon_url"": null}, {""id"": ""bench"", ""name"": ""Banco"", ""icon_url"": null}]"
ex-0346,pullover-con-mancuerna-tempo-controlado,Pullover con mancuerna - Tempo controlado,,image,"{""Pullover con mancuerna"",""Pullover con mancuerna variante"",""Pullover con mancuerna tempo controlado""}","{""Posicion inicial para pullover con mancuerna: deprime escapulas y sujeta el implemento con agarre firme antes de iniciar."",""Movimiento: jala hacia el torso iniciando desde la espalda y regresa de forma controlada al estiramiento."",""Variante tempo controlado: usa 3 segundos en la fase de descenso y 1 segundo en la fase de subida."",""Respira con control, evita dolor articular y completa 3 a 4 series con tecnica limpia.""}","[{""id"": ""lats"", ""name"": ""Dorsal ancho"", ""image_url"": null}, {""id"": ""chest"", ""name"": ""Pectoral"", ""image_url"": null}]","[{""id"": ""dumbbell"", ""name"": ""Mancuerna"", ""icon_url"": null}, {""id"": ""bench"", ""name"": ""Banco"", ""icon_url"": null}]"
ex-0347,pullover-con-mancuerna-pausa-isometrica,Pullover con mancuerna - Pausa isometrica,,image,"{""Pullover con mancuerna"",""Pullover con mancuerna variante"",""Pullover con mancuerna pausa isometrica""}","{""Posicion inicial para pullover con mancuerna: deprime escapulas y sujeta el implemento con agarre firme antes de iniciar."",""Movimiento: jala hacia el torso iniciando desde la espalda y regresa de forma controlada al estiramiento."",""Variante pausa isometrica: agrega una pausa de 2 segundos en el punto de mayor tension."",""Respira con control, evita dolor articular y completa 3 a 4 series con tecnica limpia.""}","[{""id"": ""lats"", ""name"": ""Dorsal ancho"", ""image_url"": null}, {""id"": ""chest"", ""name"": ""Pectoral"", ""image_url"": null}]","[{""id"": ""dumbbell"", ""name"": ""Mancuerna"", ""icon_url"": null}, {""id"": ""bench"", ""name"": ""Banco"", ""icon_url"": null}]"
ex-0348,pullover-con-mancuerna-unilateral-alternada,Pullover con mancuerna - Unilateral alternada,,image,"{""Pullover con mancuerna"",""Pullover con mancuerna variante"",""Pullover con mancuerna unilateral alternada""}","{""Posicion inicial para pullover con mancuerna: deprime escapulas y sujeta el implemento con agarre firme antes de iniciar."",""Movimiento: jala hacia el torso iniciando desde la espalda y regresa de forma controlada al estiramiento."",""Variante unilateral alternada: trabaja un lado por vez y alterna sin perder estabilidad."",""Respira con control, evita dolor articular y completa 3 a 4 series con tecnica limpia.""}","[{""id"": ""lats"", ""name"": ""Dorsal ancho"", ""image_url"": null}, {""id"": ""chest"", ""name"": ""Pectoral"", ""image_url"": null}]","[{""id"": ""dumbbell"", ""name"": ""Mancuerna"", ""icon_url"": null}, {""id"": ""bench"", ""name"": ""Banco"", ""icon_url"": null}]"
ex-0349,pullover-con-mancuerna-fuerza,Pullover con mancuerna - Fuerza,,image,"{""Pullover con mancuerna"",""Pullover con mancuerna variante"",""Pullover con mancuerna fuerza""}","{""Posicion inicial para pullover con mancuerna: deprime escapulas y sujeta el implemento con agarre firme antes de iniciar."",""Movimiento: jala hacia el torso iniciando desde la espalda y regresa de forma controlada al estiramiento."",""Variante fuerza: elige una carga desafiante y ejecuta repeticiones tecnicamente limpias."",""Respira con control, evita dolor articular y completa 3 a 4 series con tecnica limpia.""}","[{""id"": ""lats"", ""name"": ""Dorsal ancho"", ""image_url"": null}, {""id"": ""chest"", ""name"": ""Pectoral"", ""image_url"": null}]","[{""id"": ""dumbbell"", ""name"": ""Mancuerna"", ""icon_url"": null}, {""id"": ""bench"", ""name"": ""Banco"", ""icon_url"": null}]"
ex-0350,pullover-con-mancuerna-resistencia,Pullover con mancuerna - Resistencia,,image,"{""Pullover con mancuerna"",""Pullover con mancuerna variante"",""Pullover con mancuerna resistencia""}","{""Posicion inicial para pullover con mancuerna: deprime escapulas y sujeta el implemento con agarre firme antes de iniciar."",""Movimiento: jala hacia el torso iniciando desde la espalda y regresa de forma controlada al estiramiento."",""Variante resistencia: usa carga moderada y acumula mas repeticiones con ritmo constante."",""Respira con control, evita dolor articular y completa 3 a 4 series con tecnica limpia.""}","[{""id"": ""lats"", ""name"": ""Dorsal ancho"", ""image_url"": null}, {""id"": ""chest"", ""name"": ""Pectoral"", ""image_url"": null}]","[{""id"": ""dumbbell"", ""name"": ""Mancuerna"", ""icon_url"": null}, {""id"": ""bench"", ""name"": ""Banco"", ""icon_url"": null}]"
ex-0351,pullover-con-mancuerna-rango-completo,Pullover con mancuerna - Rango completo,,image,"{""Pullover con mancuerna"",""Pullover con mancuerna variante"",""Pullover con mancuerna rango completo""}","{""Posicion inicial para pullover con mancuerna: deprime escapulas y sujeta el implemento con agarre firme antes de iniciar."",""Movimiento: jala hacia el torso iniciando desde la espalda y regresa de forma controlada al estiramiento."",""Variante rango completo: busca el mayor rango de movimiento seguro en cada repeticion."",""Respira con control, evita dolor articular y completa 3 a 4 series con tecnica limpia.""}","[{""id"": ""lats"", ""name"": ""Dorsal ancho"", ""image_url"": null}, {""id"": ""chest"", ""name"": ""Pectoral"", ""image_url"": null}]","[{""id"": ""dumbbell"", ""name"": ""Mancuerna"", ""icon_url"": null}, {""id"": ""bench"", ""name"": ""Banco"", ""icon_url"": null}]"
ex-0352,pullover-con-mancuerna-circuito-metabolico,Pullover con mancuerna - Circuito metabolico,,image,"{""Pullover con mancuerna"",""Pullover con mancuerna variante"",""Pullover con mancuerna circuito metabolico""}","{""Posicion inicial para pullover con mancuerna: deprime escapulas y sujeta el implemento con agarre firme antes de iniciar."",""Movimiento: jala hacia el torso iniciando desde la espalda y regresa de forma controlada al estiramiento."",""Variante circuito metabolico: manten descansos cortos para elevar demanda cardiovascular."",""Respira con control, evita dolor articular y completa 3 a 4 series con tecnica limpia.""}","[{""id"": ""lats"", ""name"": ""Dorsal ancho"", ""image_url"": null}, {""id"": ""chest"", ""name"": ""Pectoral"", ""image_url"": null}]","[{""id"": ""dumbbell"", ""name"": ""Mancuerna"", ""icon_url"": null}, {""id"": ""bench"", ""name"": ""Banco"", ""icon_url"": null}]"
ex-0353,pullover-en-polea-tecnica-base,Pullover en polea - Tecnica base,,image,"{""Pullover en polea"",""Pullover en polea variante"",""Pullover en polea tecnica base""}","{""Posicion inicial para pullover en polea: deprime escapulas y sujeta el implemento con agarre firme antes de iniciar."",""Movimiento: jala hacia el torso iniciando desde la espalda y regresa de forma controlada al estiramiento."",""Variante tecnica base: prioriza alineacion de rodillas, cadera y columna en cada repeticion."",""Respira con control, evita dolor articular y completa 3 a 4 series con tecnica limpia.""}","[{""id"": ""lats"", ""name"": ""Dorsal ancho"", ""image_url"": null}, {""id"": ""core"", ""name"": ""Core"", ""image_url"": null}]","[{""id"": ""cable"", ""name"": ""Polea"", ""icon_url"": null}]"
ex-0354,pullover-en-polea-tempo-controlado,Pullover en polea - Tempo controlado,,image,"{""Pullover en polea"",""Pullover en polea variante"",""Pullover en polea tempo controlado""}","{""Posicion inicial para pullover en polea: deprime escapulas y sujeta el implemento con agarre firme antes de iniciar."",""Movimiento: jala hacia el torso iniciando desde la espalda y regresa de forma controlada al estiramiento."",""Variante tempo controlado: usa 3 segundos en la fase de descenso y 1 segundo en la fase de subida."",""Respira con control, evita dolor articular y completa 3 a 4 series con tecnica limpia.""}","[{""id"": ""lats"", ""name"": ""Dorsal ancho"", ""image_url"": null}, {""id"": ""core"", ""name"": ""Core"", ""image_url"": null}]","[{""id"": ""cable"", ""name"": ""Polea"", ""icon_url"": null}]"
ex-0355,pullover-en-polea-pausa-isometrica,Pullover en polea - Pausa isometrica,,image,"{""Pullover en polea"",""Pullover en polea variante"",""Pullover en polea pausa isometrica""}","{""Posicion inicial para pullover en polea: deprime escapulas y sujeta el implemento con agarre firme antes de iniciar."",""Movimiento: jala hacia el torso iniciando desde la espalda y regresa de forma controlada al estiramiento."",""Variante pausa isometrica: agrega una pausa de 2 segundos en el punto de mayor tension."",""Respira con control, evita dolor articular y completa 3 a 4 series con tecnica limpia.""}","[{""id"": ""lats"", ""name"": ""Dorsal ancho"", ""image_url"": null}, {""id"": ""core"", ""name"": ""Core"", ""image_url"": null}]","[{""id"": ""cable"", ""name"": ""Polea"", ""icon_url"": null}]"
ex-0356,pullover-en-polea-unilateral-alternada,Pullover en polea - Unilateral alternada,,image,"{""Pullover en polea"",""Pullover en polea variante"",""Pullover en polea unilateral alternada""}","{""Posicion inicial para pullover en polea: deprime escapulas y sujeta el implemento con agarre firme antes de iniciar."",""Movimiento: jala hacia el torso iniciando desde la espalda y regresa de forma controlada al estiramiento."",""Variante unilateral alternada: trabaja un lado por vez y alterna sin perder estabilidad."",""Respira con control, evita dolor articular y completa 3 a 4 series con tecnica limpia.""}","[{""id"": ""lats"", ""name"": ""Dorsal ancho"", ""image_url"": null}, {""id"": ""core"", ""name"": ""Core"", ""image_url"": null}]","[{""id"": ""cable"", ""name"": ""Polea"", ""icon_url"": null}]"
ex-0357,pullover-en-polea-fuerza,Pullover en polea - Fuerza,,image,"{""Pullover en polea"",""Pullover en polea variante"",""Pullover en polea fuerza""}","{""Posicion inicial para pullover en polea: deprime escapulas y sujeta el implemento con agarre firme antes de iniciar."",""Movimiento: jala hacia el torso iniciando desde la espalda y regresa de forma controlada al estiramiento."",""Variante fuerza: elige una carga desafiante y ejecuta repeticiones tecnicamente limpias."",""Respira con control, evita dolor articular y completa 3 a 4 series con tecnica limpia.""}","[{""id"": ""lats"", ""name"": ""Dorsal ancho"", ""image_url"": null}, {""id"": ""core"", ""name"": ""Core"", ""image_url"": null}]","[{""id"": ""cable"", ""name"": ""Polea"", ""icon_url"": null}]"
ex-0358,pullover-en-polea-resistencia,Pullover en polea - Resistencia,,image,"{""Pullover en polea"",""Pullover en polea variante"",""Pullover en polea resistencia""}","{""Posicion inicial para pullover en polea: deprime escapulas y sujeta el implemento con agarre firme antes de iniciar."",""Movimiento: jala hacia el torso iniciando desde la espalda y regresa de forma controlada al estiramiento."",""Variante resistencia: usa carga moderada y acumula mas repeticiones con ritmo constante."",""Respira con control, evita dolor articular y completa 3 a 4 series con tecnica limpia.""}","[{""id"": ""lats"", ""name"": ""Dorsal ancho"", ""image_url"": null}, {""id"": ""core"", ""name"": ""Core"", ""image_url"": null}]","[{""id"": ""cable"", ""name"": ""Polea"", ""icon_url"": null}]"
ex-0359,pullover-en-polea-rango-completo,Pullover en polea - Rango completo,,image,"{""Pullover en polea"",""Pullover en polea variante"",""Pullover en polea rango completo""}","{""Posicion inicial para pullover en polea: deprime escapulas y sujeta el implemento con agarre firme antes de iniciar."",""Movimiento: jala hacia el torso iniciando desde la espalda y regresa de forma controlada al estiramiento."",""Variante rango completo: busca el mayor rango de movimiento seguro en cada repeticion."",""Respira con control, evita dolor articular y completa 3 a 4 series con tecnica limpia.""}","[{""id"": ""lats"", ""name"": ""Dorsal ancho"", ""image_url"": null}, {""id"": ""core"", ""name"": ""Core"", ""image_url"": null}]","[{""id"": ""cable"", ""name"": ""Polea"", ""icon_url"": null}]"
ex-0360,pullover-en-polea-circuito-metabolico,Pullover en polea - Circuito metabolico,,image,"{""Pullover en polea"",""Pullover en polea variante"",""Pullover en polea circuito metabolico""}","{""Posicion inicial para pullover en polea: deprime escapulas y sujeta el implemento con agarre firme antes de iniciar."",""Movimiento: jala hacia el torso iniciando desde la espalda y regresa de forma controlada al estiramiento."",""Variante circuito metabolico: manten descansos cortos para elevar demanda cardiovascular."",""Respira con control, evita dolor articular y completa 3 a 4 series con tecnica limpia.""}","[{""id"": ""lats"", ""name"": ""Dorsal ancho"", ""image_url"": null}, {""id"": ""core"", ""name"": ""Core"", ""image_url"": null}]","[{""id"": ""cable"", ""name"": ""Polea"", ""icon_url"": null}]"
ex-0361,remo-con-barra-tecnica-base,Remo con barra - Tecnica base,,image,"{""Remo con barra"",""Remo con barra variante"",""Remo con barra tecnica base""}","{""Posicion inicial para remo con barra: manten torso estable, hombros abajo y codos guiando el movimiento."",""Movimiento: jala llevando codos hacia atras y junta escapulas, luego extiende brazos con control."",""Variante tecnica base: prioriza alineacion de rodillas, cadera y columna en cada repeticion."",""Respira con control, evita dolor articular y completa 3 a 4 series con tecnica limpia.""}","[{""id"": ""back"", ""name"": ""Espalda media"", ""image_url"": null}, {""id"": ""biceps"", ""name"": ""Biceps"", ""image_url"": null}]","[{""id"": ""barbell"", ""name"": ""Barra"", ""icon_url"": null}]"
ex-0362,remo-con-barra-tempo-controlado,Remo con barra - Tempo controlado,,image,"{""Remo con barra"",""Remo con barra variante"",""Remo con barra tempo controlado""}","{""Posicion inicial para remo con barra: manten torso estable, hombros abajo y codos guiando el movimiento."",""Movimiento: jala llevando codos hacia atras y junta escapulas, luego extiende brazos con control."",""Variante tempo controlado: usa 3 segundos en la fase de descenso y 1 segundo en la fase de subida."",""Respira con control, evita dolor articular y completa 3 a 4 series con tecnica limpia.""}","[{""id"": ""back"", ""name"": ""Espalda media"", ""image_url"": null}, {""id"": ""biceps"", ""name"": ""Biceps"", ""image_url"": null}]","[{""id"": ""barbell"", ""name"": ""Barra"", ""icon_url"": null}]"
ex-0363,remo-con-barra-pausa-isometrica,Remo con barra - Pausa isometrica,,image,"{""Remo con barra"",""Remo con barra variante"",""Remo con barra pausa isometrica""}","{""Posicion inicial para remo con barra: manten torso estable, hombros abajo y codos guiando el movimiento."",""Movimiento: jala llevando codos hacia atras y junta escapulas, luego extiende brazos con control."",""Variante pausa isometrica: agrega una pausa de 2 segundos en el punto de mayor tension."",""Respira con control, evita dolor articular y completa 3 a 4 series con tecnica limpia.""}","[{""id"": ""back"", ""name"": ""Espalda media"", ""image_url"": null}, {""id"": ""biceps"", ""name"": ""Biceps"", ""image_url"": null}]","[{""id"": ""barbell"", ""name"": ""Barra"", ""icon_url"": null}]"
ex-0364,remo-con-barra-unilateral-alternada,Remo con barra - Unilateral alternada,,image,"{""Remo con barra"",""Remo con barra variante"",""Remo con barra unilateral alternada""}","{""Posicion inicial para remo con barra: manten torso estable, hombros abajo y codos guiando el movimiento."",""Movimiento: jala llevando codos hacia atras y junta escapulas, luego extiende brazos con control."",""Variante unilateral alternada: trabaja un lado por vez y alterna sin perder estabilidad."",""Respira con control, evita dolor articular y completa 3 a 4 series con tecnica limpia.""}","[{""id"": ""back"", ""name"": ""Espalda media"", ""image_url"": null}, {""id"": ""biceps"", ""name"": ""Biceps"", ""image_url"": null}]","[{""id"": ""barbell"", ""name"": ""Barra"", ""icon_url"": null}]"
ex-0365,remo-con-barra-fuerza,Remo con barra - Fuerza,,image,"{""Remo con barra"",""Remo con barra variante"",""Remo con barra fuerza""}","{""Posicion inicial para remo con barra: manten torso estable, hombros abajo y codos guiando el movimiento."",""Movimiento: jala llevando codos hacia atras y junta escapulas, luego extiende brazos con control."",""Variante fuerza: elige una carga desafiante y ejecuta repeticiones tecnicamente limpias."",""Respira con control, evita dolor articular y completa 3 a 4 series con tecnica limpia.""}","[{""id"": ""back"", ""name"": ""Espalda media"", ""image_url"": null}, {""id"": ""biceps"", ""name"": ""Biceps"", ""image_url"": null}]","[{""id"": ""barbell"", ""name"": ""Barra"", ""icon_url"": null}]"
ex-0366,remo-con-barra-resistencia,Remo con barra - Resistencia,,image,"{""Remo con barra"",""Remo con barra variante"",""Remo con barra resistencia""}","{""Posicion inicial para remo con barra: manten torso estable, hombros abajo y codos guiando el movimiento."",""Movimiento: jala llevando codos hacia atras y junta escapulas, luego extiende brazos con control."",""Variante resistencia: usa carga moderada y acumula mas repeticiones con ritmo constante."",""Respira con control, evita dolor articular y completa 3 a 4 series con tecnica limpia.""}","[{""id"": ""back"", ""name"": ""Espalda media"", ""image_url"": null}, {""id"": ""biceps"", ""name"": ""Biceps"", ""image_url"": null}]","[{""id"": ""barbell"", ""name"": ""Barra"", ""icon_url"": null}]"
ex-0367,remo-con-barra-rango-completo,Remo con barra - Rango completo,,image,"{""Remo con barra"",""Remo con barra variante"",""Remo con barra rango completo""}","{""Posicion inicial para remo con barra: manten torso estable, hombros abajo y codos guiando el movimiento."",""Movimiento: jala llevando codos hacia atras y junta escapulas, luego extiende brazos con control."",""Variante rango completo: busca el mayor rango de movimiento seguro en cada repeticion."",""Respira con control, evita dolor articular y completa 3 a 4 series con tecnica limpia.""}","[{""id"": ""back"", ""name"": ""Espalda media"", ""image_url"": null}, {""id"": ""biceps"", ""name"": ""Biceps"", ""image_url"": null}]","[{""id"": ""barbell"", ""name"": ""Barra"", ""icon_url"": null}]"
ex-0368,remo-con-barra-circuito-metabolico,Remo con barra - Circuito metabolico,,image,"{""Remo con barra"",""Remo con barra variante"",""Remo con barra circuito metabolico""}","{""Posicion inicial para remo con barra: manten torso estable, hombros abajo y codos guiando el movimiento."",""Movimiento: jala llevando codos hacia atras y junta escapulas, luego extiende brazos con control."",""Variante circuito metabolico: manten descansos cortos para elevar demanda cardiovascular."",""Respira con control, evita dolor articular y completa 3 a 4 series con tecnica limpia.""}","[{""id"": ""back"", ""name"": ""Espalda media"", ""image_url"": null}, {""id"": ""biceps"", ""name"": ""Biceps"", ""image_url"": null}]","[{""id"": ""barbell"", ""name"": ""Barra"", ""icon_url"": null}]"
ex-0369,remo-con-mancuerna-a-una-mano-tecnica-base,Remo con mancuerna a una mano - Tecnica base,,image,"{""Remo con mancuerna a una mano"",""Remo con mancuerna a una mano variante"",""Remo con mancuerna a una mano tecnica base""}","{""Posicion inicial para remo con mancuerna a una mano: manten torso estable, hombros abajo y codos guiando el movimiento."",""Movimiento: jala llevando codos hacia atras y junta escapulas, luego extiende brazos con control."",""Variante tecnica base: prioriza alineacion de rodillas, cadera y columna en cada repeticion."",""Respira con control, evita dolor articular y completa 3 a 4 series con tecnica limpia.""}","[{""id"": ""back"", ""name"": ""Espalda media"", ""image_url"": null}, {""id"": ""biceps"", ""name"": ""Biceps"", ""image_url"": null}]","[{""id"": ""dumbbell"", ""name"": ""Mancuerna"", ""icon_url"": null}, {""id"": ""bench"", ""name"": ""Banco"", ""icon_url"": null}]"
ex-0370,remo-con-mancuerna-a-una-mano-tempo-controlado,Remo con mancuerna a una mano - Tempo controlado,,image,"{""Remo con mancuerna a una mano"",""Remo con mancuerna a una mano variante"",""Remo con mancuerna a una mano tempo controlado""}","{""Posicion inicial para remo con mancuerna a una mano: manten torso estable, hombros abajo y codos guiando el movimiento."",""Movimiento: jala llevando codos hacia atras y junta escapulas, luego extiende brazos con control."",""Variante tempo controlado: usa 3 segundos en la fase de descenso y 1 segundo en la fase de subida."",""Respira con control, evita dolor articular y completa 3 a 4 series con tecnica limpia.""}","[{""id"": ""back"", ""name"": ""Espalda media"", ""image_url"": null}, {""id"": ""biceps"", ""name"": ""Biceps"", ""image_url"": null}]","[{""id"": ""dumbbell"", ""name"": ""Mancuerna"", ""icon_url"": null}, {""id"": ""bench"", ""name"": ""Banco"", ""icon_url"": null}]"
ex-0371,remo-con-mancuerna-a-una-mano-pausa-isometrica,Remo con mancuerna a una mano - Pausa isometrica,,image,"{""Remo con mancuerna a una mano"",""Remo con mancuerna a una mano variante"",""Remo con mancuerna a una mano pausa isometrica""}","{""Posicion inicial para remo con mancuerna a una mano: manten torso estable, hombros abajo y codos guiando el movimiento."",""Movimiento: jala llevando codos hacia atras y junta escapulas, luego extiende brazos con control."",""Variante pausa isometrica: agrega una pausa de 2 segundos en el punto de mayor tension."",""Respira con control, evita dolor articular y completa 3 a 4 series con tecnica limpia.""}","[{""id"": ""back"", ""name"": ""Espalda media"", ""image_url"": null}, {""id"": ""biceps"", ""name"": ""Biceps"", ""image_url"": null}]","[{""id"": ""dumbbell"", ""name"": ""Mancuerna"", ""icon_url"": null}, {""id"": ""bench"", ""name"": ""Banco"", ""icon_url"": null}]"
ex-0372,remo-con-mancuerna-a-una-mano-unilateral-alternada,Remo con mancuerna a una mano - Unilateral alternada,,image,"{""Remo con mancuerna a una mano"",""Remo con mancuerna a una mano variante"",""Remo con mancuerna a una mano unilateral alternada""}","{""Posicion inicial para remo con mancuerna a una mano: manten torso estable, hombros abajo y codos guiando el movimiento."",""Movimiento: jala llevando codos hacia atras y junta escapulas, luego extiende brazos con control."",""Variante unilateral alternada: trabaja un lado por vez y alterna sin perder estabilidad."",""Respira con control, evita dolor articular y completa 3 a 4 series con tecnica limpia.""}","[{""id"": ""back"", ""name"": ""Espalda media"", ""image_url"": null}, {""id"": ""biceps"", ""name"": ""Biceps"", ""image_url"": null}]","[{""id"": ""dumbbell"", ""name"": ""Mancuerna"", ""icon_url"": null}, {""id"": ""bench"", ""name"": ""Banco"", ""icon_url"": null}]"
ex-0373,remo-con-mancuerna-a-una-mano-fuerza,Remo con mancuerna a una mano - Fuerza,,image,"{""Remo con mancuerna a una mano"",""Remo con mancuerna a una mano variante"",""Remo con mancuerna a una mano fuerza""}","{""Posicion inicial para remo con mancuerna a una mano: manten torso estable, hombros abajo y codos guiando el movimiento."",""Movimiento: jala llevando codos hacia atras y junta escapulas, luego extiende brazos con control."",""Variante fuerza: elige una carga desafiante y ejecuta repeticiones tecnicamente limpias."",""Respira con control, evita dolor articular y completa 3 a 4 series con tecnica limpia.""}","[{""id"": ""back"", ""name"": ""Espalda media"", ""image_url"": null}, {""id"": ""biceps"", ""name"": ""Biceps"", ""image_url"": null}]","[{""id"": ""dumbbell"", ""name"": ""Mancuerna"", ""icon_url"": null}, {""id"": ""bench"", ""name"": ""Banco"", ""icon_url"": null}]"
ex-0374,remo-con-mancuerna-a-una-mano-resistencia,Remo con mancuerna a una mano - Resistencia,,image,"{""Remo con mancuerna a una mano"",""Remo con mancuerna a una mano variante"",""Remo con mancuerna a una mano resistencia""}","{""Posicion inicial para remo con mancuerna a una mano: manten torso estable, hombros abajo y codos guiando el movimiento."",""Movimiento: jala llevando codos hacia atras y junta escapulas, luego extiende brazos con control."",""Variante resistencia: usa carga moderada y acumula mas repeticiones con ritmo constante."",""Respira con control, evita dolor articular y completa 3 a 4 series con tecnica limpia.""}","[{""id"": ""back"", ""name"": ""Espalda media"", ""image_url"": null}, {""id"": ""biceps"", ""name"": ""Biceps"", ""image_url"": null}]","[{""id"": ""dumbbell"", ""name"": ""Mancuerna"", ""icon_url"": null}, {""id"": ""bench"", ""name"": ""Banco"", ""icon_url"": null}]"
ex-0375,remo-con-mancuerna-a-una-mano-rango-completo,Remo con mancuerna a una mano - Rango completo,,image,"{""Remo con mancuerna a una mano"",""Remo con mancuerna a una mano variante"",""Remo con mancuerna a una mano rango completo""}","{""Posicion inicial para remo con mancuerna a una mano: manten torso estable, hombros abajo y codos guiando el movimiento."",""Movimiento: jala llevando codos hacia atras y junta escapulas, luego extiende brazos con control."",""Variante rango completo: busca el mayor rango de movimiento seguro en cada repeticion."",""Respira con control, evita dolor articular y completa 3 a 4 series con tecnica limpia.""}","[{""id"": ""back"", ""name"": ""Espalda media"", ""image_url"": null}, {""id"": ""biceps"", ""name"": ""Biceps"", ""image_url"": null}]","[{""id"": ""dumbbell"", ""name"": ""Mancuerna"", ""icon_url"": null}, {""id"": ""bench"", ""name"": ""Banco"", ""icon_url"": null}]"
ex-0376,remo-con-mancuerna-a-una-mano-circuito-metabolico,Remo con mancuerna a una mano - Circuito metabolico,,image,"{""Remo con mancuerna a una mano"",""Remo con mancuerna a una mano variante"",""Remo con mancuerna a una mano circuito metabolico""}","{""Posicion inicial para remo con mancuerna a una mano: manten torso estable, hombros abajo y codos guiando el movimiento."",""Movimiento: jala llevando codos hacia atras y junta escapulas, luego extiende brazos con control."",""Variante circuito metabolico: manten descansos cortos para elevar demanda cardiovascular."",""Respira con control, evita dolor articular y completa 3 a 4 series con tecnica limpia.""}","[{""id"": ""back"", ""name"": ""Espalda media"", ""image_url"": null}, {""id"": ""biceps"", ""name"": ""Biceps"", ""image_url"": null}]","[{""id"": ""dumbbell"", ""name"": ""Mancuerna"", ""icon_url"": null}, {""id"": ""bench"", ""name"": ""Banco"", ""icon_url"": null}]"
ex-0377,remo-en-cable-sentado-tecnica-base,Remo en cable sentado - Tecnica base,,image,"{""Remo en cable sentado"",""Remo en cable sentado variante"",""Remo en cable sentado tecnica base""}","{""Posicion inicial para remo en cable sentado: manten torso estable, hombros abajo y codos guiando el movimiento."",""Movimiento: jala llevando codos hacia atras y junta escapulas, luego extiende brazos con control."",""Variante tecnica base: prioriza alineacion de rodillas, cadera y columna en cada repeticion."",""Respira con control, evita dolor articular y completa 3 a 4 series con tecnica limpia.""}","[{""id"": ""back"", ""name"": ""Espalda media"", ""image_url"": null}, {""id"": ""rear_delts"", ""name"": ""Deltoides posterior"", ""image_url"": null}]","[{""id"": ""cable"", ""name"": ""Polea"", ""icon_url"": null}]"
ex-0378,remo-en-cable-sentado-tempo-controlado,Remo en cable sentado - Tempo controlado,,image,"{""Remo en cable sentado"",""Remo en cable sentado variante"",""Remo en cable sentado tempo controlado""}","{""Posicion inicial para remo en cable sentado: manten torso estable, hombros abajo y codos guiando el movimiento."",""Movimiento: jala llevando codos hacia atras y junta escapulas, luego extiende brazos con control."",""Variante tempo controlado: usa 3 segundos en la fase de descenso y 1 segundo en la fase de subida."",""Respira con control, evita dolor articular y completa 3 a 4 series con tecnica limpia.""}","[{""id"": ""back"", ""name"": ""Espalda media"", ""image_url"": null}, {""id"": ""rear_delts"", ""name"": ""Deltoides posterior"", ""image_url"": null}]","[{""id"": ""cable"", ""name"": ""Polea"", ""icon_url"": null}]"
ex-0379,remo-en-cable-sentado-pausa-isometrica,Remo en cable sentado - Pausa isometrica,,image,"{""Remo en cable sentado"",""Remo en cable sentado variante"",""Remo en cable sentado pausa isometrica""}","{""Posicion inicial para remo en cable sentado: manten torso estable, hombros abajo y codos guiando el movimiento."",""Movimiento: jala llevando codos hacia atras y junta escapulas, luego extiende brazos con control."",""Variante pausa isometrica: agrega una pausa de 2 segundos en el punto de mayor tension."",""Respira con control, evita dolor articular y completa 3 a 4 series con tecnica limpia.""}","[{""id"": ""back"", ""name"": ""Espalda media"", ""image_url"": null}, {""id"": ""rear_delts"", ""name"": ""Deltoides posterior"", ""image_url"": null}]","[{""id"": ""cable"", ""name"": ""Polea"", ""icon_url"": null}]"
ex-0380,remo-en-cable-sentado-unilateral-alternada,Remo en cable sentado - Unilateral alternada,,image,"{""Remo en cable sentado"",""Remo en cable sentado variante"",""Remo en cable sentado unilateral alternada""}","{""Posicion inicial para remo en cable sentado: manten torso estable, hombros abajo y codos guiando el movimiento."",""Movimiento: jala llevando codos hacia atras y junta escapulas, luego extiende brazos con control."",""Variante unilateral alternada: trabaja un lado por vez y alterna sin perder estabilidad."",""Respira con control, evita dolor articular y completa 3 a 4 series con tecnica limpia.""}","[{""id"": ""back"", ""name"": ""Espalda media"", ""image_url"": null}, {""id"": ""rear_delts"", ""name"": ""Deltoides posterior"", ""image_url"": null}]","[{""id"": ""cable"", ""name"": ""Polea"", ""icon_url"": null}]"
ex-0381,remo-en-cable-sentado-fuerza,Remo en cable sentado - Fuerza,,image,"{""Remo en cable sentado"",""Remo en cable sentado variante"",""Remo en cable sentado fuerza""}","{""Posicion inicial para remo en cable sentado: manten torso estable, hombros abajo y codos guiando el movimiento."",""Movimiento: jala llevando codos hacia atras y junta escapulas, luego extiende brazos con control."",""Variante fuerza: elige una carga desafiante y ejecuta repeticiones tecnicamente limpias."",""Respira con control, evita dolor articular y completa 3 a 4 series con tecnica limpia.""}","[{""id"": ""back"", ""name"": ""Espalda media"", ""image_url"": null}, {""id"": ""rear_delts"", ""name"": ""Deltoides posterior"", ""image_url"": null}]","[{""id"": ""cable"", ""name"": ""Polea"", ""icon_url"": null}]"
ex-0382,remo-en-cable-sentado-resistencia,Remo en cable sentado - Resistencia,,image,"{""Remo en cable sentado"",""Remo en cable sentado variante"",""Remo en cable sentado resistencia""}","{""Posicion inicial para remo en cable sentado: manten torso estable, hombros abajo y codos guiando el movimiento."",""Movimiento: jala llevando codos hacia atras y junta escapulas, luego extiende brazos con control."",""Variante resistencia: usa carga moderada y acumula mas repeticiones con ritmo constante."",""Respira con control, evita dolor articular y completa 3 a 4 series con tecnica limpia.""}","[{""id"": ""back"", ""name"": ""Espalda media"", ""image_url"": null}, {""id"": ""rear_delts"", ""name"": ""Deltoides posterior"", ""image_url"": null}]","[{""id"": ""cable"", ""name"": ""Polea"", ""icon_url"": null}]"
ex-0383,remo-en-cable-sentado-rango-completo,Remo en cable sentado - Rango completo,,image,"{""Remo en cable sentado"",""Remo en cable sentado variante"",""Remo en cable sentado rango completo""}","{""Posicion inicial para remo en cable sentado: manten torso estable, hombros abajo y codos guiando el movimiento."",""Movimiento: jala llevando codos hacia atras y junta escapulas, luego extiende brazos con control."",""Variante rango completo: busca el mayor rango de movimiento seguro en cada repeticion."",""Respira con control, evita dolor articular y completa 3 a 4 series con tecnica limpia.""}","[{""id"": ""back"", ""name"": ""Espalda media"", ""image_url"": null}, {""id"": ""rear_delts"", ""name"": ""Deltoides posterior"", ""image_url"": null}]","[{""id"": ""cable"", ""name"": ""Polea"", ""icon_url"": null}]"
ex-0384,remo-en-cable-sentado-circuito-metabolico,Remo en cable sentado - Circuito metabolico,,image,"{""Remo en cable sentado"",""Remo en cable sentado variante"",""Remo en cable sentado circuito metabolico""}","{""Posicion inicial para remo en cable sentado: manten torso estable, hombros abajo y codos guiando el movimiento."",""Movimiento: jala llevando codos hacia atras y junta escapulas, luego extiende brazos con control."",""Variante circuito metabolico: manten descansos cortos para elevar demanda cardiovascular."",""Respira con control, evita dolor articular y completa 3 a 4 series con tecnica limpia.""}","[{""id"": ""back"", ""name"": ""Espalda media"", ""image_url"": null}, {""id"": ""rear_delts"", ""name"": ""Deltoides posterior"", ""image_url"": null}]","[{""id"": ""cable"", ""name"": ""Polea"", ""icon_url"": null}]"
ex-0385,remo-en-maquina-pecho-apoyado-tecnica-base,Remo en maquina pecho apoyado - Tecnica base,,image,"{""Remo en maquina pecho apoyado"",""Remo en maquina pecho apoyado variante"",""Remo en maquina pecho apoyado tecnica base""}","{""Posicion inicial para remo en maquina pecho apoyado: manten torso estable, hombros abajo y codos guiando el movimiento."",""Movimiento: jala llevando codos hacia atras y junta escapulas, luego extiende brazos con control."",""Variante tecnica base: prioriza alineacion de rodillas, cadera y columna en cada repeticion."",""Respira con control, evita dolor articular y completa 3 a 4 series con tecnica limpia.""}","[{""id"": ""back"", ""name"": ""Espalda media"", ""image_url"": null}, {""id"": ""biceps"", ""name"": ""Biceps"", ""image_url"": null}]","[{""id"": ""machine"", ""name"": ""Maquina"", ""icon_url"": null}]"
ex-0386,remo-en-maquina-pecho-apoyado-tempo-controlado,Remo en maquina pecho apoyado - Tempo controlado,,image,"{""Remo en maquina pecho apoyado"",""Remo en maquina pecho apoyado variante"",""Remo en maquina pecho apoyado tempo controlado""}","{""Posicion inicial para remo en maquina pecho apoyado: manten torso estable, hombros abajo y codos guiando el movimiento."",""Movimiento: jala llevando codos hacia atras y junta escapulas, luego extiende brazos con control."",""Variante tempo controlado: usa 3 segundos en la fase de descenso y 1 segundo en la fase de subida."",""Respira con control, evita dolor articular y completa 3 a 4 series con tecnica limpia.""}","[{""id"": ""back"", ""name"": ""Espalda media"", ""image_url"": null}, {""id"": ""biceps"", ""name"": ""Biceps"", ""image_url"": null}]","[{""id"": ""machine"", ""name"": ""Maquina"", ""icon_url"": null}]"
ex-0387,remo-en-maquina-pecho-apoyado-pausa-isometrica,Remo en maquina pecho apoyado - Pausa isometrica,,image,"{""Remo en maquina pecho apoyado"",""Remo en maquina pecho apoyado variante"",""Remo en maquina pecho apoyado pausa isometrica""}","{""Posicion inicial para remo en maquina pecho apoyado: manten torso estable, hombros abajo y codos guiando el movimiento."",""Movimiento: jala llevando codos hacia atras y junta escapulas, luego extiende brazos con control."",""Variante pausa isometrica: agrega una pausa de 2 segundos en el punto de mayor tension."",""Respira con control, evita dolor articular y completa 3 a 4 series con tecnica limpia.""}","[{""id"": ""back"", ""name"": ""Espalda media"", ""image_url"": null}, {""id"": ""biceps"", ""name"": ""Biceps"", ""image_url"": null}]","[{""id"": ""machine"", ""name"": ""Maquina"", ""icon_url"": null}]"
ex-0388,remo-en-maquina-pecho-apoyado-unilateral-alternada,Remo en maquina pecho apoyado - Unilateral alternada,,image,"{""Remo en maquina pecho apoyado"",""Remo en maquina pecho apoyado variante"",""Remo en maquina pecho apoyado unilateral alternada""}","{""Posicion inicial para remo en maquina pecho apoyado: manten torso estable, hombros abajo y codos guiando el movimiento."",""Movimiento: jala llevando codos hacia atras y junta escapulas, luego extiende brazos con control."",""Variante unilateral alternada: trabaja un lado por vez y alterna sin perder estabilidad."",""Respira con control, evita dolor articular y completa 3 a 4 series con tecnica limpia.""}","[{""id"": ""back"", ""name"": ""Espalda media"", ""image_url"": null}, {""id"": ""biceps"", ""name"": ""Biceps"", ""image_url"": null}]","[{""id"": ""machine"", ""name"": ""Maquina"", ""icon_url"": null}]"
ex-0389,remo-en-maquina-pecho-apoyado-fuerza,Remo en maquina pecho apoyado - Fuerza,,image,"{""Remo en maquina pecho apoyado"",""Remo en maquina pecho apoyado variante"",""Remo en maquina pecho apoyado fuerza""}","{""Posicion inicial para remo en maquina pecho apoyado: manten torso estable, hombros abajo y codos guiando el movimiento."",""Movimiento: jala llevando codos hacia atras y junta escapulas, luego extiende brazos con control."",""Variante fuerza: elige una carga desafiante y ejecuta repeticiones tecnicamente limpias."",""Respira con control, evita dolor articular y completa 3 a 4 series con tecnica limpia.""}","[{""id"": ""back"", ""name"": ""Espalda media"", ""image_url"": null}, {""id"": ""biceps"", ""name"": ""Biceps"", ""image_url"": null}]","[{""id"": ""machine"", ""name"": ""Maquina"", ""icon_url"": null}]"
ex-0390,remo-en-maquina-pecho-apoyado-resistencia,Remo en maquina pecho apoyado - Resistencia,,image,"{""Remo en maquina pecho apoyado"",""Remo en maquina pecho apoyado variante"",""Remo en maquina pecho apoyado resistencia""}","{""Posicion inicial para remo en maquina pecho apoyado: manten torso estable, hombros abajo y codos guiando el movimiento."",""Movimiento: jala llevando codos hacia atras y junta escapulas, luego extiende brazos con control."",""Variante resistencia: usa carga moderada y acumula mas repeticiones con ritmo constante."",""Respira con control, evita dolor articular y completa 3 a 4 series con tecnica limpia.""}","[{""id"": ""back"", ""name"": ""Espalda media"", ""image_url"": null}, {""id"": ""biceps"", ""name"": ""Biceps"", ""image_url"": null}]","[{""id"": ""machine"", ""name"": ""Maquina"", ""icon_url"": null}]"
ex-0391,remo-en-maquina-pecho-apoyado-rango-completo,Remo en maquina pecho apoyado - Rango completo,,image,"{""Remo en maquina pecho apoyado"",""Remo en maquina pecho apoyado variante"",""Remo en maquina pecho apoyado rango completo""}","{""Posicion inicial para remo en maquina pecho apoyado: manten torso estable, hombros abajo y codos guiando el movimiento."",""Movimiento: jala llevando codos hacia atras y junta escapulas, luego extiende brazos con control."",""Variante rango completo: busca el mayor rango de movimiento seguro en cada repeticion."",""Respira con control, evita dolor articular y completa 3 a 4 series con tecnica limpia.""}","[{""id"": ""back"", ""name"": ""Espalda media"", ""image_url"": null}, {""id"": ""biceps"", ""name"": ""Biceps"", ""image_url"": null}]","[{""id"": ""machine"", ""name"": ""Maquina"", ""icon_url"": null}]"
ex-0392,remo-en-maquina-pecho-apoyado-circuito-metabolico,Remo en maquina pecho apoyado - Circuito metabolico,,image,"{""Remo en maquina pecho apoyado"",""Remo en maquina pecho apoyado variante"",""Remo en maquina pecho apoyado circuito metabolico""}","{""Posicion inicial para remo en maquina pecho apoyado: manten torso estable, hombros abajo y codos guiando el movimiento."",""Movimiento: jala llevando codos hacia atras y junta escapulas, luego extiende brazos con control."",""Variante circuito metabolico: manten descansos cortos para elevar demanda cardiovascular."",""Respira con control, evita dolor articular y completa 3 a 4 series con tecnica limpia.""}","[{""id"": ""back"", ""name"": ""Espalda media"", ""image_url"": null}, {""id"": ""biceps"", ""name"": ""Biceps"", ""image_url"": null}]","[{""id"": ""machine"", ""name"": ""Maquina"", ""icon_url"": null}]"
ex-0393,face-pull-en-polea-tecnica-base,Face pull en polea - Tecnica base,,image,"{""Face pull en polea"",""Face pull en polea variante"",""Face pull en polea tecnica base""}","{""Posicion inicial para face pull en polea: manten torso estable, hombros abajo y codos guiando el movimiento."",""Movimiento: jala llevando codos hacia atras y junta escapulas, luego extiende brazos con control."",""Variante tecnica base: prioriza alineacion de rodillas, cadera y columna en cada repeticion."",""Respira con control, evita dolor articular y completa 3 a 4 series con tecnica limpia.""}","[{""id"": ""rear_delts"", ""name"": ""Deltoides posterior"", ""image_url"": null}, {""id"": ""traps"", ""name"": ""Trapecio"", ""image_url"": null}]","[{""id"": ""cable"", ""name"": ""Polea"", ""icon_url"": null}]"
ex-0394,face-pull-en-polea-tempo-controlado,Face pull en polea - Tempo controlado,,image,"{""Face pull en polea"",""Face pull en polea variante"",""Face pull en polea tempo controlado""}","{""Posicion inicial para face pull en polea: manten torso estable, hombros abajo y codos guiando el movimiento."",""Movimiento: jala llevando codos hacia atras y junta escapulas, luego extiende brazos con control."",""Variante tempo controlado: usa 3 segundos en la fase de descenso y 1 segundo en la fase de subida."",""Respira con control, evita dolor articular y completa 3 a 4 series con tecnica limpia.""}","[{""id"": ""rear_delts"", ""name"": ""Deltoides posterior"", ""image_url"": null}, {""id"": ""traps"", ""name"": ""Trapecio"", ""image_url"": null}]","[{""id"": ""cable"", ""name"": ""Polea"", ""icon_url"": null}]"
ex-0395,face-pull-en-polea-pausa-isometrica,Face pull en polea - Pausa isometrica,,image,"{""Face pull en polea"",""Face pull en polea variante"",""Face pull en polea pausa isometrica""}","{""Posicion inicial para face pull en polea: manten torso estable, hombros abajo y codos guiando el movimiento."",""Movimiento: jala llevando codos hacia atras y junta escapulas, luego extiende brazos con control."",""Variante pausa isometrica: agrega una pausa de 2 segundos en el punto de mayor tension."",""Respira con control, evita dolor articular y completa 3 a 4 series con tecnica limpia.""}","[{""id"": ""rear_delts"", ""name"": ""Deltoides posterior"", ""image_url"": null}, {""id"": ""traps"", ""name"": ""Trapecio"", ""image_url"": null}]","[{""id"": ""cable"", ""name"": ""Polea"", ""icon_url"": null}]"
ex-0396,face-pull-en-polea-unilateral-alternada,Face pull en polea - Unilateral alternada,,image,"{""Face pull en polea"",""Face pull en polea variante"",""Face pull en polea unilateral alternada""}","{""Posicion inicial para face pull en polea: manten torso estable, hombros abajo y codos guiando el movimiento."",""Movimiento: jala llevando codos hacia atras y junta escapulas, luego extiende brazos con control."",""Variante unilateral alternada: trabaja un lado por vez y alterna sin perder estabilidad."",""Respira con control, evita dolor articular y completa 3 a 4 series con tecnica limpia.""}","[{""id"": ""rear_delts"", ""name"": ""Deltoides posterior"", ""image_url"": null}, {""id"": ""traps"", ""name"": ""Trapecio"", ""image_url"": null}]","[{""id"": ""cable"", ""name"": ""Polea"", ""icon_url"": null}]"
ex-0397,face-pull-en-polea-fuerza,Face pull en polea - Fuerza,,image,"{""Face pull en polea"",""Face pull en polea variante"",""Face pull en polea fuerza""}","{""Posicion inicial para face pull en polea: manten torso estable, hombros abajo y codos guiando el movimiento."",""Movimiento: jala llevando codos hacia atras y junta escapulas, luego extiende brazos con control."",""Variante fuerza: elige una carga desafiante y ejecuta repeticiones tecnicamente limpias."",""Respira con control, evita dolor articular y completa 3 a 4 series con tecnica limpia.""}","[{""id"": ""rear_delts"", ""name"": ""Deltoides posterior"", ""image_url"": null}, {""id"": ""traps"", ""name"": ""Trapecio"", ""image_url"": null}]","[{""id"": ""cable"", ""name"": ""Polea"", ""icon_url"": null}]"
ex-0398,face-pull-en-polea-resistencia,Face pull en polea - Resistencia,,image,"{""Face pull en polea"",""Face pull en polea variante"",""Face pull en polea resistencia""}","{""Posicion inicial para face pull en polea: manten torso estable, hombros abajo y codos guiando el movimiento."",""Movimiento: jala llevando codos hacia atras y junta escapulas, luego extiende brazos con control."",""Variante resistencia: usa carga moderada y acumula mas repeticiones con ritmo constante."",""Respira con control, evita dolor articular y completa 3 a 4 series con tecnica limpia.""}","[{""id"": ""rear_delts"", ""name"": ""Deltoides posterior"", ""image_url"": null}, {""id"": ""traps"", ""name"": ""Trapecio"", ""image_url"": null}]","[{""id"": ""cable"", ""name"": ""Polea"", ""icon_url"": null}]"
ex-0399,face-pull-en-polea-rango-completo,Face pull en polea - Rango completo,,image,"{""Face pull en polea"",""Face pull en polea variante"",""Face pull en polea rango completo""}","{""Posicion inicial para face pull en polea: manten torso estable, hombros abajo y codos guiando el movimiento."",""Movimiento: jala llevando codos hacia atras y junta escapulas, luego extiende brazos con control."",""Variante rango completo: busca el mayor rango de movimiento seguro en cada repeticion."",""Respira con control, evita dolor articular y completa 3 a 4 series con tecnica limpia.""}","[{""id"": ""rear_delts"", ""name"": ""Deltoides posterior"", ""image_url"": null}, {""id"": ""traps"", ""name"": ""Trapecio"", ""image_url"": null}]","[{""id"": ""cable"", ""name"": ""Polea"", ""icon_url"": null}]"
ex-0400,face-pull-en-polea-circuito-metabolico,Face pull en polea - Circuito metabolico,,image,"{""Face pull en polea"",""Face pull en polea variante"",""Face pull en polea circuito metabolico""}","{""Posicion inicial para face pull en polea: manten torso estable, hombros abajo y codos guiando el movimiento."",""Movimiento: jala llevando codos hacia atras y junta escapulas, luego extiende brazos con control."",""Variante circuito metabolico: manten descansos cortos para elevar demanda cardiovascular."",""Respira con control, evita dolor articular y completa 3 a 4 series con tecnica limpia.""}","[{""id"": ""rear_delts"", ""name"": ""Deltoides posterior"", ""image_url"": null}, {""id"": ""traps"", ""name"": ""Trapecio"", ""image_url"": null}]","[{""id"": ""cable"", ""name"": ""Polea"", ""icon_url"": null}]"
ex-0401,reverse-fly-en-peck-deck-tecnica-base,Reverse fly en peck deck - Tecnica base,,image,"{""Reverse fly en peck deck"",""Reverse fly en peck deck variante"",""Reverse fly en peck deck tecnica base""}","{""Posicion inicial para reverse fly en peck deck: manten torso estable, hombros abajo y codos guiando el movimiento."",""Movimiento: jala llevando codos hacia atras y junta escapulas, luego extiende brazos con control."",""Variante tecnica base: prioriza alineacion de rodillas, cadera y columna en cada repeticion."",""Respira con control, evita dolor articular y completa 3 a 4 series con tecnica limpia.""}","[{""id"": ""rear_delts"", ""name"": ""Deltoides posterior"", ""image_url"": null}, {""id"": ""traps"", ""name"": ""Trapecio"", ""image_url"": null}]","[{""id"": ""machine"", ""name"": ""Maquina"", ""icon_url"": null}]"
ex-0402,reverse-fly-en-peck-deck-tempo-controlado,Reverse fly en peck deck - Tempo controlado,,image,"{""Reverse fly en peck deck"",""Reverse fly en peck deck variante"",""Reverse fly en peck deck tempo controlado""}","{""Posicion inicial para reverse fly en peck deck: manten torso estable, hombros abajo y codos guiando el movimiento."",""Movimiento: jala llevando codos hacia atras y junta escapulas, luego extiende brazos con control."",""Variante tempo controlado: usa 3 segundos en la fase de descenso y 1 segundo en la fase de subida."",""Respira con control, evita dolor articular y completa 3 a 4 series con tecnica limpia.""}","[{""id"": ""rear_delts"", ""name"": ""Deltoides posterior"", ""image_url"": null}, {""id"": ""traps"", ""name"": ""Trapecio"", ""image_url"": null}]","[{""id"": ""machine"", ""name"": ""Maquina"", ""icon_url"": null}]"
ex-0403,reverse-fly-en-peck-deck-pausa-isometrica,Reverse fly en peck deck - Pausa isometrica,,image,"{""Reverse fly en peck deck"",""Reverse fly en peck deck variante"",""Reverse fly en peck deck pausa isometrica""}","{""Posicion inicial para reverse fly en peck deck: manten torso estable, hombros abajo y codos guiando el movimiento."",""Movimiento: jala llevando codos hacia atras y junta escapulas, luego extiende brazos con control."",""Variante pausa isometrica: agrega una pausa de 2 segundos en el punto de mayor tension."",""Respira con control, evita dolor articular y completa 3 a 4 series con tecnica limpia.""}","[{""id"": ""rear_delts"", ""name"": ""Deltoides posterior"", ""image_url"": null}, {""id"": ""traps"", ""name"": ""Trapecio"", ""image_url"": null}]","[{""id"": ""machine"", ""name"": ""Maquina"", ""icon_url"": null}]"
ex-0404,reverse-fly-en-peck-deck-unilateral-alternada,Reverse fly en peck deck - Unilateral alternada,,image,"{""Reverse fly en peck deck"",""Reverse fly en peck deck variante"",""Reverse fly en peck deck unilateral alternada""}","{""Posicion inicial para reverse fly en peck deck: manten torso estable, hombros abajo y codos guiando el movimiento."",""Movimiento: jala llevando codos hacia atras y junta escapulas, luego extiende brazos con control."",""Variante unilateral alternada: trabaja un lado por vez y alterna sin perder estabilidad."",""Respira con control, evita dolor articular y completa 3 a 4 series con tecnica limpia.""}","[{""id"": ""rear_delts"", ""name"": ""Deltoides posterior"", ""image_url"": null}, {""id"": ""traps"", ""name"": ""Trapecio"", ""image_url"": null}]","[{""id"": ""machine"", ""name"": ""Maquina"", ""icon_url"": null}]"
ex-0405,reverse-fly-en-peck-deck-fuerza,Reverse fly en peck deck - Fuerza,,image,"{""Reverse fly en peck deck"",""Reverse fly en peck deck variante"",""Reverse fly en peck deck fuerza""}","{""Posicion inicial para reverse fly en peck deck: manten torso estable, hombros abajo y codos guiando el movimiento."",""Movimiento: jala llevando codos hacia atras y junta escapulas, luego extiende brazos con control."",""Variante fuerza: elige una carga desafiante y ejecuta repeticiones tecnicamente limpias."",""Respira con control, evita dolor articular y completa 3 a 4 series con tecnica limpia.""}","[{""id"": ""rear_delts"", ""name"": ""Deltoides posterior"", ""image_url"": null}, {""id"": ""traps"", ""name"": ""Trapecio"", ""image_url"": null}]","[{""id"": ""machine"", ""name"": ""Maquina"", ""icon_url"": null}]"
ex-0406,reverse-fly-en-peck-deck-resistencia,Reverse fly en peck deck - Resistencia,,image,"{""Reverse fly en peck deck"",""Reverse fly en peck deck variante"",""Reverse fly en peck deck resistencia""}","{""Posicion inicial para reverse fly en peck deck: manten torso estable, hombros abajo y codos guiando el movimiento."",""Movimiento: jala llevando codos hacia atras y junta escapulas, luego extiende brazos con control."",""Variante resistencia: usa carga moderada y acumula mas repeticiones con ritmo constante."",""Respira con control, evita dolor articular y completa 3 a 4 series con tecnica limpia.""}","[{""id"": ""rear_delts"", ""name"": ""Deltoides posterior"", ""image_url"": null}, {""id"": ""traps"", ""name"": ""Trapecio"", ""image_url"": null}]","[{""id"": ""machine"", ""name"": ""Maquina"", ""icon_url"": null}]"
ex-0407,reverse-fly-en-peck-deck-rango-completo,Reverse fly en peck deck - Rango completo,,image,"{""Reverse fly en peck deck"",""Reverse fly en peck deck variante"",""Reverse fly en peck deck rango completo""}","{""Posicion inicial para reverse fly en peck deck: manten torso estable, hombros abajo y codos guiando el movimiento."",""Movimiento: jala llevando codos hacia atras y junta escapulas, luego extiende brazos con control."",""Variante rango completo: busca el mayor rango de movimiento seguro en cada repeticion."",""Respira con control, evita dolor articular y completa 3 a 4 series con tecnica limpia.""}","[{""id"": ""rear_delts"", ""name"": ""Deltoides posterior"", ""image_url"": null}, {""id"": ""traps"", ""name"": ""Trapecio"", ""image_url"": null}]","[{""id"": ""machine"", ""name"": ""Maquina"", ""icon_url"": null}]"
ex-0408,reverse-fly-en-peck-deck-circuito-metabolico,Reverse fly en peck deck - Circuito metabolico,,image,"{""Reverse fly en peck deck"",""Reverse fly en peck deck variante"",""Reverse fly en peck deck circuito metabolico""}","{""Posicion inicial para reverse fly en peck deck: manten torso estable, hombros abajo y codos guiando el movimiento."",""Movimiento: jala llevando codos hacia atras y junta escapulas, luego extiende brazos con control."",""Variante circuito metabolico: manten descansos cortos para elevar demanda cardiovascular."",""Respira con control, evita dolor articular y completa 3 a 4 series con tecnica limpia.""}","[{""id"": ""rear_delts"", ""name"": ""Deltoides posterior"", ""image_url"": null}, {""id"": ""traps"", ""name"": ""Trapecio"", ""image_url"": null}]","[{""id"": ""machine"", ""name"": ""Maquina"", ""icon_url"": null}]"
ex-0409,encogimientos-de-trapecio-con-mancuernas-tecnica-base,Encogimientos de trapecio con mancuernas - Tecnica base,,image,"{""Encogimientos de trapecio con mancuernas"",""Encogimientos de trapecio con mancuernas variante"",""Encogimientos de trapecio con mancuernas tecnica base""}","{""Posicion inicial para encogimientos de trapecio con mancuernas: manten torso estable, hombros abajo y codos guiando el movimiento."",""Movimiento: jala llevando codos hacia atras y junta escapulas, luego extiende brazos con control."",""Variante tecnica base: prioriza alineacion de rodillas, cadera y columna en cada repeticion."",""Respira con control, evita dolor articular y completa 3 a 4 series con tecnica limpia.""}","[{""id"": ""traps"", ""name"": ""Trapecio"", ""image_url"": null}, {""id"": ""forearms"", ""name"": ""Antebrazo"", ""image_url"": null}]","[{""id"": ""dumbbell"", ""name"": ""Mancuernas"", ""icon_url"": null}]"
ex-0410,encogimientos-de-trapecio-con-mancuernas-tempo-controlado,Encogimientos de trapecio con mancuernas - Tempo controlado,,image,"{""Encogimientos de trapecio con mancuernas"",""Encogimientos de trapecio con mancuernas variante"",""Encogimientos de trapecio con mancuernas tempo controlado""}","{""Posicion inicial para encogimientos de trapecio con mancuernas: manten torso estable, hombros abajo y codos guiando el movimiento."",""Movimiento: jala llevando codos hacia atras y junta escapulas, luego extiende brazos con control."",""Variante tempo controlado: usa 3 segundos en la fase de descenso y 1 segundo en la fase de subida."",""Respira con control, evita dolor articular y completa 3 a 4 series con tecnica limpia.""}","[{""id"": ""traps"", ""name"": ""Trapecio"", ""image_url"": null}, {""id"": ""forearms"", ""name"": ""Antebrazo"", ""image_url"": null}]","[{""id"": ""dumbbell"", ""name"": ""Mancuernas"", ""icon_url"": null}]"
ex-0411,encogimientos-de-trapecio-con-mancuernas-pausa-isometrica,Encogimientos de trapecio con mancuernas - Pausa isometrica,,image,"{""Encogimientos de trapecio con mancuernas"",""Encogimientos de trapecio con mancuernas variante"",""Encogimientos de trapecio con mancuernas pausa isometrica""}","{""Posicion inicial para encogimientos de trapecio con mancuernas: manten torso estable, hombros abajo y codos guiando el movimiento."",""Movimiento: jala llevando codos hacia atras y junta escapulas, luego extiende brazos con control."",""Variante pausa isometrica: agrega una pausa de 2 segundos en el punto de mayor tension."",""Respira con control, evita dolor articular y completa 3 a 4 series con tecnica limpia.""}","[{""id"": ""traps"", ""name"": ""Trapecio"", ""image_url"": null}, {""id"": ""forearms"", ""name"": ""Antebrazo"", ""image_url"": null}]","[{""id"": ""dumbbell"", ""name"": ""Mancuernas"", ""icon_url"": null}]"
ex-0412,encogimientos-de-trapecio-con-mancuernas-unilateral-alternada,Encogimientos de trapecio con mancuernas - Unilateral alternada,,image,"{""Encogimientos de trapecio con mancuernas"",""Encogimientos de trapecio con mancuernas variante"",""Encogimientos de trapecio con mancuernas unilateral alternada""}","{""Posicion inicial para encogimientos de trapecio con mancuernas: manten torso estable, hombros abajo y codos guiando el movimiento."",""Movimiento: jala llevando codos hacia atras y junta escapulas, luego extiende brazos con control."",""Variante unilateral alternada: trabaja un lado por vez y alterna sin perder estabilidad."",""Respira con control, evita dolor articular y completa 3 a 4 series con tecnica limpia.""}","[{""id"": ""traps"", ""name"": ""Trapecio"", ""image_url"": null}, {""id"": ""forearms"", ""name"": ""Antebrazo"", ""image_url"": null}]","[{""id"": ""dumbbell"", ""name"": ""Mancuernas"", ""icon_url"": null}]"
ex-0413,encogimientos-de-trapecio-con-mancuernas-fuerza,Encogimientos de trapecio con mancuernas - Fuerza,,image,"{""Encogimientos de trapecio con mancuernas"",""Encogimientos de trapecio con mancuernas variante"",""Encogimientos de trapecio con mancuernas fuerza""}","{""Posicion inicial para encogimientos de trapecio con mancuernas: manten torso estable, hombros abajo y codos guiando el movimiento."",""Movimiento: jala llevando codos hacia atras y junta escapulas, luego extiende brazos con control."",""Variante fuerza: elige una carga desafiante y ejecuta repeticiones tecnicamente limpias."",""Respira con control, evita dolor articular y completa 3 a 4 series con tecnica limpia.""}","[{""id"": ""traps"", ""name"": ""Trapecio"", ""image_url"": null}, {""id"": ""forearms"", ""name"": ""Antebrazo"", ""image_url"": null}]","[{""id"": ""dumbbell"", ""name"": ""Mancuernas"", ""icon_url"": null}]"
ex-0414,encogimientos-de-trapecio-con-mancuernas-resistencia,Encogimientos de trapecio con mancuernas - Resistencia,,image,"{""Encogimientos de trapecio con mancuernas"",""Encogimientos de trapecio con mancuernas variante"",""Encogimientos de trapecio con mancuernas resistencia""}","{""Posicion inicial para encogimientos de trapecio con mancuernas: manten torso estable, hombros abajo y codos guiando el movimiento."",""Movimiento: jala llevando codos hacia atras y junta escapulas, luego extiende brazos con control."",""Variante resistencia: usa carga moderada y acumula mas repeticiones con ritmo constante."",""Respira con control, evita dolor articular y completa 3 a 4 series con tecnica limpia.""}","[{""id"": ""traps"", ""name"": ""Trapecio"", ""image_url"": null}, {""id"": ""forearms"", ""name"": ""Antebrazo"", ""image_url"": null}]","[{""id"": ""dumbbell"", ""name"": ""Mancuernas"", ""icon_url"": null}]"
ex-0415,encogimientos-de-trapecio-con-mancuernas-rango-completo,Encogimientos de trapecio con mancuernas - Rango completo,,image,"{""Encogimientos de trapecio con mancuernas"",""Encogimientos de trapecio con mancuernas variante"",""Encogimientos de trapecio con mancuernas rango completo""}","{""Posicion inicial para encogimientos de trapecio con mancuernas: manten torso estable, hombros abajo y codos guiando el movimiento."",""Movimiento: jala llevando codos hacia atras y junta escapulas, luego extiende brazos con control."",""Variante rango completo: busca el mayor rango de movimiento seguro en cada repeticion."",""Respira con control, evita dolor articular y completa 3 a 4 series con tecnica limpia.""}","[{""id"": ""traps"", ""name"": ""Trapecio"", ""image_url"": null}, {""id"": ""forearms"", ""name"": ""Antebrazo"", ""image_url"": null}]","[{""id"": ""dumbbell"", ""name"": ""Mancuernas"", ""icon_url"": null}]"
ex-0416,encogimientos-de-trapecio-con-mancuernas-circuito-metabolico,Encogimientos de trapecio con mancuernas - Circuito metabolico,,image,"{""Encogimientos de trapecio con mancuernas"",""Encogimientos de trapecio con mancuernas variante"",""Encogimientos de trapecio con mancuernas circuito metabolico""}","{""Posicion inicial para encogimientos de trapecio con mancuernas: manten torso estable, hombros abajo y codos guiando el movimiento."",""Movimiento: jala llevando codos hacia atras y junta escapulas, luego extiende brazos con control."",""Variante circuito metabolico: manten descansos cortos para elevar demanda cardiovascular."",""Respira con control, evita dolor articular y completa 3 a 4 series con tecnica limpia.""}","[{""id"": ""traps"", ""name"": ""Trapecio"", ""image_url"": null}, {""id"": ""forearms"", ""name"": ""Antebrazo"", ""image_url"": null}]","[{""id"": ""dumbbell"", ""name"": ""Mancuernas"", ""icon_url"": null}]"
ex-0417,farmer-walk-con-mancuernas-tecnica-base,Farmer walk con mancuernas - Tecnica base,,image,"{""Farmer walk con mancuernas"",""Farmer walk con mancuernas variante"",""Farmer walk con mancuernas tecnica base""}","{""Posicion inicial para farmer walk con mancuernas: manten torso estable, hombros abajo y codos guiando el movimiento."",""Movimiento: jala llevando codos hacia atras y junta escapulas, luego extiende brazos con control."",""Variante tecnica base: prioriza alineacion de rodillas, cadera y columna en cada repeticion."",""Respira con control, evita dolor articular y completa 3 a 4 series con tecnica limpia.""}","[{""id"": ""traps"", ""name"": ""Trapecio"", ""image_url"": null}, {""id"": ""core"", ""name"": ""Core"", ""image_url"": null}]","[{""id"": ""dumbbell"", ""name"": ""Mancuernas"", ""icon_url"": null}]"
ex-0418,farmer-walk-con-mancuernas-tempo-controlado,Farmer walk con mancuernas - Tempo controlado,,image,"{""Farmer walk con mancuernas"",""Farmer walk con mancuernas variante"",""Farmer walk con mancuernas tempo controlado""}","{""Posicion inicial para farmer walk con mancuernas: manten torso estable, hombros abajo y codos guiando el movimiento."",""Movimiento: jala llevando codos hacia atras y junta escapulas, luego extiende brazos con control."",""Variante tempo controlado: usa 3 segundos en la fase de descenso y 1 segundo en la fase de subida."",""Respira con control, evita dolor articular y completa 3 a 4 series con tecnica limpia.""}","[{""id"": ""traps"", ""name"": ""Trapecio"", ""image_url"": null}, {""id"": ""core"", ""name"": ""Core"", ""image_url"": null}]","[{""id"": ""dumbbell"", ""name"": ""Mancuernas"", ""icon_url"": null}]"
ex-0419,farmer-walk-con-mancuernas-pausa-isometrica,Farmer walk con mancuernas - Pausa isometrica,,image,"{""Farmer walk con mancuernas"",""Farmer walk con mancuernas variante"",""Farmer walk con mancuernas pausa isometrica""}","{""Posicion inicial para farmer walk con mancuernas: manten torso estable, hombros abajo y codos guiando el movimiento."",""Movimiento: jala llevando codos hacia atras y junta escapulas, luego extiende brazos con control."",""Variante pausa isometrica: agrega una pausa de 2 segundos en el punto de mayor tension."",""Respira con control, evita dolor articular y completa 3 a 4 series con tecnica limpia.""}","[{""id"": ""traps"", ""name"": ""Trapecio"", ""image_url"": null}, {""id"": ""core"", ""name"": ""Core"", ""image_url"": null}]","[{""id"": ""dumbbell"", ""name"": ""Mancuernas"", ""icon_url"": null}]"
ex-0420,farmer-walk-con-mancuernas-unilateral-alternada,Farmer walk con mancuernas - Unilateral alternada,,image,"{""Farmer walk con mancuernas"",""Farmer walk con mancuernas variante"",""Farmer walk con mancuernas unilateral alternada""}","{""Posicion inicial para farmer walk con mancuernas: manten torso estable, hombros abajo y codos guiando el movimiento."",""Movimiento: jala llevando codos hacia atras y junta escapulas, luego extiende brazos con control."",""Variante unilateral alternada: trabaja un lado por vez y alterna sin perder estabilidad."",""Respira con control, evita dolor articular y completa 3 a 4 series con tecnica limpia.""}","[{""id"": ""traps"", ""name"": ""Trapecio"", ""image_url"": null}, {""id"": ""core"", ""name"": ""Core"", ""image_url"": null}]","[{""id"": ""dumbbell"", ""name"": ""Mancuernas"", ""icon_url"": null}]"
ex-0421,farmer-walk-con-mancuernas-fuerza,Farmer walk con mancuernas - Fuerza,,image,"{""Farmer walk con mancuernas"",""Farmer walk con mancuernas variante"",""Farmer walk con mancuernas fuerza""}","{""Posicion inicial para farmer walk con mancuernas: manten torso estable, hombros abajo y codos guiando el movimiento."",""Movimiento: jala llevando codos hacia atras y junta escapulas, luego extiende brazos con control."",""Variante fuerza: elige una carga desafiante y ejecuta repeticiones tecnicamente limpias."",""Respira con control, evita dolor articular y completa 3 a 4 series con tecnica limpia.""}","[{""id"": ""traps"", ""name"": ""Trapecio"", ""image_url"": null}, {""id"": ""core"", ""name"": ""Core"", ""image_url"": null}]","[{""id"": ""dumbbell"", ""name"": ""Mancuernas"", ""icon_url"": null}]"
ex-0422,farmer-walk-con-mancuernas-resistencia,Farmer walk con mancuernas - Resistencia,,image,"{""Farmer walk con mancuernas"",""Farmer walk con mancuernas variante"",""Farmer walk con mancuernas resistencia""}","{""Posicion inicial para farmer walk con mancuernas: manten torso estable, hombros abajo y codos guiando el movimiento."",""Movimiento: jala llevando codos hacia atras y junta escapulas, luego extiende brazos con control."",""Variante resistencia: usa carga moderada y acumula mas repeticiones con ritmo constante."",""Respira con control, evita dolor articular y completa 3 a 4 series con tecnica limpia.""}","[{""id"": ""traps"", ""name"": ""Trapecio"", ""image_url"": null}, {""id"": ""core"", ""name"": ""Core"", ""image_url"": null}]","[{""id"": ""dumbbell"", ""name"": ""Mancuernas"", ""icon_url"": null}]"
ex-0423,farmer-walk-con-mancuernas-rango-completo,Farmer walk con mancuernas - Rango completo,,image,"{""Farmer walk con mancuernas"",""Farmer walk con mancuernas variante"",""Farmer walk con mancuernas rango completo""}","{""Posicion inicial para farmer walk con mancuernas: manten torso estable, hombros abajo y codos guiando el movimiento."",""Movimiento: jala llevando codos hacia atras y junta escapulas, luego extiende brazos con control."",""Variante rango completo: busca el mayor rango de movimiento seguro en cada repeticion."",""Respira con control, evita dolor articular y completa 3 a 4 series con tecnica limpia.""}","[{""id"": ""traps"", ""name"": ""Trapecio"", ""image_url"": null}, {""id"": ""core"", ""name"": ""Core"", ""image_url"": null}]","[{""id"": ""dumbbell"", ""name"": ""Mancuernas"", ""icon_url"": null}]"
ex-0424,farmer-walk-con-mancuernas-circuito-metabolico,Farmer walk con mancuernas - Circuito metabolico,,image,"{""Farmer walk con mancuernas"",""Farmer walk con mancuernas variante"",""Farmer walk con mancuernas circuito metabolico""}","{""Posicion inicial para farmer walk con mancuernas: manten torso estable, hombros abajo y codos guiando el movimiento."",""Movimiento: jala llevando codos hacia atras y junta escapulas, luego extiende brazos con control."",""Variante circuito metabolico: manten descansos cortos para elevar demanda cardiovascular."",""Respira con control, evita dolor articular y completa 3 a 4 series con tecnica limpia.""}","[{""id"": ""traps"", ""name"": ""Trapecio"", ""image_url"": null}, {""id"": ""core"", ""name"": ""Core"", ""image_url"": null}]","[{""id"": ""dumbbell"", ""name"": ""Mancuernas"", ""icon_url"": null}]"
ex-0425,curl-de-biceps-con-barra-tecnica-base,Curl de biceps con barra - Tecnica base,,image,"{""Curl de biceps con barra"",""Curl de biceps con barra variante"",""Curl de biceps con barra tecnica base""}","{""Posicion inicial para curl de biceps con barra: manten codos estables y evita balancear el torso para generar impulso."",""Movimiento: mueve la carga solo desde el codo, evita compensaciones y controla tanto subida como bajada."",""Variante tecnica base: prioriza alineacion de rodillas, cadera y columna en cada repeticion."",""Respira con control, evita dolor articular y completa 3 a 4 series con tecnica limpia.""}","[{""id"": ""biceps"", ""name"": ""Biceps"", ""image_url"": null}, {""id"": ""forearms"", ""name"": ""Antebrazo"", ""image_url"": null}]","[{""id"": ""barbell"", ""name"": ""Barra"", ""icon_url"": null}]"
ex-0426,curl-de-biceps-con-barra-tempo-controlado,Curl de biceps con barra - Tempo controlado,,image,"{""Curl de biceps con barra"",""Curl de biceps con barra variante"",""Curl de biceps con barra tempo controlado""}","{""Posicion inicial para curl de biceps con barra: manten codos estables y evita balancear el torso para generar impulso."",""Movimiento: mueve la carga solo desde el codo, evita compensaciones y controla tanto subida como bajada."",""Variante tempo controlado: usa 3 segundos en la fase de descenso y 1 segundo en la fase de subida."",""Respira con control, evita dolor articular y completa 3 a 4 series con tecnica limpia.""}","[{""id"": ""biceps"", ""name"": ""Biceps"", ""image_url"": null}, {""id"": ""forearms"", ""name"": ""Antebrazo"", ""image_url"": null}]","[{""id"": ""barbell"", ""name"": ""Barra"", ""icon_url"": null}]"
ex-0427,curl-de-biceps-con-barra-pausa-isometrica,Curl de biceps con barra - Pausa isometrica,,image,"{""Curl de biceps con barra"",""Curl de biceps con barra variante"",""Curl de biceps con barra pausa isometrica""}","{""Posicion inicial para curl de biceps con barra: manten codos estables y evita balancear el torso para generar impulso."",""Movimiento: mueve la carga solo desde el codo, evita compensaciones y controla tanto subida como bajada."",""Variante pausa isometrica: agrega una pausa de 2 segundos en el punto de mayor tension."",""Respira con control, evita dolor articular y completa 3 a 4 series con tecnica limpia.""}","[{""id"": ""biceps"", ""name"": ""Biceps"", ""image_url"": null}, {""id"": ""forearms"", ""name"": ""Antebrazo"", ""image_url"": null}]","[{""id"": ""barbell"", ""name"": ""Barra"", ""icon_url"": null}]"
ex-0428,curl-de-biceps-con-barra-unilateral-alternada,Curl de biceps con barra - Unilateral alternada,,image,"{""Curl de biceps con barra"",""Curl de biceps con barra variante"",""Curl de biceps con barra unilateral alternada""}","{""Posicion inicial para curl de biceps con barra: manten codos estables y evita balancear el torso para generar impulso."",""Movimiento: mueve la carga solo desde el codo, evita compensaciones y controla tanto subida como bajada."",""Variante unilateral alternada: trabaja un lado por vez y alterna sin perder estabilidad."",""Respira con control, evita dolor articular y completa 3 a 4 series con tecnica limpia.""}","[{""id"": ""biceps"", ""name"": ""Biceps"", ""image_url"": null}, {""id"": ""forearms"", ""name"": ""Antebrazo"", ""image_url"": null}]","[{""id"": ""barbell"", ""name"": ""Barra"", ""icon_url"": null}]"
ex-0429,curl-de-biceps-con-barra-fuerza,Curl de biceps con barra - Fuerza,,image,"{""Curl de biceps con barra"",""Curl de biceps con barra variante"",""Curl de biceps con barra fuerza""}","{""Posicion inicial para curl de biceps con barra: manten codos estables y evita balancear el torso para generar impulso."",""Movimiento: mueve la carga solo desde el codo, evita compensaciones y controla tanto subida como bajada."",""Variante fuerza: elige una carga desafiante y ejecuta repeticiones tecnicamente limpias."",""Respira con control, evita dolor articular y completa 3 a 4 series con tecnica limpia.""}","[{""id"": ""biceps"", ""name"": ""Biceps"", ""image_url"": null}, {""id"": ""forearms"", ""name"": ""Antebrazo"", ""image_url"": null}]","[{""id"": ""barbell"", ""name"": ""Barra"", ""icon_url"": null}]"
ex-0430,curl-de-biceps-con-barra-resistencia,Curl de biceps con barra - Resistencia,,image,"{""Curl de biceps con barra"",""Curl de biceps con barra variante"",""Curl de biceps con barra resistencia""}","{""Posicion inicial para curl de biceps con barra: manten codos estables y evita balancear el torso para generar impulso."",""Movimiento: mueve la carga solo desde el codo, evita compensaciones y controla tanto subida como bajada."",""Variante resistencia: usa carga moderada y acumula mas repeticiones con ritmo constante."",""Respira con control, evita dolor articular y completa 3 a 4 series con tecnica limpia.""}","[{""id"": ""biceps"", ""name"": ""Biceps"", ""image_url"": null}, {""id"": ""forearms"", ""name"": ""Antebrazo"", ""image_url"": null}]","[{""id"": ""barbell"", ""name"": ""Barra"", ""icon_url"": null}]"
ex-0431,curl-de-biceps-con-barra-rango-completo,Curl de biceps con barra - Rango completo,,image,"{""Curl de biceps con barra"",""Curl de biceps con barra variante"",""Curl de biceps con barra rango completo""}","{""Posicion inicial para curl de biceps con barra: manten codos estables y evita balancear el torso para generar impulso."",""Movimiento: mueve la carga solo desde el codo, evita compensaciones y controla tanto subida como bajada."",""Variante rango completo: busca el mayor rango de movimiento seguro en cada repeticion."",""Respira con control, evita dolor articular y completa 3 a 4 series con tecnica limpia.""}","[{""id"": ""biceps"", ""name"": ""Biceps"", ""image_url"": null}, {""id"": ""forearms"", ""name"": ""Antebrazo"", ""image_url"": null}]","[{""id"": ""barbell"", ""name"": ""Barra"", ""icon_url"": null}]"
ex-0432,curl-de-biceps-con-barra-circuito-metabolico,Curl de biceps con barra - Circuito metabolico,,image,"{""Curl de biceps con barra"",""Curl de biceps con barra variante"",""Curl de biceps con barra circuito metabolico""}","{""Posicion inicial para curl de biceps con barra: manten codos estables y evita balancear el torso para generar impulso."",""Movimiento: mueve la carga solo desde el codo, evita compensaciones y controla tanto subida como bajada."",""Variante circuito metabolico: manten descansos cortos para elevar demanda cardiovascular."",""Respira con control, evita dolor articular y completa 3 a 4 series con tecnica limpia.""}","[{""id"": ""biceps"", ""name"": ""Biceps"", ""image_url"": null}, {""id"": ""forearms"", ""name"": ""Antebrazo"", ""image_url"": null}]","[{""id"": ""barbell"", ""name"": ""Barra"", ""icon_url"": null}]"
ex-0433,curl-martillo-con-mancuernas-tecnica-base,Curl martillo con mancuernas - Tecnica base,,image,"{""Curl martillo con mancuernas"",""Curl martillo con mancuernas variante"",""Curl martillo con mancuernas tecnica base""}","{""Posicion inicial para curl martillo con mancuernas: manten codos estables y evita balancear el torso para generar impulso."",""Movimiento: mueve la carga solo desde el codo, evita compensaciones y controla tanto subida como bajada."",""Variante tecnica base: prioriza alineacion de rodillas, cadera y columna en cada repeticion."",""Respira con control, evita dolor articular y completa 3 a 4 series con tecnica limpia.""}","[{""id"": ""biceps"", ""name"": ""Biceps"", ""image_url"": null}, {""id"": ""brachialis"", ""name"": ""Braquial"", ""image_url"": null}]","[{""id"": ""dumbbell"", ""name"": ""Mancuernas"", ""icon_url"": null}]"
ex-0434,curl-martillo-con-mancuernas-tempo-controlado,Curl martillo con mancuernas - Tempo controlado,,image,"{""Curl martillo con mancuernas"",""Curl martillo con mancuernas variante"",""Curl martillo con mancuernas tempo controlado""}","{""Posicion inicial para curl martillo con mancuernas: manten codos estables y evita balancear el torso para generar impulso."",""Movimiento: mueve la carga solo desde el codo, evita compensaciones y controla tanto subida como bajada."",""Variante tempo controlado: usa 3 segundos en la fase de descenso y 1 segundo en la fase de subida."",""Respira con control, evita dolor articular y completa 3 a 4 series con tecnica limpia.""}","[{""id"": ""biceps"", ""name"": ""Biceps"", ""image_url"": null}, {""id"": ""brachialis"", ""name"": ""Braquial"", ""image_url"": null}]","[{""id"": ""dumbbell"", ""name"": ""Mancuernas"", ""icon_url"": null}]"
ex-0435,curl-martillo-con-mancuernas-pausa-isometrica,Curl martillo con mancuernas - Pausa isometrica,,image,"{""Curl martillo con mancuernas"",""Curl martillo con mancuernas variante"",""Curl martillo con mancuernas pausa isometrica""}","{""Posicion inicial para curl martillo con mancuernas: manten codos estables y evita balancear el torso para generar impulso."",""Movimiento: mueve la carga solo desde el codo, evita compensaciones y controla tanto subida como bajada."",""Variante pausa isometrica: agrega una pausa de 2 segundos en el punto de mayor tension."",""Respira con control, evita dolor articular y completa 3 a 4 series con tecnica limpia.""}","[{""id"": ""biceps"", ""name"": ""Biceps"", ""image_url"": null}, {""id"": ""brachialis"", ""name"": ""Braquial"", ""image_url"": null}]","[{""id"": ""dumbbell"", ""name"": ""Mancuernas"", ""icon_url"": null}]"
ex-0436,curl-martillo-con-mancuernas-unilateral-alternada,Curl martillo con mancuernas - Unilateral alternada,,image,"{""Curl martillo con mancuernas"",""Curl martillo con mancuernas variante"",""Curl martillo con mancuernas unilateral alternada""}","{""Posicion inicial para curl martillo con mancuernas: manten codos estables y evita balancear el torso para generar impulso."",""Movimiento: mueve la carga solo desde el codo, evita compensaciones y controla tanto subida como bajada."",""Variante unilateral alternada: trabaja un lado por vez y alterna sin perder estabilidad."",""Respira con control, evita dolor articular y completa 3 a 4 series con tecnica limpia.""}","[{""id"": ""biceps"", ""name"": ""Biceps"", ""image_url"": null}, {""id"": ""brachialis"", ""name"": ""Braquial"", ""image_url"": null}]","[{""id"": ""dumbbell"", ""name"": ""Mancuernas"", ""icon_url"": null}]"
ex-0437,curl-martillo-con-mancuernas-fuerza,Curl martillo con mancuernas - Fuerza,,image,"{""Curl martillo con mancuernas"",""Curl martillo con mancuernas variante"",""Curl martillo con mancuernas fuerza""}","{""Posicion inicial para curl martillo con mancuernas: manten codos estables y evita balancear el torso para generar impulso."",""Movimiento: mueve la carga solo desde el codo, evita compensaciones y controla tanto subida como bajada."",""Variante fuerza: elige una carga desafiante y ejecuta repeticiones tecnicamente limpias."",""Respira con control, evita dolor articular y completa 3 a 4 series con tecnica limpia.""}","[{""id"": ""biceps"", ""name"": ""Biceps"", ""image_url"": null}, {""id"": ""brachialis"", ""name"": ""Braquial"", ""image_url"": null}]","[{""id"": ""dumbbell"", ""name"": ""Mancuernas"", ""icon_url"": null}]"
ex-0438,curl-martillo-con-mancuernas-resistencia,Curl martillo con mancuernas - Resistencia,,image,"{""Curl martillo con mancuernas"",""Curl martillo con mancuernas variante"",""Curl martillo con mancuernas resistencia""}","{""Posicion inicial para curl martillo con mancuernas: manten codos estables y evita balancear el torso para generar impulso."",""Movimiento: mueve la carga solo desde el codo, evita compensaciones y controla tanto subida como bajada."",""Variante resistencia: usa carga moderada y acumula mas repeticiones con ritmo constante."",""Respira con control, evita dolor articular y completa 3 a 4 series con tecnica limpia.""}","[{""id"": ""biceps"", ""name"": ""Biceps"", ""image_url"": null}, {""id"": ""brachialis"", ""name"": ""Braquial"", ""image_url"": null}]","[{""id"": ""dumbbell"", ""name"": ""Mancuernas"", ""icon_url"": null}]"
ex-0439,curl-martillo-con-mancuernas-rango-completo,Curl martillo con mancuernas - Rango completo,,image,"{""Curl martillo con mancuernas"",""Curl martillo con mancuernas variante"",""Curl martillo con mancuernas rango completo""}","{""Posicion inicial para curl martillo con mancuernas: manten codos estables y evita balancear el torso para generar impulso."",""Movimiento: mueve la carga solo desde el codo, evita compensaciones y controla tanto subida como bajada."",""Variante rango completo: busca el mayor rango de movimiento seguro en cada repeticion."",""Respira con control, evita dolor articular y completa 3 a 4 series con tecnica limpia.""}","[{""id"": ""biceps"", ""name"": ""Biceps"", ""image_url"": null}, {""id"": ""brachialis"", ""name"": ""Braquial"", ""image_url"": null}]","[{""id"": ""dumbbell"", ""name"": ""Mancuernas"", ""icon_url"": null}]"
ex-0440,curl-martillo-con-mancuernas-circuito-metabolico,Curl martillo con mancuernas - Circuito metabolico,,image,"{""Curl martillo con mancuernas"",""Curl martillo con mancuernas variante"",""Curl martillo con mancuernas circuito metabolico""}","{""Posicion inicial para curl martillo con mancuernas: manten codos estables y evita balancear el torso para generar impulso."",""Movimiento: mueve la carga solo desde el codo, evita compensaciones y controla tanto subida como bajada."",""Variante circuito metabolico: manten descansos cortos para elevar demanda cardiovascular."",""Respira con control, evita dolor articular y completa 3 a 4 series con tecnica limpia.""}","[{""id"": ""biceps"", ""name"": ""Biceps"", ""image_url"": null}, {""id"": ""brachialis"", ""name"": ""Braquial"", ""image_url"": null}]","[{""id"": ""dumbbell"", ""name"": ""Mancuernas"", ""icon_url"": null}]"
ex-0441,curl-inclinado-con-mancuernas-tecnica-base,Curl inclinado con mancuernas - Tecnica base,,image,"{""Curl inclinado con mancuernas"",""Curl inclinado con mancuernas variante"",""Curl inclinado con mancuernas tecnica base""}","{""Posicion inicial para curl inclinado con mancuernas: manten codos estables y evita balancear el torso para generar impulso."",""Movimiento: mueve la carga solo desde el codo, evita compensaciones y controla tanto subida como bajada."",""Variante tecnica base: prioriza alineacion de rodillas, cadera y columna en cada repeticion."",""Respira con control, evita dolor articular y completa 3 a 4 series con tecnica limpia.""}","[{""id"": ""biceps"", ""name"": ""Biceps"", ""image_url"": null}, {""id"": ""forearms"", ""name"": ""Antebrazo"", ""image_url"": null}]","[{""id"": ""dumbbell"", ""name"": ""Mancuernas"", ""icon_url"": null}, {""id"": ""bench"", ""name"": ""Banco"", ""icon_url"": null}]"
ex-0442,curl-inclinado-con-mancuernas-tempo-controlado,Curl inclinado con mancuernas - Tempo controlado,,image,"{""Curl inclinado con mancuernas"",""Curl inclinado con mancuernas variante"",""Curl inclinado con mancuernas tempo controlado""}","{""Posicion inicial para curl inclinado con mancuernas: manten codos estables y evita balancear el torso para generar impulso."",""Movimiento: mueve la carga solo desde el codo, evita compensaciones y controla tanto subida como bajada."",""Variante tempo controlado: usa 3 segundos en la fase de descenso y 1 segundo en la fase de subida."",""Respira con control, evita dolor articular y completa 3 a 4 series con tecnica limpia.""}","[{""id"": ""biceps"", ""name"": ""Biceps"", ""image_url"": null}, {""id"": ""forearms"", ""name"": ""Antebrazo"", ""image_url"": null}]","[{""id"": ""dumbbell"", ""name"": ""Mancuernas"", ""icon_url"": null}, {""id"": ""bench"", ""name"": ""Banco"", ""icon_url"": null}]"
ex-0443,curl-inclinado-con-mancuernas-pausa-isometrica,Curl inclinado con mancuernas - Pausa isometrica,,image,"{""Curl inclinado con mancuernas"",""Curl inclinado con mancuernas variante"",""Curl inclinado con mancuernas pausa isometrica""}","{""Posicion inicial para curl inclinado con mancuernas: manten codos estables y evita balancear el torso para generar impulso."",""Movimiento: mueve la carga solo desde el codo, evita compensaciones y controla tanto subida como bajada."",""Variante pausa isometrica: agrega una pausa de 2 segundos en el punto de mayor tension."",""Respira con control, evita dolor articular y completa 3 a 4 series con tecnica limpia.""}","[{""id"": ""biceps"", ""name"": ""Biceps"", ""image_url"": null}, {""id"": ""forearms"", ""name"": ""Antebrazo"", ""image_url"": null}]","[{""id"": ""dumbbell"", ""name"": ""Mancuernas"", ""icon_url"": null}, {""id"": ""bench"", ""name"": ""Banco"", ""icon_url"": null}]"
ex-0444,curl-inclinado-con-mancuernas-unilateral-alternada,Curl inclinado con mancuernas - Unilateral alternada,,image,"{""Curl inclinado con mancuernas"",""Curl inclinado con mancuernas variante"",""Curl inclinado con mancuernas unilateral alternada""}","{""Posicion inicial para curl inclinado con mancuernas: manten codos estables y evita balancear el torso para generar impulso."",""Movimiento: mueve la carga solo desde el codo, evita compensaciones y controla tanto subida como bajada."",""Variante unilateral alternada: trabaja un lado por vez y alterna sin perder estabilidad."",""Respira con control, evita dolor articular y completa 3 a 4 series con tecnica limpia.""}","[{""id"": ""biceps"", ""name"": ""Biceps"", ""image_url"": null}, {""id"": ""forearms"", ""name"": ""Antebrazo"", ""image_url"": null}]","[{""id"": ""dumbbell"", ""name"": ""Mancuernas"", ""icon_url"": null}, {""id"": ""bench"", ""name"": ""Banco"", ""icon_url"": null}]"
ex-0445,curl-inclinado-con-mancuernas-fuerza,Curl inclinado con mancuernas - Fuerza,,image,"{""Curl inclinado con mancuernas"",""Curl inclinado con mancuernas variante"",""Curl inclinado con mancuernas fuerza""}","{""Posicion inicial para curl inclinado con mancuernas: manten codos estables y evita balancear el torso para generar impulso."",""Movimiento: mueve la carga solo desde el codo, evita compensaciones y controla tanto subida como bajada."",""Variante fuerza: elige una carga desafiante y ejecuta repeticiones tecnicamente limpias."",""Respira con control, evita dolor articular y completa 3 a 4 series con tecnica limpia.""}","[{""id"": ""biceps"", ""name"": ""Biceps"", ""image_url"": null}, {""id"": ""forearms"", ""name"": ""Antebrazo"", ""image_url"": null}]","[{""id"": ""dumbbell"", ""name"": ""Mancuernas"", ""icon_url"": null}, {""id"": ""bench"", ""name"": ""Banco"", ""icon_url"": null}]"
ex-0446,curl-inclinado-con-mancuernas-resistencia,Curl inclinado con mancuernas - Resistencia,,image,"{""Curl inclinado con mancuernas"",""Curl inclinado con mancuernas variante"",""Curl inclinado con mancuernas resistencia""}","{""Posicion inicial para curl inclinado con mancuernas: manten codos estables y evita balancear el torso para generar impulso."",""Movimiento: mueve la carga solo desde el codo, evita compensaciones y controla tanto subida como bajada."",""Variante resistencia: usa carga moderada y acumula mas repeticiones con ritmo constante."",""Respira con control, evita dolor articular y completa 3 a 4 series con tecnica limpia.""}","[{""id"": ""biceps"", ""name"": ""Biceps"", ""image_url"": null}, {""id"": ""forearms"", ""name"": ""Antebrazo"", ""image_url"": null}]","[{""id"": ""dumbbell"", ""name"": ""Mancuernas"", ""icon_url"": null}, {""id"": ""bench"", ""name"": ""Banco"", ""icon_url"": null}]"
ex-0447,curl-inclinado-con-mancuernas-rango-completo,Curl inclinado con mancuernas - Rango completo,,image,"{""Curl inclinado con mancuernas"",""Curl inclinado con mancuernas variante"",""Curl inclinado con mancuernas rango completo""}","{""Posicion inicial para curl inclinado con mancuernas: manten codos estables y evita balancear el torso para generar impulso."",""Movimiento: mueve la carga solo desde el codo, evita compensaciones y controla tanto subida como bajada."",""Variante rango completo: busca el mayor rango de movimiento seguro en cada repeticion."",""Respira con control, evita dolor articular y completa 3 a 4 series con tecnica limpia.""}","[{""id"": ""biceps"", ""name"": ""Biceps"", ""image_url"": null}, {""id"": ""forearms"", ""name"": ""Antebrazo"", ""image_url"": null}]","[{""id"": ""dumbbell"", ""name"": ""Mancuernas"", ""icon_url"": null}, {""id"": ""bench"", ""name"": ""Banco"", ""icon_url"": null}]"
ex-0448,curl-inclinado-con-mancuernas-circuito-metabolico,Curl inclinado con mancuernas - Circuito metabolico,,image,"{""Curl inclinado con mancuernas"",""Curl inclinado con mancuernas variante"",""Curl inclinado con mancuernas circuito metabolico""}","{""Posicion inicial para curl inclinado con mancuernas: manten codos estables y evita balancear el torso para generar impulso."",""Movimiento: mueve la carga solo desde el codo, evita compensaciones y controla tanto subida como bajada."",""Variante circuito metabolico: manten descansos cortos para elevar demanda cardiovascular."",""Respira con control, evita dolor articular y completa 3 a 4 series con tecnica limpia.""}","[{""id"": ""biceps"", ""name"": ""Biceps"", ""image_url"": null}, {""id"": ""forearms"", ""name"": ""Antebrazo"", ""image_url"": null}]","[{""id"": ""dumbbell"", ""name"": ""Mancuernas"", ""icon_url"": null}, {""id"": ""bench"", ""name"": ""Banco"", ""icon_url"": null}]"
ex-0449,curl-en-polea-baja-tecnica-base,Curl en polea baja - Tecnica base,,image,"{""Curl en polea baja"",""Curl en polea baja variante"",""Curl en polea baja tecnica base""}","{""Posicion inicial para curl en polea baja: manten codos estables y evita balancear el torso para generar impulso."",""Movimiento: mueve la carga solo desde el codo, evita compensaciones y controla tanto subida como bajada."",""Variante tecnica base: prioriza alineacion de rodillas, cadera y columna en cada repeticion."",""Respira con control, evita dolor articular y completa 3 a 4 series con tecnica limpia.""}","[{""id"": ""biceps"", ""name"": ""Biceps"", ""image_url"": null}, {""id"": ""forearms"", ""name"": ""Antebrazo"", ""image_url"": null}]","[{""id"": ""cable"", ""name"": ""Polea"", ""icon_url"": null}]"
ex-0450,curl-en-polea-baja-tempo-controlado,Curl en polea baja - Tempo controlado,,image,"{""Curl en polea baja"",""Curl en polea baja variante"",""Curl en polea baja tempo controlado""}","{""Posicion inicial para curl en polea baja: manten codos estables y evita balancear el torso para generar impulso."",""Movimiento: mueve la carga solo desde el codo, evita compensaciones y controla tanto subida como bajada."",""Variante tempo controlado: usa 3 segundos en la fase de descenso y 1 segundo en la fase de subida."",""Respira con control, evita dolor articular y completa 3 a 4 series con tecnica limpia.""}","[{""id"": ""biceps"", ""name"": ""Biceps"", ""image_url"": null}, {""id"": ""forearms"", ""name"": ""Antebrazo"", ""image_url"": null}]","[{""id"": ""cable"", ""name"": ""Polea"", ""icon_url"": null}]"
ex-0451,curl-en-polea-baja-pausa-isometrica,Curl en polea baja - Pausa isometrica,,image,"{""Curl en polea baja"",""Curl en polea baja variante"",""Curl en polea baja pausa isometrica""}","{""Posicion inicial para curl en polea baja: manten codos estables y evita balancear el torso para generar impulso."",""Movimiento: mueve la carga solo desde el codo, evita compensaciones y controla tanto subida como bajada."",""Variante pausa isometrica: agrega una pausa de 2 segundos en el punto de mayor tension."",""Respira con control, evita dolor articular y completa 3 a 4 series con tecnica limpia.""}","[{""id"": ""biceps"", ""name"": ""Biceps"", ""image_url"": null}, {""id"": ""forearms"", ""name"": ""Antebrazo"", ""image_url"": null}]","[{""id"": ""cable"", ""name"": ""Polea"", ""icon_url"": null}]"
ex-0452,curl-en-polea-baja-unilateral-alternada,Curl en polea baja - Unilateral alternada,,image,"{""Curl en polea baja"",""Curl en polea baja variante"",""Curl en polea baja unilateral alternada""}","{""Posicion inicial para curl en polea baja: manten codos estables y evita balancear el torso para generar impulso."",""Movimiento: mueve la carga solo desde el codo, evita compensaciones y controla tanto subida como bajada."",""Variante unilateral alternada: trabaja un lado por vez y alterna sin perder estabilidad."",""Respira con control, evita dolor articular y completa 3 a 4 series con tecnica limpia.""}","[{""id"": ""biceps"", ""name"": ""Biceps"", ""image_url"": null}, {""id"": ""forearms"", ""name"": ""Antebrazo"", ""image_url"": null}]","[{""id"": ""cable"", ""name"": ""Polea"", ""icon_url"": null}]"
ex-0453,curl-en-polea-baja-fuerza,Curl en polea baja - Fuerza,,image,"{""Curl en polea baja"",""Curl en polea baja variante"",""Curl en polea baja fuerza""}","{""Posicion inicial para curl en polea baja: manten codos estables y evita balancear el torso para generar impulso."",""Movimiento: mueve la carga solo desde el codo, evita compensaciones y controla tanto subida como bajada."",""Variante fuerza: elige una carga desafiante y ejecuta repeticiones tecnicamente limpias."",""Respira con control, evita dolor articular y completa 3 a 4 series con tecnica limpia.""}","[{""id"": ""biceps"", ""name"": ""Biceps"", ""image_url"": null}, {""id"": ""forearms"", ""name"": ""Antebrazo"", ""image_url"": null}]","[{""id"": ""cable"", ""name"": ""Polea"", ""icon_url"": null}]"
ex-0454,curl-en-polea-baja-resistencia,Curl en polea baja - Resistencia,,image,"{""Curl en polea baja"",""Curl en polea baja variante"",""Curl en polea baja resistencia""}","{""Posicion inicial para curl en polea baja: manten codos estables y evita balancear el torso para generar impulso."",""Movimiento: mueve la carga solo desde el codo, evita compensaciones y controla tanto subida como bajada."",""Variante resistencia: usa carga moderada y acumula mas repeticiones con ritmo constante."",""Respira con control, evita dolor articular y completa 3 a 4 series con tecnica limpia.""}","[{""id"": ""biceps"", ""name"": ""Biceps"", ""image_url"": null}, {""id"": ""forearms"", ""name"": ""Antebrazo"", ""image_url"": null}]","[{""id"": ""cable"", ""name"": ""Polea"", ""icon_url"": null}]"
ex-0455,curl-en-polea-baja-rango-completo,Curl en polea baja - Rango completo,,image,"{""Curl en polea baja"",""Curl en polea baja variante"",""Curl en polea baja rango completo""}","{""Posicion inicial para curl en polea baja: manten codos estables y evita balancear el torso para generar impulso."",""Movimiento: mueve la carga solo desde el codo, evita compensaciones y controla tanto subida como bajada."",""Variante rango completo: busca el mayor rango de movimiento seguro en cada repeticion."",""Respira con control, evita dolor articular y completa 3 a 4 series con tecnica limpia.""}","[{""id"": ""biceps"", ""name"": ""Biceps"", ""image_url"": null}, {""id"": ""forearms"", ""name"": ""Antebrazo"", ""image_url"": null}]","[{""id"": ""cable"", ""name"": ""Polea"", ""icon_url"": null}]"
ex-0456,curl-en-polea-baja-circuito-metabolico,Curl en polea baja - Circuito metabolico,,image,"{""Curl en polea baja"",""Curl en polea baja variante"",""Curl en polea baja circuito metabolico""}","{""Posicion inicial para curl en polea baja: manten codos estables y evita balancear el torso para generar impulso."",""Movimiento: mueve la carga solo desde el codo, evita compensaciones y controla tanto subida como bajada."",""Variante circuito metabolico: manten descansos cortos para elevar demanda cardiovascular."",""Respira con control, evita dolor articular y completa 3 a 4 series con tecnica limpia.""}","[{""id"": ""biceps"", ""name"": ""Biceps"", ""image_url"": null}, {""id"": ""forearms"", ""name"": ""Antebrazo"", ""image_url"": null}]","[{""id"": ""cable"", ""name"": ""Polea"", ""icon_url"": null}]"
ex-0457,extension-de-triceps-en-polea-tecnica-base,Extension de triceps en polea - Tecnica base,,image,"{""Extension de triceps en polea"",""Extension de triceps en polea variante"",""Extension de triceps en polea tecnica base""}","{""Posicion inicial para extension de triceps en polea: manten codos estables y evita balancear el torso para generar impulso."",""Movimiento: mueve la carga solo desde el codo, evita compensaciones y controla tanto subida como bajada."",""Variante tecnica base: prioriza alineacion de rodillas, cadera y columna en cada repeticion."",""Respira con control, evita dolor articular y completa 3 a 4 series con tecnica limpia.""}","[{""id"": ""triceps"", ""name"": ""Triceps"", ""image_url"": null}, {""id"": ""shoulders"", ""name"": ""Hombros"", ""image_url"": null}]","[{""id"": ""cable"", ""name"": ""Polea"", ""icon_url"": null}]"
ex-0458,extension-de-triceps-en-polea-tempo-controlado,Extension de triceps en polea - Tempo controlado,,image,"{""Extension de triceps en polea"",""Extension de triceps en polea variante"",""Extension de triceps en polea tempo controlado""}","{""Posicion inicial para extension de triceps en polea: manten codos estables y evita balancear el torso para generar impulso."",""Movimiento: mueve la carga solo desde el codo, evita compensaciones y controla tanto subida como bajada."",""Variante tempo controlado: usa 3 segundos en la fase de descenso y 1 segundo en la fase de subida."",""Respira con control, evita dolor articular y completa 3 a 4 series con tecnica limpia.""}","[{""id"": ""triceps"", ""name"": ""Triceps"", ""image_url"": null}, {""id"": ""shoulders"", ""name"": ""Hombros"", ""image_url"": null}]","[{""id"": ""cable"", ""name"": ""Polea"", ""icon_url"": null}]"
ex-0459,extension-de-triceps-en-polea-pausa-isometrica,Extension de triceps en polea - Pausa isometrica,,image,"{""Extension de triceps en polea"",""Extension de triceps en polea variante"",""Extension de triceps en polea pausa isometrica""}","{""Posicion inicial para extension de triceps en polea: manten codos estables y evita balancear el torso para generar impulso."",""Movimiento: mueve la carga solo desde el codo, evita compensaciones y controla tanto subida como bajada."",""Variante pausa isometrica: agrega una pausa de 2 segundos en el punto de mayor tension."",""Respira con control, evita dolor articular y completa 3 a 4 series con tecnica limpia.""}","[{""id"": ""triceps"", ""name"": ""Triceps"", ""image_url"": null}, {""id"": ""shoulders"", ""name"": ""Hombros"", ""image_url"": null}]","[{""id"": ""cable"", ""name"": ""Polea"", ""icon_url"": null}]"
ex-0460,extension-de-triceps-en-polea-unilateral-alternada,Extension de triceps en polea - Unilateral alternada,,image,"{""Extension de triceps en polea"",""Extension de triceps en polea variante"",""Extension de triceps en polea unilateral alternada""}","{""Posicion inicial para extension de triceps en polea: manten codos estables y evita balancear el torso para generar impulso."",""Movimiento: mueve la carga solo desde el codo, evita compensaciones y controla tanto subida como bajada."",""Variante unilateral alternada: trabaja un lado por vez y alterna sin perder estabilidad."",""Respira con control, evita dolor articular y completa 3 a 4 series con tecnica limpia.""}","[{""id"": ""triceps"", ""name"": ""Triceps"", ""image_url"": null}, {""id"": ""shoulders"", ""name"": ""Hombros"", ""image_url"": null}]","[{""id"": ""cable"", ""name"": ""Polea"", ""icon_url"": null}]"
ex-0461,extension-de-triceps-en-polea-fuerza,Extension de triceps en polea - Fuerza,,image,"{""Extension de triceps en polea"",""Extension de triceps en polea variante"",""Extension de triceps en polea fuerza""}","{""Posicion inicial para extension de triceps en polea: manten codos estables y evita balancear el torso para generar impulso."",""Movimiento: mueve la carga solo desde el codo, evita compensaciones y controla tanto subida como bajada."",""Variante fuerza: elige una carga desafiante y ejecuta repeticiones tecnicamente limpias."",""Respira con control, evita dolor articular y completa 3 a 4 series con tecnica limpia.""}","[{""id"": ""triceps"", ""name"": ""Triceps"", ""image_url"": null}, {""id"": ""shoulders"", ""name"": ""Hombros"", ""image_url"": null}]","[{""id"": ""cable"", ""name"": ""Polea"", ""icon_url"": null}]"
ex-0462,extension-de-triceps-en-polea-resistencia,Extension de triceps en polea - Resistencia,,image,"{""Extension de triceps en polea"",""Extension de triceps en polea variante"",""Extension de triceps en polea resistencia""}","{""Posicion inicial para extension de triceps en polea: manten codos estables y evita balancear el torso para generar impulso."",""Movimiento: mueve la carga solo desde el codo, evita compensaciones y controla tanto subida como bajada."",""Variante resistencia: usa carga moderada y acumula mas repeticiones con ritmo constante."",""Respira con control, evita dolor articular y completa 3 a 4 series con tecnica limpia.""}","[{""id"": ""triceps"", ""name"": ""Triceps"", ""image_url"": null}, {""id"": ""shoulders"", ""name"": ""Hombros"", ""image_url"": null}]","[{""id"": ""cable"", ""name"": ""Polea"", ""icon_url"": null}]"
ex-0463,extension-de-triceps-en-polea-rango-completo,Extension de triceps en polea - Rango completo,,image,"{""Extension de triceps en polea"",""Extension de triceps en polea variante"",""Extension de triceps en polea rango completo""}","{""Posicion inicial para extension de triceps en polea: manten codos estables y evita balancear el torso para generar impulso."",""Movimiento: mueve la carga solo desde el codo, evita compensaciones y controla tanto subida como bajada."",""Variante rango completo: busca el mayor rango de movimiento seguro en cada repeticion."",""Respira con control, evita dolor articular y completa 3 a 4 series con tecnica limpia.""}","[{""id"": ""triceps"", ""name"": ""Triceps"", ""image_url"": null}, {""id"": ""shoulders"", ""name"": ""Hombros"", ""image_url"": null}]","[{""id"": ""cable"", ""name"": ""Polea"", ""icon_url"": null}]"
ex-0464,extension-de-triceps-en-polea-circuito-metabolico,Extension de triceps en polea - Circuito metabolico,,image,"{""Extension de triceps en polea"",""Extension de triceps en polea variante"",""Extension de triceps en polea circuito metabolico""}","{""Posicion inicial para extension de triceps en polea: manten codos estables y evita balancear el torso para generar impulso."",""Movimiento: mueve la carga solo desde el codo, evita compensaciones y controla tanto subida como bajada."",""Variante circuito metabolico: manten descansos cortos para elevar demanda cardiovascular."",""Respira con control, evita dolor articular y completa 3 a 4 series con tecnica limpia.""}","[{""id"": ""triceps"", ""name"": ""Triceps"", ""image_url"": null}, {""id"": ""shoulders"", ""name"": ""Hombros"", ""image_url"": null}]","[{""id"": ""cable"", ""name"": ""Polea"", ""icon_url"": null}]"
ex-0465,extension-de-triceps-por-encima-de-la-cabeza-tecnica-base,Extension de triceps por encima de la cabeza - Tecnica base,,image,"{""Extension de triceps por encima de la cabeza"",""Extension de triceps por encima de la cabeza variante"",""Extension de triceps por encima de la cabeza tecnica base""}","{""Posicion inicial para extension de triceps por encima de la cabeza: manten codos estables y evita balancear el torso para generar impulso."",""Movimiento: mueve la carga solo desde el codo, evita compensaciones y controla tanto subida como bajada."",""Variante tecnica base: prioriza alineacion de rodillas, cadera y columna en cada repeticion."",""Respira con control, evita dolor articular y completa 3 a 4 series con tecnica limpia.""}","[{""id"": ""triceps"", ""name"": ""Triceps"", ""image_url"": null}, {""id"": ""core"", ""name"": ""Core"", ""image_url"": null}]","[{""id"": ""dumbbell"", ""name"": ""Mancuerna"", ""icon_url"": null}]"
ex-0466,extension-de-triceps-por-encima-de-la-cabeza-tempo-controlado,Extension de triceps por encima de la cabeza - Tempo controlado,,image,"{""Extension de triceps por encima de la cabeza"",""Extension de triceps por encima de la cabeza variante"",""Extension de triceps por encima de la cabeza tempo controlado""}","{""Posicion inicial para extension de triceps por encima de la cabeza: manten codos estables y evita balancear el torso para generar impulso."",""Movimiento: mueve la carga solo desde el codo, evita compensaciones y controla tanto subida como bajada."",""Variante tempo controlado: usa 3 segundos en la fase de descenso y 1 segundo en la fase de subida."",""Respira con control, evita dolor articular y completa 3 a 4 series con tecnica limpia.""}","[{""id"": ""triceps"", ""name"": ""Triceps"", ""image_url"": null}, {""id"": ""core"", ""name"": ""Core"", ""image_url"": null}]","[{""id"": ""dumbbell"", ""name"": ""Mancuerna"", ""icon_url"": null}]"
ex-0467,extension-de-triceps-por-encima-de-la-cabeza-pausa-isometrica,Extension de triceps por encima de la cabeza - Pausa isometrica,,image,"{""Extension de triceps por encima de la cabeza"",""Extension de triceps por encima de la cabeza variante"",""Extension de triceps por encima de la cabeza pausa isometrica""}","{""Posicion inicial para extension de triceps por encima de la cabeza: manten codos estables y evita balancear el torso para generar impulso."",""Movimiento: mueve la carga solo desde el codo, evita compensaciones y controla tanto subida como bajada."",""Variante pausa isometrica: agrega una pausa de 2 segundos en el punto de mayor tension."",""Respira con control, evita dolor articular y completa 3 a 4 series con tecnica limpia.""}","[{""id"": ""triceps"", ""name"": ""Triceps"", ""image_url"": null}, {""id"": ""core"", ""name"": ""Core"", ""image_url"": null}]","[{""id"": ""dumbbell"", ""name"": ""Mancuerna"", ""icon_url"": null}]"
ex-0468,extension-de-triceps-por-encima-de-la-cabeza-unilateral-alternada,Extension de triceps por encima de la cabeza - Unilateral alternada,,image,"{""Extension de triceps por encima de la cabeza"",""Extension de triceps por encima de la cabeza variante"",""Extension de triceps por encima de la cabeza unilateral alternada""}","{""Posicion inicial para extension de triceps por encima de la cabeza: manten codos estables y evita balancear el torso para generar impulso."",""Movimiento: mueve la carga solo desde el codo, evita compensaciones y controla tanto subida como bajada."",""Variante unilateral alternada: trabaja un lado por vez y alterna sin perder estabilidad."",""Respira con control, evita dolor articular y completa 3 a 4 series con tecnica limpia.""}","[{""id"": ""triceps"", ""name"": ""Triceps"", ""image_url"": null}, {""id"": ""core"", ""name"": ""Core"", ""image_url"": null}]","[{""id"": ""dumbbell"", ""name"": ""Mancuerna"", ""icon_url"": null}]"
ex-0469,extension-de-triceps-por-encima-de-la-cabeza-fuerza,Extension de triceps por encima de la cabeza - Fuerza,,image,"{""Extension de triceps por encima de la cabeza"",""Extension de triceps por encima de la cabeza variante"",""Extension de triceps por encima de la cabeza fuerza""}","{""Posicion inicial para extension de triceps por encima de la cabeza: manten codos estables y evita balancear el torso para generar impulso."",""Movimiento: mueve la carga solo desde el codo, evita compensaciones y controla tanto subida como bajada."",""Variante fuerza: elige una carga desafiante y ejecuta repeticiones tecnicamente limpias."",""Respira con control, evita dolor articular y completa 3 a 4 series con tecnica limpia.""}","[{""id"": ""triceps"", ""name"": ""Triceps"", ""image_url"": null}, {""id"": ""core"", ""name"": ""Core"", ""image_url"": null}]","[{""id"": ""dumbbell"", ""name"": ""Mancuerna"", ""icon_url"": null}]"
ex-0470,extension-de-triceps-por-encima-de-la-cabeza-resistencia,Extension de triceps por encima de la cabeza - Resistencia,,image,"{""Extension de triceps por encima de la cabeza"",""Extension de triceps por encima de la cabeza variante"",""Extension de triceps por encima de la cabeza resistencia""}","{""Posicion inicial para extension de triceps por encima de la cabeza: manten codos estables y evita balancear el torso para generar impulso."",""Movimiento: mueve la carga solo desde el codo, evita compensaciones y controla tanto subida como bajada."",""Variante resistencia: usa carga moderada y acumula mas repeticiones con ritmo constante."",""Respira con control, evita dolor articular y completa 3 a 4 series con tecnica limpia.""}","[{""id"": ""triceps"", ""name"": ""Triceps"", ""image_url"": null}, {""id"": ""core"", ""name"": ""Core"", ""image_url"": null}]","[{""id"": ""dumbbell"", ""name"": ""Mancuerna"", ""icon_url"": null}]"
ex-0471,extension-de-triceps-por-encima-de-la-cabeza-rango-completo,Extension de triceps por encima de la cabeza - Rango completo,,image,"{""Extension de triceps por encima de la cabeza"",""Extension de triceps por encima de la cabeza variante"",""Extension de triceps por encima de la cabeza rango completo""}","{""Posicion inicial para extension de triceps por encima de la cabeza: manten codos estables y evita balancear el torso para generar impulso."",""Movimiento: mueve la carga solo desde el codo, evita compensaciones y controla tanto subida como bajada."",""Variante rango completo: busca el mayor rango de movimiento seguro en cada repeticion."",""Respira con control, evita dolor articular y completa 3 a 4 series con tecnica limpia.""}","[{""id"": ""triceps"", ""name"": ""Triceps"", ""image_url"": null}, {""id"": ""core"", ""name"": ""Core"", ""image_url"": null}]","[{""id"": ""dumbbell"", ""name"": ""Mancuerna"", ""icon_url"": null}]"
ex-0472,extension-de-triceps-por-encima-de-la-cabeza-circuito-metabolico,Extension de triceps por encima de la cabeza - Circuito metabolico,,image,"{""Extension de triceps por encima de la cabeza"",""Extension de triceps por encima de la cabeza variante"",""Extension de triceps por encima de la cabeza circuito metabolico""}","{""Posicion inicial para extension de triceps por encima de la cabeza: manten codos estables y evita balancear el torso para generar impulso."",""Movimiento: mueve la carga solo desde el codo, evita compensaciones y controla tanto subida como bajada."",""Variante circuito metabolico: manten descansos cortos para elevar demanda cardiovascular."",""Respira con control, evita dolor articular y completa 3 a 4 series con tecnica limpia.""}","[{""id"": ""triceps"", ""name"": ""Triceps"", ""image_url"": null}, {""id"": ""core"", ""name"": ""Core"", ""image_url"": null}]","[{""id"": ""dumbbell"", ""name"": ""Mancuerna"", ""icon_url"": null}]"
ex-0473,patada-de-triceps-tecnica-base,Patada de triceps - Tecnica base,,image,"{""Patada de triceps"",""Patada de triceps variante"",""Patada de triceps tecnica base""}","{""Posicion inicial para patada de triceps: manten codos estables y evita balancear el torso para generar impulso."",""Movimiento: mueve la carga solo desde el codo, evita compensaciones y controla tanto subida como bajada."",""Variante tecnica base: prioriza alineacion de rodillas, cadera y columna en cada repeticion."",""Respira con control, evita dolor articular y completa 3 a 4 series con tecnica limpia.""}","[{""id"": ""triceps"", ""name"": ""Triceps"", ""image_url"": null}, {""id"": ""rear_delts"", ""name"": ""Deltoides posterior"", ""image_url"": null}]","[{""id"": ""dumbbell"", ""name"": ""Mancuerna"", ""icon_url"": null}]"
ex-0474,patada-de-triceps-tempo-controlado,Patada de triceps - Tempo controlado,,image,"{""Patada de triceps"",""Patada de triceps variante"",""Patada de triceps tempo controlado""}","{""Posicion inicial para patada de triceps: manten codos estables y evita balancear el torso para generar impulso."",""Movimiento: mueve la carga solo desde el codo, evita compensaciones y controla tanto subida como bajada."",""Variante tempo controlado: usa 3 segundos en la fase de descenso y 1 segundo en la fase de subida."",""Respira con control, evita dolor articular y completa 3 a 4 series con tecnica limpia.""}","[{""id"": ""triceps"", ""name"": ""Triceps"", ""image_url"": null}, {""id"": ""rear_delts"", ""name"": ""Deltoides posterior"", ""image_url"": null}]","[{""id"": ""dumbbell"", ""name"": ""Mancuerna"", ""icon_url"": null}]"
ex-0475,patada-de-triceps-pausa-isometrica,Patada de triceps - Pausa isometrica,,image,"{""Patada de triceps"",""Patada de triceps variante"",""Patada de triceps pausa isometrica""}","{""Posicion inicial para patada de triceps: manten codos estables y evita balancear el torso para generar impulso."",""Movimiento: mueve la carga solo desde el codo, evita compensaciones y controla tanto subida como bajada."",""Variante pausa isometrica: agrega una pausa de 2 segundos en el punto de mayor tension."",""Respira con control, evita dolor articular y completa 3 a 4 series con tecnica limpia.""}","[{""id"": ""triceps"", ""name"": ""Triceps"", ""image_url"": null}, {""id"": ""rear_delts"", ""name"": ""Deltoides posterior"", ""image_url"": null}]","[{""id"": ""dumbbell"", ""name"": ""Mancuerna"", ""icon_url"": null}]"
ex-0476,patada-de-triceps-unilateral-alternada,Patada de triceps - Unilateral alternada,,image,"{""Patada de triceps"",""Patada de triceps variante"",""Patada de triceps unilateral alternada""}","{""Posicion inicial para patada de triceps: manten codos estables y evita balancear el torso para generar impulso."",""Movimiento: mueve la carga solo desde el codo, evita compensaciones y controla tanto subida como bajada."",""Variante unilateral alternada: trabaja un lado por vez y alterna sin perder estabilidad."",""Respira con control, evita dolor articular y completa 3 a 4 series con tecnica limpia.""}","[{""id"": ""triceps"", ""name"": ""Triceps"", ""image_url"": null}, {""id"": ""rear_delts"", ""name"": ""Deltoides posterior"", ""image_url"": null}]","[{""id"": ""dumbbell"", ""name"": ""Mancuerna"", ""icon_url"": null}]"
ex-0477,patada-de-triceps-fuerza,Patada de triceps - Fuerza,,image,"{""Patada de triceps"",""Patada de triceps variante"",""Patada de triceps fuerza""}","{""Posicion inicial para patada de triceps: manten codos estables y evita balancear el torso para generar impulso."",""Movimiento: mueve la carga solo desde el codo, evita compensaciones y controla tanto subida como bajada."",""Variante fuerza: elige una carga desafiante y ejecuta repeticiones tecnicamente limpias."",""Respira con control, evita dolor articular y completa 3 a 4 series con tecnica limpia.""}","[{""id"": ""triceps"", ""name"": ""Triceps"", ""image_url"": null}, {""id"": ""rear_delts"", ""name"": ""Deltoides posterior"", ""image_url"": null}]","[{""id"": ""dumbbell"", ""name"": ""Mancuerna"", ""icon_url"": null}]"
ex-0478,patada-de-triceps-resistencia,Patada de triceps - Resistencia,,image,"{""Patada de triceps"",""Patada de triceps variante"",""Patada de triceps resistencia""}","{""Posicion inicial para patada de triceps: manten codos estables y evita balancear el torso para generar impulso."",""Movimiento: mueve la carga solo desde el codo, evita compensaciones y controla tanto subida como bajada."",""Variante resistencia: usa carga moderada y acumula mas repeticiones con ritmo constante."",""Respira con control, evita dolor articular y completa 3 a 4 series con tecnica limpia.""}","[{""id"": ""triceps"", ""name"": ""Triceps"", ""image_url"": null}, {""id"": ""rear_delts"", ""name"": ""Deltoides posterior"", ""image_url"": null}]","[{""id"": ""dumbbell"", ""name"": ""Mancuerna"", ""icon_url"": null}]"
ex-0479,patada-de-triceps-rango-completo,Patada de triceps - Rango completo,,image,"{""Patada de triceps"",""Patada de triceps variante"",""Patada de triceps rango completo""}","{""Posicion inicial para patada de triceps: manten codos estables y evita balancear el torso para generar impulso."",""Movimiento: mueve la carga solo desde el codo, evita compensaciones y controla tanto subida como bajada."",""Variante rango completo: busca el mayor rango de movimiento seguro en cada repeticion."",""Respira con control, evita dolor articular y completa 3 a 4 series con tecnica limpia.""}","[{""id"": ""triceps"", ""name"": ""Triceps"", ""image_url"": null}, {""id"": ""rear_delts"", ""name"": ""Deltoides posterior"", ""image_url"": null}]","[{""id"": ""dumbbell"", ""name"": ""Mancuerna"", ""icon_url"": null}]"
ex-0480,patada-de-triceps-circuito-metabolico,Patada de triceps - Circuito metabolico,,image,"{""Patada de triceps"",""Patada de triceps variante"",""Patada de triceps circuito metabolico""}","{""Posicion inicial para patada de triceps: manten codos estables y evita balancear el torso para generar impulso."",""Movimiento: mueve la carga solo desde el codo, evita compensaciones y controla tanto subida como bajada."",""Variante circuito metabolico: manten descansos cortos para elevar demanda cardiovascular."",""Respira con control, evita dolor articular y completa 3 a 4 series con tecnica limpia.""}","[{""id"": ""triceps"", ""name"": ""Triceps"", ""image_url"": null}, {""id"": ""rear_delts"", ""name"": ""Deltoides posterior"", ""image_url"": null}]","[{""id"": ""dumbbell"", ""name"": ""Mancuerna"", ""icon_url"": null}]"
ex-0481,press-frances-con-barra-z-tecnica-base,Press frances con barra Z - Tecnica base,,image,"{""Press frances con barra Z"",""Press frances con barra Z variante"",""Press frances con barra Z tecnica base""}","{""Posicion inicial para press frances con barra z: manten codos estables y evita balancear el torso para generar impulso."",""Movimiento: mueve la carga solo desde el codo, evita compensaciones y controla tanto subida como bajada."",""Variante tecnica base: prioriza alineacion de rodillas, cadera y columna en cada repeticion."",""Respira con control, evita dolor articular y completa 3 a 4 series con tecnica limpia.""}","[{""id"": ""triceps"", ""name"": ""Triceps"", ""image_url"": null}, {""id"": ""forearms"", ""name"": ""Antebrazo"", ""image_url"": null}]","[{""id"": ""ez_bar"", ""name"": ""Barra Z"", ""icon_url"": null}]"
ex-0482,press-frances-con-barra-z-tempo-controlado,Press frances con barra Z - Tempo controlado,,image,"{""Press frances con barra Z"",""Press frances con barra Z variante"",""Press frances con barra Z tempo controlado""}","{""Posicion inicial para press frances con barra z: manten codos estables y evita balancear el torso para generar impulso."",""Movimiento: mueve la carga solo desde el codo, evita compensaciones y controla tanto subida como bajada."",""Variante tempo controlado: usa 3 segundos en la fase de descenso y 1 segundo en la fase de subida."",""Respira con control, evita dolor articular y completa 3 a 4 series con tecnica limpia.""}","[{""id"": ""triceps"", ""name"": ""Triceps"", ""image_url"": null}, {""id"": ""forearms"", ""name"": ""Antebrazo"", ""image_url"": null}]","[{""id"": ""ez_bar"", ""name"": ""Barra Z"", ""icon_url"": null}]"
ex-0483,press-frances-con-barra-z-pausa-isometrica,Press frances con barra Z - Pausa isometrica,,image,"{""Press frances con barra Z"",""Press frances con barra Z variante"",""Press frances con barra Z pausa isometrica""}","{""Posicion inicial para press frances con barra z: manten codos estables y evita balancear el torso para generar impulso."",""Movimiento: mueve la carga solo desde el codo, evita compensaciones y controla tanto subida como bajada."",""Variante pausa isometrica: agrega una pausa de 2 segundos en el punto de mayor tension."",""Respira con control, evita dolor articular y completa 3 a 4 series con tecnica limpia.""}","[{""id"": ""triceps"", ""name"": ""Triceps"", ""image_url"": null}, {""id"": ""forearms"", ""name"": ""Antebrazo"", ""image_url"": null}]","[{""id"": ""ez_bar"", ""name"": ""Barra Z"", ""icon_url"": null}]"
ex-0484,press-frances-con-barra-z-unilateral-alternada,Press frances con barra Z - Unilateral alternada,,image,"{""Press frances con barra Z"",""Press frances con barra Z variante"",""Press frances con barra Z unilateral alternada""}","{""Posicion inicial para press frances con barra z: manten codos estables y evita balancear el torso para generar impulso."",""Movimiento: mueve la carga solo desde el codo, evita compensaciones y controla tanto subida como bajada."",""Variante unilateral alternada: trabaja un lado por vez y alterna sin perder estabilidad."",""Respira con control, evita dolor articular y completa 3 a 4 series con tecnica limpia.""}","[{""id"": ""triceps"", ""name"": ""Triceps"", ""image_url"": null}, {""id"": ""forearms"", ""name"": ""Antebrazo"", ""image_url"": null}]","[{""id"": ""ez_bar"", ""name"": ""Barra Z"", ""icon_url"": null}]"
ex-0485,press-frances-con-barra-z-fuerza,Press frances con barra Z - Fuerza,,image,"{""Press frances con barra Z"",""Press frances con barra Z variante"",""Press frances con barra Z fuerza""}","{""Posicion inicial para press frances con barra z: manten codos estables y evita balancear el torso para generar impulso."",""Movimiento: mueve la carga solo desde el codo, evita compensaciones y controla tanto subida como bajada."",""Variante fuerza: elige una carga desafiante y ejecuta repeticiones tecnicamente limpias."",""Respira con control, evita dolor articular y completa 3 a 4 series con tecnica limpia.""}","[{""id"": ""triceps"", ""name"": ""Triceps"", ""image_url"": null}, {""id"": ""forearms"", ""name"": ""Antebrazo"", ""image_url"": null}]","[{""id"": ""ez_bar"", ""name"": ""Barra Z"", ""icon_url"": null}]"
ex-0486,press-frances-con-barra-z-resistencia,Press frances con barra Z - Resistencia,,image,"{""Press frances con barra Z"",""Press frances con barra Z variante"",""Press frances con barra Z resistencia""}","{""Posicion inicial para press frances con barra z: manten codos estables y evita balancear el torso para generar impulso."",""Movimiento: mueve la carga solo desde el codo, evita compensaciones y controla tanto subida como bajada."",""Variante resistencia: usa carga moderada y acumula mas repeticiones con ritmo constante."",""Respira con control, evita dolor articular y completa 3 a 4 series con tecnica limpia.""}","[{""id"": ""triceps"", ""name"": ""Triceps"", ""image_url"": null}, {""id"": ""forearms"", ""name"": ""Antebrazo"", ""image_url"": null}]","[{""id"": ""ez_bar"", ""name"": ""Barra Z"", ""icon_url"": null}]"
ex-0487,press-frances-con-barra-z-rango-completo,Press frances con barra Z - Rango completo,,image,"{""Press frances con barra Z"",""Press frances con barra Z variante"",""Press frances con barra Z rango completo""}","{""Posicion inicial para press frances con barra z: manten codos estables y evita balancear el torso para generar impulso."",""Movimiento: mueve la carga solo desde el codo, evita compensaciones y controla tanto subida como bajada."",""Variante rango completo: busca el mayor rango de movimiento seguro en cada repeticion."",""Respira con control, evita dolor articular y completa 3 a 4 series con tecnica limpia.""}","[{""id"": ""triceps"", ""name"": ""Triceps"", ""image_url"": null}, {""id"": ""forearms"", ""name"": ""Antebrazo"", ""image_url"": null}]","[{""id"": ""ez_bar"", ""name"": ""Barra Z"", ""icon_url"": null}]"
ex-0488,press-frances-con-barra-z-circuito-metabolico,Press frances con barra Z - Circuito metabolico,,image,"{""Press frances con barra Z"",""Press frances con barra Z variante"",""Press frances con barra Z circuito metabolico""}","{""Posicion inicial para press frances con barra z: manten codos estables y evita balancear el torso para generar impulso."",""Movimiento: mueve la carga solo desde el codo, evita compensaciones y controla tanto subida como bajada."",""Variante circuito metabolico: manten descansos cortos para elevar demanda cardiovascular."",""Respira con control, evita dolor articular y completa 3 a 4 series con tecnica limpia.""}","[{""id"": ""triceps"", ""name"": ""Triceps"", ""image_url"": null}, {""id"": ""forearms"", ""name"": ""Antebrazo"", ""image_url"": null}]","[{""id"": ""ez_bar"", ""name"": ""Barra Z"", ""icon_url"": null}]"
ex-0489,plancha-frontal-tecnica-base,Plancha frontal - Tecnica base,,image,"{""Plancha frontal"",""Plancha frontal variante"",""Plancha frontal tecnica base""}","{""Posicion inicial para plancha frontal: ajusta pelvis en posicion neutral y activa abdomen profundo."",""Movimiento: sostiene la posicion isometrica con respiracion corta y abdomen activo durante todo el tiempo."",""Variante tecnica base: prioriza alineacion de rodillas, cadera y columna en cada repeticion."",""Respira con control, evita dolor articular y completa 3 a 4 series con tecnica limpia.""}","[{""id"": ""core"", ""name"": ""Core"", ""image_url"": null}, {""id"": ""shoulders"", ""name"": ""Hombros"", ""image_url"": null}]","[{""id"": ""bodyweight"", ""name"": ""Peso corporal"", ""icon_url"": null}]"
ex-0490,plancha-frontal-tempo-controlado,Plancha frontal - Tempo controlado,,image,"{""Plancha frontal"",""Plancha frontal variante"",""Plancha frontal tempo controlado""}","{""Posicion inicial para plancha frontal: ajusta pelvis en posicion neutral y activa abdomen profundo."",""Movimiento: sostiene la posicion isometrica con respiracion corta y abdomen activo durante todo el tiempo."",""Variante tempo controlado: usa 3 segundos en la fase de descenso y 1 segundo en la fase de subida."",""Respira con control, evita dolor articular y completa 3 a 4 series con tecnica limpia.""}","[{""id"": ""core"", ""name"": ""Core"", ""image_url"": null}, {""id"": ""shoulders"", ""name"": ""Hombros"", ""image_url"": null}]","[{""id"": ""bodyweight"", ""name"": ""Peso corporal"", ""icon_url"": null}]"
ex-0491,plancha-frontal-pausa-isometrica,Plancha frontal - Pausa isometrica,,image,"{""Plancha frontal"",""Plancha frontal variante"",""Plancha frontal pausa isometrica""}","{""Posicion inicial para plancha frontal: ajusta pelvis en posicion neutral y activa abdomen profundo."",""Movimiento: sostiene la posicion isometrica con respiracion corta y abdomen activo durante todo el tiempo."",""Variante pausa isometrica: agrega una pausa de 2 segundos en el punto de mayor tension."",""Respira con control, evita dolor articular y completa 3 a 4 series con tecnica limpia.""}","[{""id"": ""core"", ""name"": ""Core"", ""image_url"": null}, {""id"": ""shoulders"", ""name"": ""Hombros"", ""image_url"": null}]","[{""id"": ""bodyweight"", ""name"": ""Peso corporal"", ""icon_url"": null}]"
ex-0492,plancha-frontal-unilateral-alternada,Plancha frontal - Unilateral alternada,,image,"{""Plancha frontal"",""Plancha frontal variante"",""Plancha frontal unilateral alternada""}","{""Posicion inicial para plancha frontal: ajusta pelvis en posicion neutral y activa abdomen profundo."",""Movimiento: sostiene la posicion isometrica con respiracion corta y abdomen activo durante todo el tiempo."",""Variante unilateral alternada: trabaja un lado por vez y alterna sin perder estabilidad."",""Respira con control, evita dolor articular y completa 3 a 4 series con tecnica limpia.""}","[{""id"": ""core"", ""name"": ""Core"", ""image_url"": null}, {""id"": ""shoulders"", ""name"": ""Hombros"", ""image_url"": null}]","[{""id"": ""bodyweight"", ""name"": ""Peso corporal"", ""icon_url"": null}]"
ex-0493,plancha-frontal-fuerza,Plancha frontal - Fuerza,,image,"{""Plancha frontal"",""Plancha frontal variante"",""Plancha frontal fuerza""}","{""Posicion inicial para plancha frontal: ajusta pelvis en posicion neutral y activa abdomen profundo."",""Movimiento: sostiene la posicion isometrica con respiracion corta y abdomen activo durante todo el tiempo."",""Variante fuerza: elige una carga desafiante y ejecuta repeticiones tecnicamente limpias."",""Respira con control, evita dolor articular y completa 3 a 4 series con tecnica limpia.""}","[{""id"": ""core"", ""name"": ""Core"", ""image_url"": null}, {""id"": ""shoulders"", ""name"": ""Hombros"", ""image_url"": null}]","[{""id"": ""bodyweight"", ""name"": ""Peso corporal"", ""icon_url"": null}]"
ex-0494,plancha-frontal-resistencia,Plancha frontal - Resistencia,,image,"{""Plancha frontal"",""Plancha frontal variante"",""Plancha frontal resistencia""}","{""Posicion inicial para plancha frontal: ajusta pelvis en posicion neutral y activa abdomen profundo."",""Movimiento: sostiene la posicion isometrica con respiracion corta y abdomen activo durante todo el tiempo."",""Variante resistencia: usa carga moderada y acumula mas repeticiones con ritmo constante."",""Respira con control, evita dolor articular y completa 3 a 4 series con tecnica limpia.""}","[{""id"": ""core"", ""name"": ""Core"", ""image_url"": null}, {""id"": ""shoulders"", ""name"": ""Hombros"", ""image_url"": null}]","[{""id"": ""bodyweight"", ""name"": ""Peso corporal"", ""icon_url"": null}]"
ex-0495,plancha-frontal-rango-completo,Plancha frontal - Rango completo,,image,"{""Plancha frontal"",""Plancha frontal variante"",""Plancha frontal rango completo""}","{""Posicion inicial para plancha frontal: ajusta pelvis en posicion neutral y activa abdomen profundo."",""Movimiento: sostiene la posicion isometrica con respiracion corta y abdomen activo durante todo el tiempo."",""Variante rango completo: busca el mayor rango de movimiento seguro en cada repeticion."",""Respira con control, evita dolor articular y completa 3 a 4 series con tecnica limpia.""}","[{""id"": ""core"", ""name"": ""Core"", ""image_url"": null}, {""id"": ""shoulders"", ""name"": ""Hombros"", ""image_url"": null}]","[{""id"": ""bodyweight"", ""name"": ""Peso corporal"", ""icon_url"": null}]"
ex-0496,plancha-frontal-circuito-metabolico,Plancha frontal - Circuito metabolico,,image,"{""Plancha frontal"",""Plancha frontal variante"",""Plancha frontal circuito metabolico""}","{""Posicion inicial para plancha frontal: ajusta pelvis en posicion neutral y activa abdomen profundo."",""Movimiento: sostiene la posicion isometrica con respiracion corta y abdomen activo durante todo el tiempo."",""Variante circuito metabolico: manten descansos cortos para elevar demanda cardiovascular."",""Respira con control, evita dolor articular y completa 3 a 4 series con tecnica limpia.""}","[{""id"": ""core"", ""name"": ""Core"", ""image_url"": null}, {""id"": ""shoulders"", ""name"": ""Hombros"", ""image_url"": null}]","[{""id"": ""bodyweight"", ""name"": ""Peso corporal"", ""icon_url"": null}]"
ex-0497,plancha-lateral-tecnica-base,Plancha lateral - Tecnica base,,image,"{""Plancha lateral"",""Plancha lateral variante"",""Plancha lateral tecnica base""}","{""Posicion inicial para plancha lateral: ajusta pelvis en posicion neutral y activa abdomen profundo."",""Movimiento: sostiene la posicion isometrica con respiracion corta y abdomen activo durante todo el tiempo."",""Variante tecnica base: prioriza alineacion de rodillas, cadera y columna en cada repeticion."",""Respira con control, evita dolor articular y completa 3 a 4 series con tecnica limpia.""}","[{""id"": ""obliques"", ""name"": ""Oblicuos"", ""image_url"": null}, {""id"": ""core"", ""name"": ""Core"", ""image_url"": null}]","[{""id"": ""bodyweight"", ""name"": ""Peso corporal"", ""icon_url"": null}]"
ex-0498,plancha-lateral-tempo-controlado,Plancha lateral - Tempo controlado,,image,"{""Plancha lateral"",""Plancha lateral variante"",""Plancha lateral tempo controlado""}","{""Posicion inicial para plancha lateral: ajusta pelvis en posicion neutral y activa abdomen profundo."",""Movimiento: sostiene la posicion isometrica con respiracion corta y abdomen activo durante todo el tiempo."",""Variante tempo controlado: usa 3 segundos en la fase de descenso y 1 segundo en la fase de subida."",""Respira con control, evita dolor articular y completa 3 a 4 series con tecnica limpia.""}","[{""id"": ""obliques"", ""name"": ""Oblicuos"", ""image_url"": null}, {""id"": ""core"", ""name"": ""Core"", ""image_url"": null}]","[{""id"": ""bodyweight"", ""name"": ""Peso corporal"", ""icon_url"": null}]"
ex-0499,plancha-lateral-pausa-isometrica,Plancha lateral - Pausa isometrica,,image,"{""Plancha lateral"",""Plancha lateral variante"",""Plancha lateral pausa isometrica""}","{""Posicion inicial para plancha lateral: ajusta pelvis en posicion neutral y activa abdomen profundo."",""Movimiento: sostiene la posicion isometrica con respiracion corta y abdomen activo durante todo el tiempo."",""Variante pausa isometrica: agrega una pausa de 2 segundos en el punto de mayor tension."",""Respira con control, evita dolor articular y completa 3 a 4 series con tecnica limpia.""}","[{""id"": ""obliques"", ""name"": ""Oblicuos"", ""image_url"": null}, {""id"": ""core"", ""name"": ""Core"", ""image_url"": null}]","[{""id"": ""bodyweight"", ""name"": ""Peso corporal"", ""icon_url"": null}]"
ex-0500,plancha-lateral-unilateral-alternada,Plancha lateral - Unilateral alternada,,image,"{""Plancha lateral"",""Plancha lateral variante"",""Plancha lateral unilateral alternada""}","{""Posicion inicial para plancha lateral: ajusta pelvis en posicion neutral y activa abdomen profundo."",""Movimiento: sostiene la posicion isometrica con respiracion corta y abdomen activo durante todo el tiempo."",""Variante unilateral alternada: trabaja un lado por vez y alterna sin perder estabilidad."",""Respira con control, evita dolor articular y completa 3 a 4 series con tecnica limpia.""}","[{""id"": ""obliques"", ""name"": ""Oblicuos"", ""image_url"": null}, {""id"": ""core"", ""name"": ""Core"", ""image_url"": null}]","[{""id"": ""bodyweight"", ""name"": ""Peso corporal"", ""icon_url"": null}]"
ex-0501,plancha-lateral-fuerza,Plancha lateral - Fuerza,,image,"{""Plancha lateral"",""Plancha lateral variante"",""Plancha lateral fuerza""}","{""Posicion inicial para plancha lateral: ajusta pelvis en posicion neutral y activa abdomen profundo."",""Movimiento: sostiene la posicion isometrica con respiracion corta y abdomen activo durante todo el tiempo."",""Variante fuerza: elige una carga desafiante y ejecuta repeticiones tecnicamente limpias."",""Respira con control, evita dolor articular y completa 3 a 4 series con tecnica limpia.""}","[{""id"": ""obliques"", ""name"": ""Oblicuos"", ""image_url"": null}, {""id"": ""core"", ""name"": ""Core"", ""image_url"": null}]","[{""id"": ""bodyweight"", ""name"": ""Peso corporal"", ""icon_url"": null}]"
ex-0502,plancha-lateral-resistencia,Plancha lateral - Resistencia,,image,"{""Plancha lateral"",""Plancha lateral variante"",""Plancha lateral resistencia""}","{""Posicion inicial para plancha lateral: ajusta pelvis en posicion neutral y activa abdomen profundo."",""Movimiento: sostiene la posicion isometrica con respiracion corta y abdomen activo durante todo el tiempo."",""Variante resistencia: usa carga moderada y acumula mas repeticiones con ritmo constante."",""Respira con control, evita dolor articular y completa 3 a 4 series con tecnica limpia.""}","[{""id"": ""obliques"", ""name"": ""Oblicuos"", ""image_url"": null}, {""id"": ""core"", ""name"": ""Core"", ""image_url"": null}]","[{""id"": ""bodyweight"", ""name"": ""Peso corporal"", ""icon_url"": null}]"
ex-0503,plancha-lateral-rango-completo,Plancha lateral - Rango completo,,image,"{""Plancha lateral"",""Plancha lateral variante"",""Plancha lateral rango completo""}","{""Posicion inicial para plancha lateral: ajusta pelvis en posicion neutral y activa abdomen profundo."",""Movimiento: sostiene la posicion isometrica con respiracion corta y abdomen activo durante todo el tiempo."",""Variante rango completo: busca el mayor rango de movimiento seguro en cada repeticion."",""Respira con control, evita dolor articular y completa 3 a 4 series con tecnica limpia.""}","[{""id"": ""obliques"", ""name"": ""Oblicuos"", ""image_url"": null}, {""id"": ""core"", ""name"": ""Core"", ""image_url"": null}]","[{""id"": ""bodyweight"", ""name"": ""Peso corporal"", ""icon_url"": null}]"
ex-0504,plancha-lateral-circuito-metabolico,Plancha lateral - Circuito metabolico,,image,"{""Plancha lateral"",""Plancha lateral variante"",""Plancha lateral circuito metabolico""}","{""Posicion inicial para plancha lateral: ajusta pelvis en posicion neutral y activa abdomen profundo."",""Movimiento: sostiene la posicion isometrica con respiracion corta y abdomen activo durante todo el tiempo."",""Variante circuito metabolico: manten descansos cortos para elevar demanda cardiovascular."",""Respira con control, evita dolor articular y completa 3 a 4 series con tecnica limpia.""}","[{""id"": ""obliques"", ""name"": ""Oblicuos"", ""image_url"": null}, {""id"": ""core"", ""name"": ""Core"", ""image_url"": null}]","[{""id"": ""bodyweight"", ""name"": ""Peso corporal"", ""icon_url"": null}]"
ex-0505,hollow-hold-tecnica-base,Hollow hold - Tecnica base,,image,"{""Hollow hold"",""Hollow hold variante"",""Hollow hold tecnica base""}","{""Posicion inicial para hollow hold: ajusta pelvis en posicion neutral y activa abdomen profundo."",""Movimiento: sostiene la posicion isometrica con respiracion corta y abdomen activo durante todo el tiempo."",""Variante tecnica base: prioriza alineacion de rodillas, cadera y columna en cada repeticion."",""Respira con control, evita dolor articular y completa 3 a 4 series con tecnica limpia.""}","[{""id"": ""core"", ""name"": ""Core"", ""image_url"": null}, {""id"": ""hip_flexors"", ""name"": ""Flexores de cadera"", ""image_url"": null}]","[{""id"": ""bodyweight"", ""name"": ""Peso corporal"", ""icon_url"": null}]"
ex-0506,hollow-hold-tempo-controlado,Hollow hold - Tempo controlado,,image,"{""Hollow hold"",""Hollow hold variante"",""Hollow hold tempo controlado""}","{""Posicion inicial para hollow hold: ajusta pelvis en posicion neutral y activa abdomen profundo."",""Movimiento: sostiene la posicion isometrica con respiracion corta y abdomen activo durante todo el tiempo."",""Variante tempo controlado: usa 3 segundos en la fase de descenso y 1 segundo en la fase de subida."",""Respira con control, evita dolor articular y completa 3 a 4 series con tecnica limpia.""}","[{""id"": ""core"", ""name"": ""Core"", ""image_url"": null}, {""id"": ""hip_flexors"", ""name"": ""Flexores de cadera"", ""image_url"": null}]","[{""id"": ""bodyweight"", ""name"": ""Peso corporal"", ""icon_url"": null}]"
ex-0507,hollow-hold-pausa-isometrica,Hollow hold - Pausa isometrica,,image,"{""Hollow hold"",""Hollow hold variante"",""Hollow hold pausa isometrica""}","{""Posicion inicial para hollow hold: ajusta pelvis en posicion neutral y activa abdomen profundo."",""Movimiento: sostiene la posicion isometrica con respiracion corta y abdomen activo durante todo el tiempo."",""Variante pausa isometrica: agrega una pausa de 2 segundos en el punto de mayor tension."",""Respira con control, evita dolor articular y completa 3 a 4 series con tecnica limpia.""}","[{""id"": ""core"", ""name"": ""Core"", ""image_url"": null}, {""id"": ""hip_flexors"", ""name"": ""Flexores de cadera"", ""image_url"": null}]","[{""id"": ""bodyweight"", ""name"": ""Peso corporal"", ""icon_url"": null}]"
ex-0508,hollow-hold-unilateral-alternada,Hollow hold - Unilateral alternada,,image,"{""Hollow hold"",""Hollow hold variante"",""Hollow hold unilateral alternada""}","{""Posicion inicial para hollow hold: ajusta pelvis en posicion neutral y activa abdomen profundo."",""Movimiento: sostiene la posicion isometrica con respiracion corta y abdomen activo durante todo el tiempo."",""Variante unilateral alternada: trabaja un lado por vez y alterna sin perder estabilidad."",""Respira con control, evita dolor articular y completa 3 a 4 series con tecnica limpia.""}","[{""id"": ""core"", ""name"": ""Core"", ""image_url"": null}, {""id"": ""hip_flexors"", ""name"": ""Flexores de cadera"", ""image_url"": null}]","[{""id"": ""bodyweight"", ""name"": ""Peso corporal"", ""icon_url"": null}]"
ex-0509,hollow-hold-fuerza,Hollow hold - Fuerza,,image,"{""Hollow hold"",""Hollow hold variante"",""Hollow hold fuerza""}","{""Posicion inicial para hollow hold: ajusta pelvis en posicion neutral y activa abdomen profundo."",""Movimiento: sostiene la posicion isometrica con respiracion corta y abdomen activo durante todo el tiempo."",""Variante fuerza: elige una carga desafiante y ejecuta repeticiones tecnicamente limpias."",""Respira con control, evita dolor articular y completa 3 a 4 series con tecnica limpia.""}","[{""id"": ""core"", ""name"": ""Core"", ""image_url"": null}, {""id"": ""hip_flexors"", ""name"": ""Flexores de cadera"", ""image_url"": null}]","[{""id"": ""bodyweight"", ""name"": ""Peso corporal"", ""icon_url"": null}]"
ex-0510,hollow-hold-resistencia,Hollow hold - Resistencia,,image,"{""Hollow hold"",""Hollow hold variante"",""Hollow hold resistencia""}","{""Posicion inicial para hollow hold: ajusta pelvis en posicion neutral y activa abdomen profundo."",""Movimiento: sostiene la posicion isometrica con respiracion corta y abdomen activo durante todo el tiempo."",""Variante resistencia: usa carga moderada y acumula mas repeticiones con ritmo constante."",""Respira con control, evita dolor articular y completa 3 a 4 series con tecnica limpia.""}","[{""id"": ""core"", ""name"": ""Core"", ""image_url"": null}, {""id"": ""hip_flexors"", ""name"": ""Flexores de cadera"", ""image_url"": null}]","[{""id"": ""bodyweight"", ""name"": ""Peso corporal"", ""icon_url"": null}]"
ex-0511,hollow-hold-rango-completo,Hollow hold - Rango completo,,image,"{""Hollow hold"",""Hollow hold variante"",""Hollow hold rango completo""}","{""Posicion inicial para hollow hold: ajusta pelvis en posicion neutral y activa abdomen profundo."",""Movimiento: sostiene la posicion isometrica con respiracion corta y abdomen activo durante todo el tiempo."",""Variante rango completo: busca el mayor rango de movimiento seguro en cada repeticion."",""Respira con control, evita dolor articular y completa 3 a 4 series con tecnica limpia.""}","[{""id"": ""core"", ""name"": ""Core"", ""image_url"": null}, {""id"": ""hip_flexors"", ""name"": ""Flexores de cadera"", ""image_url"": null}]","[{""id"": ""bodyweight"", ""name"": ""Peso corporal"", ""icon_url"": null}]"
ex-0512,hollow-hold-circuito-metabolico,Hollow hold - Circuito metabolico,,image,"{""Hollow hold"",""Hollow hold variante"",""Hollow hold circuito metabolico""}","{""Posicion inicial para hollow hold: ajusta pelvis en posicion neutral y activa abdomen profundo."",""Movimiento: sostiene la posicion isometrica con respiracion corta y abdomen activo durante todo el tiempo."",""Variante circuito metabolico: manten descansos cortos para elevar demanda cardiovascular."",""Respira con control, evita dolor articular y completa 3 a 4 series con tecnica limpia.""}","[{""id"": ""core"", ""name"": ""Core"", ""image_url"": null}, {""id"": ""hip_flexors"", ""name"": ""Flexores de cadera"", ""image_url"": null}]","[{""id"": ""bodyweight"", ""name"": ""Peso corporal"", ""icon_url"": null}]"
ex-0513,dead-bug-tecnica-base,Dead bug - Tecnica base,,image,"{""Dead bug"",""Dead bug variante"",""Dead bug tecnica base""}","{""Posicion inicial para dead bug: activa abdomen y controla cada repeticion sin jalar del cuello."",""Movimiento: ejecuta cada repeticion con control abdominal y ritmo constante, evitando balanceos."",""Variante tecnica base: prioriza alineacion de rodillas, cadera y columna en cada repeticion."",""Respira con control, evita dolor articular y completa 3 a 4 series con tecnica limpia.""}","[{""id"": ""core"", ""name"": ""Core"", ""image_url"": null}, {""id"": ""hip_flexors"", ""name"": ""Flexores de cadera"", ""image_url"": null}]","[{""id"": ""bodyweight"", ""name"": ""Peso corporal"", ""icon_url"": null}]"
ex-0514,dead-bug-tempo-controlado,Dead bug - Tempo controlado,,image,"{""Dead bug"",""Dead bug variante"",""Dead bug tempo controlado""}","{""Posicion inicial para dead bug: activa abdomen y controla cada repeticion sin jalar del cuello."",""Movimiento: ejecuta cada repeticion con control abdominal y ritmo constante, evitando balanceos."",""Variante tempo controlado: usa 3 segundos en la fase de descenso y 1 segundo en la fase de subida."",""Respira con control, evita dolor articular y completa 3 a 4 series con tecnica limpia.""}","[{""id"": ""core"", ""name"": ""Core"", ""image_url"": null}, {""id"": ""hip_flexors"", ""name"": ""Flexores de cadera"", ""image_url"": null}]","[{""id"": ""bodyweight"", ""name"": ""Peso corporal"", ""icon_url"": null}]"
ex-0515,dead-bug-pausa-isometrica,Dead bug - Pausa isometrica,,image,"{""Dead bug"",""Dead bug variante"",""Dead bug pausa isometrica""}","{""Posicion inicial para dead bug: activa abdomen y controla cada repeticion sin jalar del cuello."",""Movimiento: ejecuta cada repeticion con control abdominal y ritmo constante, evitando balanceos."",""Variante pausa isometrica: agrega una pausa de 2 segundos en el punto de mayor tension."",""Respira con control, evita dolor articular y completa 3 a 4 series con tecnica limpia.""}","[{""id"": ""core"", ""name"": ""Core"", ""image_url"": null}, {""id"": ""hip_flexors"", ""name"": ""Flexores de cadera"", ""image_url"": null}]","[{""id"": ""bodyweight"", ""name"": ""Peso corporal"", ""icon_url"": null}]"
ex-0516,dead-bug-unilateral-alternada,Dead bug - Unilateral alternada,,image,"{""Dead bug"",""Dead bug variante"",""Dead bug unilateral alternada""}","{""Posicion inicial para dead bug: activa abdomen y controla cada repeticion sin jalar del cuello."",""Movimiento: ejecuta cada repeticion con control abdominal y ritmo constante, evitando balanceos."",""Variante unilateral alternada: trabaja un lado por vez y alterna sin perder estabilidad."",""Respira con control, evita dolor articular y completa 3 a 4 series con tecnica limpia.""}","[{""id"": ""core"", ""name"": ""Core"", ""image_url"": null}, {""id"": ""hip_flexors"", ""name"": ""Flexores de cadera"", ""image_url"": null}]","[{""id"": ""bodyweight"", ""name"": ""Peso corporal"", ""icon_url"": null}]"
ex-0517,dead-bug-fuerza,Dead bug - Fuerza,,image,"{""Dead bug"",""Dead bug variante"",""Dead bug fuerza""}","{""Posicion inicial para dead bug: activa abdomen y controla cada repeticion sin jalar del cuello."",""Movimiento: ejecuta cada repeticion con control abdominal y ritmo constante, evitando balanceos."",""Variante fuerza: elige una carga desafiante y ejecuta repeticiones tecnicamente limpias."",""Respira con control, evita dolor articular y completa 3 a 4 series con tecnica limpia.""}","[{""id"": ""core"", ""name"": ""Core"", ""image_url"": null}, {""id"": ""hip_flexors"", ""name"": ""Flexores de cadera"", ""image_url"": null}]","[{""id"": ""bodyweight"", ""name"": ""Peso corporal"", ""icon_url"": null}]"
ex-0518,dead-bug-resistencia,Dead bug - Resistencia,,image,"{""Dead bug"",""Dead bug variante"",""Dead bug resistencia""}","{""Posicion inicial para dead bug: activa abdomen y controla cada repeticion sin jalar del cuello."",""Movimiento: ejecuta cada repeticion con control abdominal y ritmo constante, evitando balanceos."",""Variante resistencia: usa carga moderada y acumula mas repeticiones con ritmo constante."",""Respira con control, evita dolor articular y completa 3 a 4 series con tecnica limpia.""}","[{""id"": ""core"", ""name"": ""Core"", ""image_url"": null}, {""id"": ""hip_flexors"", ""name"": ""Flexores de cadera"", ""image_url"": null}]","[{""id"": ""bodyweight"", ""name"": ""Peso corporal"", ""icon_url"": null}]"
ex-0519,dead-bug-rango-completo,Dead bug - Rango completo,,image,"{""Dead bug"",""Dead bug variante"",""Dead bug rango completo""}","{""Posicion inicial para dead bug: activa abdomen y controla cada repeticion sin jalar del cuello."",""Movimiento: ejecuta cada repeticion con control abdominal y ritmo constante, evitando balanceos."",""Variante rango completo: busca el mayor rango de movimiento seguro en cada repeticion."",""Respira con control, evita dolor articular y completa 3 a 4 series con tecnica limpia.""}","[{""id"": ""core"", ""name"": ""Core"", ""image_url"": null}, {""id"": ""hip_flexors"", ""name"": ""Flexores de cadera"", ""image_url"": null}]","[{""id"": ""bodyweight"", ""name"": ""Peso corporal"", ""icon_url"": null}]"
ex-0520,dead-bug-circuito-metabolico,Dead bug - Circuito metabolico,,image,"{""Dead bug"",""Dead bug variante"",""Dead bug circuito metabolico""}","{""Posicion inicial para dead bug: activa abdomen y controla cada repeticion sin jalar del cuello."",""Movimiento: ejecuta cada repeticion con control abdominal y ritmo constante, evitando balanceos."",""Variante circuito metabolico: manten descansos cortos para elevar demanda cardiovascular."",""Respira con control, evita dolor articular y completa 3 a 4 series con tecnica limpia.""}","[{""id"": ""core"", ""name"": ""Core"", ""image_url"": null}, {""id"": ""hip_flexors"", ""name"": ""Flexores de cadera"", ""image_url"": null}]","[{""id"": ""bodyweight"", ""name"": ""Peso corporal"", ""icon_url"": null}]"
ex-0521,bird-dog-tecnica-base,Bird dog - Tecnica base,,image,"{""Bird dog"",""Bird dog variante"",""Bird dog tecnica base""}","{""Posicion inicial para bird dog: activa abdomen y controla cada repeticion sin jalar del cuello."",""Movimiento: ejecuta cada repeticion con control abdominal y ritmo constante, evitando balanceos."",""Variante tecnica base: prioriza alineacion de rodillas, cadera y columna en cada repeticion."",""Respira con control, evita dolor articular y completa 3 a 4 series con tecnica limpia.""}","[{""id"": ""core"", ""name"": ""Core"", ""image_url"": null}, {""id"": ""lower_back"", ""name"": ""Espalda baja"", ""image_url"": null}]","[{""id"": ""bodyweight"", ""name"": ""Peso corporal"", ""icon_url"": null}]"
ex-0522,bird-dog-tempo-controlado,Bird dog - Tempo controlado,,image,"{""Bird dog"",""Bird dog variante"",""Bird dog tempo controlado""}","{""Posicion inicial para bird dog: activa abdomen y controla cada repeticion sin jalar del cuello."",""Movimiento: ejecuta cada repeticion con control abdominal y ritmo constante, evitando balanceos."",""Variante tempo controlado: usa 3 segundos en la fase de descenso y 1 segundo en la fase de subida."",""Respira con control, evita dolor articular y completa 3 a 4 series con tecnica limpia.""}","[{""id"": ""core"", ""name"": ""Core"", ""image_url"": null}, {""id"": ""lower_back"", ""name"": ""Espalda baja"", ""image_url"": null}]","[{""id"": ""bodyweight"", ""name"": ""Peso corporal"", ""icon_url"": null}]"
ex-0523,bird-dog-pausa-isometrica,Bird dog - Pausa isometrica,,image,"{""Bird dog"",""Bird dog variante"",""Bird dog pausa isometrica""}","{""Posicion inicial para bird dog: activa abdomen y controla cada repeticion sin jalar del cuello."",""Movimiento: ejecuta cada repeticion con control abdominal y ritmo constante, evitando balanceos."",""Variante pausa isometrica: agrega una pausa de 2 segundos en el punto de mayor tension."",""Respira con control, evita dolor articular y completa 3 a 4 series con tecnica limpia.""}","[{""id"": ""core"", ""name"": ""Core"", ""image_url"": null}, {""id"": ""lower_back"", ""name"": ""Espalda baja"", ""image_url"": null}]","[{""id"": ""bodyweight"", ""name"": ""Peso corporal"", ""icon_url"": null}]"
ex-0524,bird-dog-unilateral-alternada,Bird dog - Unilateral alternada,,image,"{""Bird dog"",""Bird dog variante"",""Bird dog unilateral alternada""}","{""Posicion inicial para bird dog: activa abdomen y controla cada repeticion sin jalar del cuello."",""Movimiento: ejecuta cada repeticion con control abdominal y ritmo constante, evitando balanceos."",""Variante unilateral alternada: trabaja un lado por vez y alterna sin perder estabilidad."",""Respira con control, evita dolor articular y completa 3 a 4 series con tecnica limpia.""}","[{""id"": ""core"", ""name"": ""Core"", ""image_url"": null}, {""id"": ""lower_back"", ""name"": ""Espalda baja"", ""image_url"": null}]","[{""id"": ""bodyweight"", ""name"": ""Peso corporal"", ""icon_url"": null}]"
ex-0525,bird-dog-fuerza,Bird dog - Fuerza,,image,"{""Bird dog"",""Bird dog variante"",""Bird dog fuerza""}","{""Posicion inicial para bird dog: activa abdomen y controla cada repeticion sin jalar del cuello."",""Movimiento: ejecuta cada repeticion con control abdominal y ritmo constante, evitando balanceos."",""Variante fuerza: elige una carga desafiante y ejecuta repeticiones tecnicamente limpias."",""Respira con control, evita dolor articular y completa 3 a 4 series con tecnica limpia.""}","[{""id"": ""core"", ""name"": ""Core"", ""image_url"": null}, {""id"": ""lower_back"", ""name"": ""Espalda baja"", ""image_url"": null}]","[{""id"": ""bodyweight"", ""name"": ""Peso corporal"", ""icon_url"": null}]"
ex-0526,bird-dog-resistencia,Bird dog - Resistencia,,image,"{""Bird dog"",""Bird dog variante"",""Bird dog resistencia""}","{""Posicion inicial para bird dog: activa abdomen y controla cada repeticion sin jalar del cuello."",""Movimiento: ejecuta cada repeticion con control abdominal y ritmo constante, evitando balanceos."",""Variante resistencia: usa carga moderada y acumula mas repeticiones con ritmo constante."",""Respira con control, evita dolor articular y completa 3 a 4 series con tecnica limpia.""}","[{""id"": ""core"", ""name"": ""Core"", ""image_url"": null}, {""id"": ""lower_back"", ""name"": ""Espalda baja"", ""image_url"": null}]","[{""id"": ""bodyweight"", ""name"": ""Peso corporal"", ""icon_url"": null}]"
ex-0527,bird-dog-rango-completo,Bird dog - Rango completo,,image,"{""Bird dog"",""Bird dog variante"",""Bird dog rango completo""}","{""Posicion inicial para bird dog: activa abdomen y controla cada repeticion sin jalar del cuello."",""Movimiento: ejecuta cada repeticion con control abdominal y ritmo constante, evitando balanceos."",""Variante rango completo: busca el mayor rango de movimiento seguro en cada repeticion."",""Respira con control, evita dolor articular y completa 3 a 4 series con tecnica limpia.""}","[{""id"": ""core"", ""name"": ""Core"", ""image_url"": null}, {""id"": ""lower_back"", ""name"": ""Espalda baja"", ""image_url"": null}]","[{""id"": ""bodyweight"", ""name"": ""Peso corporal"", ""icon_url"": null}]"
ex-0528,bird-dog-circuito-metabolico,Bird dog - Circuito metabolico,,image,"{""Bird dog"",""Bird dog variante"",""Bird dog circuito metabolico""}","{""Posicion inicial para bird dog: activa abdomen y controla cada repeticion sin jalar del cuello."",""Movimiento: ejecuta cada repeticion con control abdominal y ritmo constante, evitando balanceos."",""Variante circuito metabolico: manten descansos cortos para elevar demanda cardiovascular."",""Respira con control, evita dolor articular y completa 3 a 4 series con tecnica limpia.""}","[{""id"": ""core"", ""name"": ""Core"", ""image_url"": null}, {""id"": ""lower_back"", ""name"": ""Espalda baja"", ""image_url"": null}]","[{""id"": ""bodyweight"", ""name"": ""Peso corporal"", ""icon_url"": null}]"
ex-0529,crunch-abdominal-tecnica-base,Crunch abdominal - Tecnica base,,image,"{""Crunch abdominal"",""Crunch abdominal variante"",""Crunch abdominal tecnica base""}","{""Posicion inicial para crunch abdominal: activa abdomen y controla cada repeticion sin jalar del cuello."",""Movimiento: ejecuta cada repeticion con control abdominal y ritmo constante, evitando balanceos."",""Variante tecnica base: prioriza alineacion de rodillas, cadera y columna en cada repeticion."",""Respira con control, evita dolor articular y completa 3 a 4 series con tecnica limpia.""}","[{""id"": ""abs"", ""name"": ""Recto abdominal"", ""image_url"": null}, {""id"": ""obliques"", ""name"": ""Oblicuos"", ""image_url"": null}]","[{""id"": ""bodyweight"", ""name"": ""Peso corporal"", ""icon_url"": null}]"
ex-0530,crunch-abdominal-tempo-controlado,Crunch abdominal - Tempo controlado,,image,"{""Crunch abdominal"",""Crunch abdominal variante"",""Crunch abdominal tempo controlado""}","{""Posicion inicial para crunch abdominal: activa abdomen y controla cada repeticion sin jalar del cuello."",""Movimiento: ejecuta cada repeticion con control abdominal y ritmo constante, evitando balanceos."",""Variante tempo controlado: usa 3 segundos en la fase de descenso y 1 segundo en la fase de subida."",""Respira con control, evita dolor articular y completa 3 a 4 series con tecnica limpia.""}","[{""id"": ""abs"", ""name"": ""Recto abdominal"", ""image_url"": null}, {""id"": ""obliques"", ""name"": ""Oblicuos"", ""image_url"": null}]","[{""id"": ""bodyweight"", ""name"": ""Peso corporal"", ""icon_url"": null}]"
ex-0531,crunch-abdominal-pausa-isometrica,Crunch abdominal - Pausa isometrica,,image,"{""Crunch abdominal"",""Crunch abdominal variante"",""Crunch abdominal pausa isometrica""}","{""Posicion inicial para crunch abdominal: activa abdomen y controla cada repeticion sin jalar del cuello."",""Movimiento: ejecuta cada repeticion con control abdominal y ritmo constante, evitando balanceos."",""Variante pausa isometrica: agrega una pausa de 2 segundos en el punto de mayor tension."",""Respira con control, evita dolor articular y completa 3 a 4 series con tecnica limpia.""}","[{""id"": ""abs"", ""name"": ""Recto abdominal"", ""image_url"": null}, {""id"": ""obliques"", ""name"": ""Oblicuos"", ""image_url"": null}]","[{""id"": ""bodyweight"", ""name"": ""Peso corporal"", ""icon_url"": null}]"
ex-0532,crunch-abdominal-unilateral-alternada,Crunch abdominal - Unilateral alternada,,image,"{""Crunch abdominal"",""Crunch abdominal variante"",""Crunch abdominal unilateral alternada""}","{""Posicion inicial para crunch abdominal: activa abdomen y controla cada repeticion sin jalar del cuello."",""Movimiento: ejecuta cada repeticion con control abdominal y ritmo constante, evitando balanceos."",""Variante unilateral alternada: trabaja un lado por vez y alterna sin perder estabilidad."",""Respira con control, evita dolor articular y completa 3 a 4 series con tecnica limpia.""}","[{""id"": ""abs"", ""name"": ""Recto abdominal"", ""image_url"": null}, {""id"": ""obliques"", ""name"": ""Oblicuos"", ""image_url"": null}]","[{""id"": ""bodyweight"", ""name"": ""Peso corporal"", ""icon_url"": null}]"
ex-0533,crunch-abdominal-fuerza,Crunch abdominal - Fuerza,,image,"{""Crunch abdominal"",""Crunch abdominal variante"",""Crunch abdominal fuerza""}","{""Posicion inicial para crunch abdominal: activa abdomen y controla cada repeticion sin jalar del cuello."",""Movimiento: ejecuta cada repeticion con control abdominal y ritmo constante, evitando balanceos."",""Variante fuerza: elige una carga desafiante y ejecuta repeticiones tecnicamente limpias."",""Respira con control, evita dolor articular y completa 3 a 4 series con tecnica limpia.""}","[{""id"": ""abs"", ""name"": ""Recto abdominal"", ""image_url"": null}, {""id"": ""obliques"", ""name"": ""Oblicuos"", ""image_url"": null}]","[{""id"": ""bodyweight"", ""name"": ""Peso corporal"", ""icon_url"": null}]"
ex-0534,crunch-abdominal-resistencia,Crunch abdominal - Resistencia,,image,"{""Crunch abdominal"",""Crunch abdominal variante"",""Crunch abdominal resistencia""}","{""Posicion inicial para crunch abdominal: activa abdomen y controla cada repeticion sin jalar del cuello."",""Movimiento: ejecuta cada repeticion con control abdominal y ritmo constante, evitando balanceos."",""Variante resistencia: usa carga moderada y acumula mas repeticiones con ritmo constante."",""Respira con control, evita dolor articular y completa 3 a 4 series con tecnica limpia.""}","[{""id"": ""abs"", ""name"": ""Recto abdominal"", ""image_url"": null}, {""id"": ""obliques"", ""name"": ""Oblicuos"", ""image_url"": null}]","[{""id"": ""bodyweight"", ""name"": ""Peso corporal"", ""icon_url"": null}]"
ex-0535,crunch-abdominal-rango-completo,Crunch abdominal - Rango completo,,image,"{""Crunch abdominal"",""Crunch abdominal variante"",""Crunch abdominal rango completo""}","{""Posicion inicial para crunch abdominal: activa abdomen y controla cada repeticion sin jalar del cuello."",""Movimiento: ejecuta cada repeticion con control abdominal y ritmo constante, evitando balanceos."",""Variante rango completo: busca el mayor rango de movimiento seguro en cada repeticion."",""Respira con control, evita dolor articular y completa 3 a 4 series con tecnica limpia.""}","[{""id"": ""abs"", ""name"": ""Recto abdominal"", ""image_url"": null}, {""id"": ""obliques"", ""name"": ""Oblicuos"", ""image_url"": null}]","[{""id"": ""bodyweight"", ""name"": ""Peso corporal"", ""icon_url"": null}]"
ex-0536,crunch-abdominal-circuito-metabolico,Crunch abdominal - Circuito metabolico,,image,"{""Crunch abdominal"",""Crunch abdominal variante"",""Crunch abdominal circuito metabolico""}","{""Posicion inicial para crunch abdominal: activa abdomen y controla cada repeticion sin jalar del cuello."",""Movimiento: ejecuta cada repeticion con control abdominal y ritmo constante, evitando balanceos."",""Variante circuito metabolico: manten descansos cortos para elevar demanda cardiovascular."",""Respira con control, evita dolor articular y completa 3 a 4 series con tecnica limpia.""}","[{""id"": ""abs"", ""name"": ""Recto abdominal"", ""image_url"": null}, {""id"": ""obliques"", ""name"": ""Oblicuos"", ""image_url"": null}]","[{""id"": ""bodyweight"", ""name"": ""Peso corporal"", ""icon_url"": null}]"
ex-0537,elevacion-de-piernas-colgado-tecnica-base,Elevacion de piernas colgado - Tecnica base,,image,"{""Elevacion de piernas colgado"",""Elevacion de piernas colgado variante"",""Elevacion de piernas colgado tecnica base""}","{""Posicion inicial para elevacion de piernas colgado: activa abdomen y controla cada repeticion sin jalar del cuello."",""Movimiento: ejecuta cada repeticion con control abdominal y ritmo constante, evitando balanceos."",""Variante tecnica base: prioriza alineacion de rodillas, cadera y columna en cada repeticion."",""Respira con control, evita dolor articular y completa 3 a 4 series con tecnica limpia.""}","[{""id"": ""abs"", ""name"": ""Recto abdominal"", ""image_url"": null}, {""id"": ""hip_flexors"", ""name"": ""Flexores de cadera"", ""image_url"": null}]","[{""id"": ""pullup_bar"", ""name"": ""Barra de dominadas"", ""icon_url"": null}]"
ex-0538,elevacion-de-piernas-colgado-tempo-controlado,Elevacion de piernas colgado - Tempo controlado,,image,"{""Elevacion de piernas colgado"",""Elevacion de piernas colgado variante"",""Elevacion de piernas colgado tempo controlado""}","{""Posicion inicial para elevacion de piernas colgado: activa abdomen y controla cada repeticion sin jalar del cuello."",""Movimiento: ejecuta cada repeticion con control abdominal y ritmo constante, evitando balanceos."",""Variante tempo controlado: usa 3 segundos en la fase de descenso y 1 segundo en la fase de subida."",""Respira con control, evita dolor articular y completa 3 a 4 series con tecnica limpia.""}","[{""id"": ""abs"", ""name"": ""Recto abdominal"", ""image_url"": null}, {""id"": ""hip_flexors"", ""name"": ""Flexores de cadera"", ""image_url"": null}]","[{""id"": ""pullup_bar"", ""name"": ""Barra de dominadas"", ""icon_url"": null}]"
ex-0539,elevacion-de-piernas-colgado-pausa-isometrica,Elevacion de piernas colgado - Pausa isometrica,,image,"{""Elevacion de piernas colgado"",""Elevacion de piernas colgado variante"",""Elevacion de piernas colgado pausa isometrica""}","{""Posicion inicial para elevacion de piernas colgado: activa abdomen y controla cada repeticion sin jalar del cuello."",""Movimiento: ejecuta cada repeticion con control abdominal y ritmo constante, evitando balanceos."",""Variante pausa isometrica: agrega una pausa de 2 segundos en el punto de mayor tension."",""Respira con control, evita dolor articular y completa 3 a 4 series con tecnica limpia.""}","[{""id"": ""abs"", ""name"": ""Recto abdominal"", ""image_url"": null}, {""id"": ""hip_flexors"", ""name"": ""Flexores de cadera"", ""image_url"": null}]","[{""id"": ""pullup_bar"", ""name"": ""Barra de dominadas"", ""icon_url"": null}]"
ex-0540,elevacion-de-piernas-colgado-unilateral-alternada,Elevacion de piernas colgado - Unilateral alternada,,image,"{""Elevacion de piernas colgado"",""Elevacion de piernas colgado variante"",""Elevacion de piernas colgado unilateral alternada""}","{""Posicion inicial para elevacion de piernas colgado: activa abdomen y controla cada repeticion sin jalar del cuello."",""Movimiento: ejecuta cada repeticion con control abdominal y ritmo constante, evitando balanceos."",""Variante unilateral alternada: trabaja un lado por vez y alterna sin perder estabilidad."",""Respira con control, evita dolor articular y completa 3 a 4 series con tecnica limpia.""}","[{""id"": ""abs"", ""name"": ""Recto abdominal"", ""image_url"": null}, {""id"": ""hip_flexors"", ""name"": ""Flexores de cadera"", ""image_url"": null}]","[{""id"": ""pullup_bar"", ""name"": ""Barra de dominadas"", ""icon_url"": null}]"
ex-0541,elevacion-de-piernas-colgado-fuerza,Elevacion de piernas colgado - Fuerza,,image,"{""Elevacion de piernas colgado"",""Elevacion de piernas colgado variante"",""Elevacion de piernas colgado fuerza""}","{""Posicion inicial para elevacion de piernas colgado: activa abdomen y controla cada repeticion sin jalar del cuello."",""Movimiento: ejecuta cada repeticion con control abdominal y ritmo constante, evitando balanceos."",""Variante fuerza: elige una carga desafiante y ejecuta repeticiones tecnicamente limpias."",""Respira con control, evita dolor articular y completa 3 a 4 series con tecnica limpia.""}","[{""id"": ""abs"", ""name"": ""Recto abdominal"", ""image_url"": null}, {""id"": ""hip_flexors"", ""name"": ""Flexores de cadera"", ""image_url"": null}]","[{""id"": ""pullup_bar"", ""name"": ""Barra de dominadas"", ""icon_url"": null}]"
ex-0542,elevacion-de-piernas-colgado-resistencia,Elevacion de piernas colgado - Resistencia,,image,"{""Elevacion de piernas colgado"",""Elevacion de piernas colgado variante"",""Elevacion de piernas colgado resistencia""}","{""Posicion inicial para elevacion de piernas colgado: activa abdomen y controla cada repeticion sin jalar del cuello."",""Movimiento: ejecuta cada repeticion con control abdominal y ritmo constante, evitando balanceos."",""Variante resistencia: usa carga moderada y acumula mas repeticiones con ritmo constante."",""Respira con control, evita dolor articular y completa 3 a 4 series con tecnica limpia.""}","[{""id"": ""abs"", ""name"": ""Recto abdominal"", ""image_url"": null}, {""id"": ""hip_flexors"", ""name"": ""Flexores de cadera"", ""image_url"": null}]","[{""id"": ""pullup_bar"", ""name"": ""Barra de dominadas"", ""icon_url"": null}]"
ex-0543,elevacion-de-piernas-colgado-rango-completo,Elevacion de piernas colgado - Rango completo,,image,"{""Elevacion de piernas colgado"",""Elevacion de piernas colgado variante"",""Elevacion de piernas colgado rango completo""}","{""Posicion inicial para elevacion de piernas colgado: activa abdomen y controla cada repeticion sin jalar del cuello."",""Movimiento: ejecuta cada repeticion con control abdominal y ritmo constante, evitando balanceos."",""Variante rango completo: busca el mayor rango de movimiento seguro en cada repeticion."",""Respira con control, evita dolor articular y completa 3 a 4 series con tecnica limpia.""}","[{""id"": ""abs"", ""name"": ""Recto abdominal"", ""image_url"": null}, {""id"": ""hip_flexors"", ""name"": ""Flexores de cadera"", ""image_url"": null}]","[{""id"": ""pullup_bar"", ""name"": ""Barra de dominadas"", ""icon_url"": null}]"
ex-0544,elevacion-de-piernas-colgado-circuito-metabolico,Elevacion de piernas colgado - Circuito metabolico,,image,"{""Elevacion de piernas colgado"",""Elevacion de piernas colgado variante"",""Elevacion de piernas colgado circuito metabolico""}","{""Posicion inicial para elevacion de piernas colgado: activa abdomen y controla cada repeticion sin jalar del cuello."",""Movimiento: ejecuta cada repeticion con control abdominal y ritmo constante, evitando balanceos."",""Variante circuito metabolico: manten descansos cortos para elevar demanda cardiovascular."",""Respira con control, evita dolor articular y completa 3 a 4 series con tecnica limpia.""}","[{""id"": ""abs"", ""name"": ""Recto abdominal"", ""image_url"": null}, {""id"": ""hip_flexors"", ""name"": ""Flexores de cadera"", ""image_url"": null}]","[{""id"": ""pullup_bar"", ""name"": ""Barra de dominadas"", ""icon_url"": null}]"
ex-0545,russian-twist-con-disco-tecnica-base,Russian twist con disco - Tecnica base,,image,"{""Russian twist con disco"",""Russian twist con disco variante"",""Russian twist con disco tecnica base""}","{""Posicion inicial para russian twist con disco: activa abdomen y controla cada repeticion sin jalar del cuello."",""Movimiento: ejecuta cada repeticion con control abdominal y ritmo constante, evitando balanceos."",""Variante tecnica base: prioriza alineacion de rodillas, cadera y columna en cada repeticion."",""Respira con control, evita dolor articular y completa 3 a 4 series con tecnica limpia.""}","[{""id"": ""obliques"", ""name"": ""Oblicuos"", ""image_url"": null}, {""id"": ""core"", ""name"": ""Core"", ""image_url"": null}]","[{""id"": ""plate"", ""name"": ""Disco"", ""icon_url"": null}]"
ex-0546,russian-twist-con-disco-tempo-controlado,Russian twist con disco - Tempo controlado,,image,"{""Russian twist con disco"",""Russian twist con disco variante"",""Russian twist con disco tempo controlado""}","{""Posicion inicial para russian twist con disco: activa abdomen y controla cada repeticion sin jalar del cuello."",""Movimiento: ejecuta cada repeticion con control abdominal y ritmo constante, evitando balanceos."",""Variante tempo controlado: usa 3 segundos en la fase de descenso y 1 segundo en la fase de subida."",""Respira con control, evita dolor articular y completa 3 a 4 series con tecnica limpia.""}","[{""id"": ""obliques"", ""name"": ""Oblicuos"", ""image_url"": null}, {""id"": ""core"", ""name"": ""Core"", ""image_url"": null}]","[{""id"": ""plate"", ""name"": ""Disco"", ""icon_url"": null}]"
ex-0547,russian-twist-con-disco-pausa-isometrica,Russian twist con disco - Pausa isometrica,,image,"{""Russian twist con disco"",""Russian twist con disco variante"",""Russian twist con disco pausa isometrica""}","{""Posicion inicial para russian twist con disco: activa abdomen y controla cada repeticion sin jalar del cuello."",""Movimiento: ejecuta cada repeticion con control abdominal y ritmo constante, evitando balanceos."",""Variante pausa isometrica: agrega una pausa de 2 segundos en el punto de mayor tension."",""Respira con control, evita dolor articular y completa 3 a 4 series con tecnica limpia.""}","[{""id"": ""obliques"", ""name"": ""Oblicuos"", ""image_url"": null}, {""id"": ""core"", ""name"": ""Core"", ""image_url"": null}]","[{""id"": ""plate"", ""name"": ""Disco"", ""icon_url"": null}]"
ex-0548,russian-twist-con-disco-unilateral-alternada,Russian twist con disco - Unilateral alternada,,image,"{""Russian twist con disco"",""Russian twist con disco variante"",""Russian twist con disco unilateral alternada""}","{""Posicion inicial para russian twist con disco: activa abdomen y controla cada repeticion sin jalar del cuello."",""Movimiento: ejecuta cada repeticion con control abdominal y ritmo constante, evitando balanceos."",""Variante unilateral alternada: trabaja un lado por vez y alterna sin perder estabilidad."",""Respira con control, evita dolor articular y completa 3 a 4 series con tecnica limpia.""}","[{""id"": ""obliques"", ""name"": ""Oblicuos"", ""image_url"": null}, {""id"": ""core"", ""name"": ""Core"", ""image_url"": null}]","[{""id"": ""plate"", ""name"": ""Disco"", ""icon_url"": null}]"
ex-0549,russian-twist-con-disco-fuerza,Russian twist con disco - Fuerza,,image,"{""Russian twist con disco"",""Russian twist con disco variante"",""Russian twist con disco fuerza""}","{""Posicion inicial para russian twist con disco: activa abdomen y controla cada repeticion sin jalar del cuello."",""Movimiento: ejecuta cada repeticion con control abdominal y ritmo constante, evitando balanceos."",""Variante fuerza: elige una carga desafiante y ejecuta repeticiones tecnicamente limpias."",""Respira con control, evita dolor articular y completa 3 a 4 series con tecnica limpia.""}","[{""id"": ""obliques"", ""name"": ""Oblicuos"", ""image_url"": null}, {""id"": ""core"", ""name"": ""Core"", ""image_url"": null}]","[{""id"": ""plate"", ""name"": ""Disco"", ""icon_url"": null}]"
ex-0550,russian-twist-con-disco-resistencia,Russian twist con disco - Resistencia,,image,"{""Russian twist con disco"",""Russian twist con disco variante"",""Russian twist con disco resistencia""}","{""Posicion inicial para russian twist con disco: activa abdomen y controla cada repeticion sin jalar del cuello."",""Movimiento: ejecuta cada repeticion con control abdominal y ritmo constante, evitando balanceos."",""Variante resistencia: usa carga moderada y acumula mas repeticiones con ritmo constante."",""Respira con control, evita dolor articular y completa 3 a 4 series con tecnica limpia.""}","[{""id"": ""obliques"", ""name"": ""Oblicuos"", ""image_url"": null}, {""id"": ""core"", ""name"": ""Core"", ""image_url"": null}]","[{""id"": ""plate"", ""name"": ""Disco"", ""icon_url"": null}]"
ex-0551,russian-twist-con-disco-rango-completo,Russian twist con disco - Rango completo,,image,"{""Russian twist con disco"",""Russian twist con disco variante"",""Russian twist con disco rango completo""}","{""Posicion inicial para russian twist con disco: activa abdomen y controla cada repeticion sin jalar del cuello."",""Movimiento: ejecuta cada repeticion con control abdominal y ritmo constante, evitando balanceos."",""Variante rango completo: busca el mayor rango de movimiento seguro en cada repeticion."",""Respira con control, evita dolor articular y completa 3 a 4 series con tecnica limpia.""}","[{""id"": ""obliques"", ""name"": ""Oblicuos"", ""image_url"": null}, {""id"": ""core"", ""name"": ""Core"", ""image_url"": null}]","[{""id"": ""plate"", ""name"": ""Disco"", ""icon_url"": null}]"
ex-0552,russian-twist-con-disco-circuito-metabolico,Russian twist con disco - Circuito metabolico,,image,"{""Russian twist con disco"",""Russian twist con disco variante"",""Russian twist con disco circuito metabolico""}","{""Posicion inicial para russian twist con disco: activa abdomen y controla cada repeticion sin jalar del cuello."",""Movimiento: ejecuta cada repeticion con control abdominal y ritmo constante, evitando balanceos."",""Variante circuito metabolico: manten descansos cortos para elevar demanda cardiovascular."",""Respira con control, evita dolor articular y completa 3 a 4 series con tecnica limpia.""}","[{""id"": ""obliques"", ""name"": ""Oblicuos"", ""image_url"": null}, {""id"": ""core"", ""name"": ""Core"", ""image_url"": null}]","[{""id"": ""plate"", ""name"": ""Disco"", ""icon_url"": null}]"
ex-0553,pallof-press-con-banda-tecnica-base,Pallof press con banda - Tecnica base,,image,"{""Pallof press con banda"",""Pallof press con banda variante"",""Pallof press con banda tecnica base""}","{""Posicion inicial para pallof press con banda: activa abdomen y controla cada repeticion sin jalar del cuello."",""Movimiento: ejecuta cada repeticion con control abdominal y ritmo constante, evitando balanceos."",""Variante tecnica base: prioriza alineacion de rodillas, cadera y columna en cada repeticion."",""Respira con control, evita dolor articular y completa 3 a 4 series con tecnica limpia.""}","[{""id"": ""obliques"", ""name"": ""Oblicuos"", ""image_url"": null}, {""id"": ""core"", ""name"": ""Core"", ""image_url"": null}]","[{""id"": ""band"", ""name"": ""Banda elastica"", ""icon_url"": null}]"
ex-0554,pallof-press-con-banda-tempo-controlado,Pallof press con banda - Tempo controlado,,image,"{""Pallof press con banda"",""Pallof press con banda variante"",""Pallof press con banda tempo controlado""}","{""Posicion inicial para pallof press con banda: activa abdomen y controla cada repeticion sin jalar del cuello."",""Movimiento: ejecuta cada repeticion con control abdominal y ritmo constante, evitando balanceos."",""Variante tempo controlado: usa 3 segundos en la fase de descenso y 1 segundo en la fase de subida."",""Respira con control, evita dolor articular y completa 3 a 4 series con tecnica limpia.""}","[{""id"": ""obliques"", ""name"": ""Oblicuos"", ""image_url"": null}, {""id"": ""core"", ""name"": ""Core"", ""image_url"": null}]","[{""id"": ""band"", ""name"": ""Banda elastica"", ""icon_url"": null}]"
ex-0555,pallof-press-con-banda-pausa-isometrica,Pallof press con banda - Pausa isometrica,,image,"{""Pallof press con banda"",""Pallof press con banda variante"",""Pallof press con banda pausa isometrica""}","{""Posicion inicial para pallof press con banda: activa abdomen y controla cada repeticion sin jalar del cuello."",""Movimiento: ejecuta cada repeticion con control abdominal y ritmo constante, evitando balanceos."",""Variante pausa isometrica: agrega una pausa de 2 segundos en el punto de mayor tension."",""Respira con control, evita dolor articular y completa 3 a 4 series con tecnica limpia.""}","[{""id"": ""obliques"", ""name"": ""Oblicuos"", ""image_url"": null}, {""id"": ""core"", ""name"": ""Core"", ""image_url"": null}]","[{""id"": ""band"", ""name"": ""Banda elastica"", ""icon_url"": null}]"
ex-0556,pallof-press-con-banda-unilateral-alternada,Pallof press con banda - Unilateral alternada,,image,"{""Pallof press con banda"",""Pallof press con banda variante"",""Pallof press con banda unilateral alternada""}","{""Posicion inicial para pallof press con banda: activa abdomen y controla cada repeticion sin jalar del cuello."",""Movimiento: ejecuta cada repeticion con control abdominal y ritmo constante, evitando balanceos."",""Variante unilateral alternada: trabaja un lado por vez y alterna sin perder estabilidad."",""Respira con control, evita dolor articular y completa 3 a 4 series con tecnica limpia.""}","[{""id"": ""obliques"", ""name"": ""Oblicuos"", ""image_url"": null}, {""id"": ""core"", ""name"": ""Core"", ""image_url"": null}]","[{""id"": ""band"", ""name"": ""Banda elastica"", ""icon_url"": null}]"
ex-0557,pallof-press-con-banda-fuerza,Pallof press con banda - Fuerza,,image,"{""Pallof press con banda"",""Pallof press con banda variante"",""Pallof press con banda fuerza""}","{""Posicion inicial para pallof press con banda: activa abdomen y controla cada repeticion sin jalar del cuello."",""Movimiento: ejecuta cada repeticion con control abdominal y ritmo constante, evitando balanceos."",""Variante fuerza: elige una carga desafiante y ejecuta repeticiones tecnicamente limpias."",""Respira con control, evita dolor articular y completa 3 a 4 series con tecnica limpia.""}","[{""id"": ""obliques"", ""name"": ""Oblicuos"", ""image_url"": null}, {""id"": ""core"", ""name"": ""Core"", ""image_url"": null}]","[{""id"": ""band"", ""name"": ""Banda elastica"", ""icon_url"": null}]"
ex-0558,pallof-press-con-banda-resistencia,Pallof press con banda - Resistencia,,image,"{""Pallof press con banda"",""Pallof press con banda variante"",""Pallof press con banda resistencia""}","{""Posicion inicial para pallof press con banda: activa abdomen y controla cada repeticion sin jalar del cuello."",""Movimiento: ejecuta cada repeticion con control abdominal y ritmo constante, evitando balanceos."",""Variante resistencia: usa carga moderada y acumula mas repeticiones con ritmo constante."",""Respira con control, evita dolor articular y completa 3 a 4 series con tecnica limpia.""}","[{""id"": ""obliques"", ""name"": ""Oblicuos"", ""image_url"": null}, {""id"": ""core"", ""name"": ""Core"", ""image_url"": null}]","[{""id"": ""band"", ""name"": ""Banda elastica"", ""icon_url"": null}]"
ex-0559,pallof-press-con-banda-rango-completo,Pallof press con banda - Rango completo,,image,"{""Pallof press con banda"",""Pallof press con banda variante"",""Pallof press con banda rango completo""}","{""Posicion inicial para pallof press con banda: activa abdomen y controla cada repeticion sin jalar del cuello."",""Movimiento: ejecuta cada repeticion con control abdominal y ritmo constante, evitando balanceos."",""Variante rango completo: busca el mayor rango de movimiento seguro en cada repeticion."",""Respira con control, evita dolor articular y completa 3 a 4 series con tecnica limpia.""}","[{""id"": ""obliques"", ""name"": ""Oblicuos"", ""image_url"": null}, {""id"": ""core"", ""name"": ""Core"", ""image_url"": null}]","[{""id"": ""band"", ""name"": ""Banda elastica"", ""icon_url"": null}]"
ex-0560,pallof-press-con-banda-circuito-metabolico,Pallof press con banda - Circuito metabolico,,image,"{""Pallof press con banda"",""Pallof press con banda variante"",""Pallof press con banda circuito metabolico""}","{""Posicion inicial para pallof press con banda: activa abdomen y controla cada repeticion sin jalar del cuello."",""Movimiento: ejecuta cada repeticion con control abdominal y ritmo constante, evitando balanceos."",""Variante circuito metabolico: manten descansos cortos para elevar demanda cardiovascular."",""Respira con control, evita dolor articular y completa 3 a 4 series con tecnica limpia.""}","[{""id"": ""obliques"", ""name"": ""Oblicuos"", ""image_url"": null}, {""id"": ""core"", ""name"": ""Core"", ""image_url"": null}]","[{""id"": ""band"", ""name"": ""Banda elastica"", ""icon_url"": null}]"
ex-0561,mountain-climber-tecnica-base,Mountain climber - Tecnica base,,image,"{""Mountain climber"",""Mountain climber variante"",""Mountain climber tecnica base""}","{""Posicion inicial para mountain climber: activa abdomen y controla cada repeticion sin jalar del cuello."",""Movimiento: ejecuta cada repeticion con control abdominal y ritmo constante, evitando balanceos."",""Variante tecnica base: prioriza alineacion de rodillas, cadera y columna en cada repeticion."",""Respira con control, evita dolor articular y completa 3 a 4 series con tecnica limpia.""}","[{""id"": ""core"", ""name"": ""Core"", ""image_url"": null}, {""id"": ""shoulders"", ""name"": ""Hombros"", ""image_url"": null}]","[{""id"": ""bodyweight"", ""name"": ""Peso corporal"", ""icon_url"": null}]"
ex-0562,mountain-climber-tempo-controlado,Mountain climber - Tempo controlado,,image,"{""Mountain climber"",""Mountain climber variante"",""Mountain climber tempo controlado""}","{""Posicion inicial para mountain climber: activa abdomen y controla cada repeticion sin jalar del cuello."",""Movimiento: ejecuta cada repeticion con control abdominal y ritmo constante, evitando balanceos."",""Variante tempo controlado: usa 3 segundos en la fase de descenso y 1 segundo en la fase de subida."",""Respira con control, evita dolor articular y completa 3 a 4 series con tecnica limpia.""}","[{""id"": ""core"", ""name"": ""Core"", ""image_url"": null}, {""id"": ""shoulders"", ""name"": ""Hombros"", ""image_url"": null}]","[{""id"": ""bodyweight"", ""name"": ""Peso corporal"", ""icon_url"": null}]"
ex-0563,mountain-climber-pausa-isometrica,Mountain climber - Pausa isometrica,,image,"{""Mountain climber"",""Mountain climber variante"",""Mountain climber pausa isometrica""}","{""Posicion inicial para mountain climber: activa abdomen y controla cada repeticion sin jalar del cuello."",""Movimiento: ejecuta cada repeticion con control abdominal y ritmo constante, evitando balanceos."",""Variante pausa isometrica: agrega una pausa de 2 segundos en el punto de mayor tension."",""Respira con control, evita dolor articular y completa 3 a 4 series con tecnica limpia.""}","[{""id"": ""core"", ""name"": ""Core"", ""image_url"": null}, {""id"": ""shoulders"", ""name"": ""Hombros"", ""image_url"": null}]","[{""id"": ""bodyweight"", ""name"": ""Peso corporal"", ""icon_url"": null}]"
ex-0564,mountain-climber-unilateral-alternada,Mountain climber - Unilateral alternada,,image,"{""Mountain climber"",""Mountain climber variante"",""Mountain climber unilateral alternada""}","{""Posicion inicial para mountain climber: activa abdomen y controla cada repeticion sin jalar del cuello."",""Movimiento: ejecuta cada repeticion con control abdominal y ritmo constante, evitando balanceos."",""Variante unilateral alternada: trabaja un lado por vez y alterna sin perder estabilidad."",""Respira con control, evita dolor articular y completa 3 a 4 series con tecnica limpia.""}","[{""id"": ""core"", ""name"": ""Core"", ""image_url"": null}, {""id"": ""shoulders"", ""name"": ""Hombros"", ""image_url"": null}]","[{""id"": ""bodyweight"", ""name"": ""Peso corporal"", ""icon_url"": null}]"
ex-0565,mountain-climber-fuerza,Mountain climber - Fuerza,,image,"{""Mountain climber"",""Mountain climber variante"",""Mountain climber fuerza""}","{""Posicion inicial para mountain climber: activa abdomen y controla cada repeticion sin jalar del cuello."",""Movimiento: ejecuta cada repeticion con control abdominal y ritmo constante, evitando balanceos."",""Variante fuerza: elige una carga desafiante y ejecuta repeticiones tecnicamente limpias."",""Respira con control, evita dolor articular y completa 3 a 4 series con tecnica limpia.""}","[{""id"": ""core"", ""name"": ""Core"", ""image_url"": null}, {""id"": ""shoulders"", ""name"": ""Hombros"", ""image_url"": null}]","[{""id"": ""bodyweight"", ""name"": ""Peso corporal"", ""icon_url"": null}]"
ex-0566,mountain-climber-resistencia,Mountain climber - Resistencia,,image,"{""Mountain climber"",""Mountain climber variante"",""Mountain climber resistencia""}","{""Posicion inicial para mountain climber: activa abdomen y controla cada repeticion sin jalar del cuello."",""Movimiento: ejecuta cada repeticion con control abdominal y ritmo constante, evitando balanceos."",""Variante resistencia: usa carga moderada y acumula mas repeticiones con ritmo constante."",""Respira con control, evita dolor articular y completa 3 a 4 series con tecnica limpia.""}","[{""id"": ""core"", ""name"": ""Core"", ""image_url"": null}, {""id"": ""shoulders"", ""name"": ""Hombros"", ""image_url"": null}]","[{""id"": ""bodyweight"", ""name"": ""Peso corporal"", ""icon_url"": null}]"
ex-0567,mountain-climber-rango-completo,Mountain climber - Rango completo,,image,"{""Mountain climber"",""Mountain climber variante"",""Mountain climber rango completo""}","{""Posicion inicial para mountain climber: activa abdomen y controla cada repeticion sin jalar del cuello."",""Movimiento: ejecuta cada repeticion con control abdominal y ritmo constante, evitando balanceos."",""Variante rango completo: busca el mayor rango de movimiento seguro en cada repeticion."",""Respira con control, evita dolor articular y completa 3 a 4 series con tecnica limpia.""}","[{""id"": ""core"", ""name"": ""Core"", ""image_url"": null}, {""id"": ""shoulders"", ""name"": ""Hombros"", ""image_url"": null}]","[{""id"": ""bodyweight"", ""name"": ""Peso corporal"", ""icon_url"": null}]"
ex-0568,mountain-climber-circuito-metabolico,Mountain climber - Circuito metabolico,,image,"{""Mountain climber"",""Mountain climber variante"",""Mountain climber circuito metabolico""}","{""Posicion inicial para mountain climber: activa abdomen y controla cada repeticion sin jalar del cuello."",""Movimiento: ejecuta cada repeticion con control abdominal y ritmo constante, evitando balanceos."",""Variante circuito metabolico: manten descansos cortos para elevar demanda cardiovascular."",""Respira con control, evita dolor articular y completa 3 a 4 series con tecnica limpia.""}","[{""id"": ""core"", ""name"": ""Core"", ""image_url"": null}, {""id"": ""shoulders"", ""name"": ""Hombros"", ""image_url"": null}]","[{""id"": ""bodyweight"", ""name"": ""Peso corporal"", ""icon_url"": null}]"
ex-0569,burpee-tecnica-base,Burpee - Tecnica base,,image,"{""Burpee"",""Burpee variante"",""Burpee tecnica base""}","{""Posicion inicial para burpee: inicia con ritmo progresivo y postura atletica para mantener tecnica constante."",""Movimiento: manten cadencia estable, bracea coordinado y controla la respiracion para sostener el esfuerzo."",""Variante tecnica base: prioriza alineacion de rodillas, cadera y columna en cada repeticion."",""Respira con control, evita dolor articular y completa 3 a 4 series con tecnica limpia.""}","[{""id"": ""cardio"", ""name"": ""Cardiovascular"", ""image_url"": null}, {""id"": ""full_body"", ""name"": ""Cuerpo completo"", ""image_url"": null}]","[{""id"": ""bodyweight"", ""name"": ""Peso corporal"", ""icon_url"": null}]"
ex-0570,burpee-tempo-controlado,Burpee - Tempo controlado,,image,"{""Burpee"",""Burpee variante"",""Burpee tempo controlado""}","{""Posicion inicial para burpee: inicia con ritmo progresivo y postura atletica para mantener tecnica constante."",""Movimiento: manten cadencia estable, bracea coordinado y controla la respiracion para sostener el esfuerzo."",""Variante tempo controlado: usa 3 segundos en la fase de descenso y 1 segundo en la fase de subida."",""Respira con control, evita dolor articular y completa 3 a 4 series con tecnica limpia.""}","[{""id"": ""cardio"", ""name"": ""Cardiovascular"", ""image_url"": null}, {""id"": ""full_body"", ""name"": ""Cuerpo completo"", ""image_url"": null}]","[{""id"": ""bodyweight"", ""name"": ""Peso corporal"", ""icon_url"": null}]"
ex-0571,burpee-pausa-isometrica,Burpee - Pausa isometrica,,image,"{""Burpee"",""Burpee variante"",""Burpee pausa isometrica""}","{""Posicion inicial para burpee: inicia con ritmo progresivo y postura atletica para mantener tecnica constante."",""Movimiento: manten cadencia estable, bracea coordinado y controla la respiracion para sostener el esfuerzo."",""Variante pausa isometrica: agrega una pausa de 2 segundos en el punto de mayor tension."",""Respira con control, evita dolor articular y completa 3 a 4 series con tecnica limpia.""}","[{""id"": ""cardio"", ""name"": ""Cardiovascular"", ""image_url"": null}, {""id"": ""full_body"", ""name"": ""Cuerpo completo"", ""image_url"": null}]","[{""id"": ""bodyweight"", ""name"": ""Peso corporal"", ""icon_url"": null}]"
ex-0572,burpee-unilateral-alternada,Burpee - Unilateral alternada,,image,"{""Burpee"",""Burpee variante"",""Burpee unilateral alternada""}","{""Posicion inicial para burpee: inicia con ritmo progresivo y postura atletica para mantener tecnica constante."",""Movimiento: manten cadencia estable, bracea coordinado y controla la respiracion para sostener el esfuerzo."",""Variante unilateral alternada: trabaja un lado por vez y alterna sin perder estabilidad."",""Respira con control, evita dolor articular y completa 3 a 4 series con tecnica limpia.""}","[{""id"": ""cardio"", ""name"": ""Cardiovascular"", ""image_url"": null}, {""id"": ""full_body"", ""name"": ""Cuerpo completo"", ""image_url"": null}]","[{""id"": ""bodyweight"", ""name"": ""Peso corporal"", ""icon_url"": null}]"
ex-0573,burpee-fuerza,Burpee - Fuerza,,image,"{""Burpee"",""Burpee variante"",""Burpee fuerza""}","{""Posicion inicial para burpee: inicia con ritmo progresivo y postura atletica para mantener tecnica constante."",""Movimiento: manten cadencia estable, bracea coordinado y controla la respiracion para sostener el esfuerzo."",""Variante fuerza: elige una carga desafiante y ejecuta repeticiones tecnicamente limpias."",""Respira con control, evita dolor articular y completa 3 a 4 series con tecnica limpia.""}","[{""id"": ""cardio"", ""name"": ""Cardiovascular"", ""image_url"": null}, {""id"": ""full_body"", ""name"": ""Cuerpo completo"", ""image_url"": null}]","[{""id"": ""bodyweight"", ""name"": ""Peso corporal"", ""icon_url"": null}]"
ex-0574,burpee-resistencia,Burpee - Resistencia,,image,"{""Burpee"",""Burpee variante"",""Burpee resistencia""}","{""Posicion inicial para burpee: inicia con ritmo progresivo y postura atletica para mantener tecnica constante."",""Movimiento: manten cadencia estable, bracea coordinado y controla la respiracion para sostener el esfuerzo."",""Variante resistencia: usa carga moderada y acumula mas repeticiones con ritmo constante."",""Respira con control, evita dolor articular y completa 3 a 4 series con tecnica limpia.""}","[{""id"": ""cardio"", ""name"": ""Cardiovascular"", ""image_url"": null}, {""id"": ""full_body"", ""name"": ""Cuerpo completo"", ""image_url"": null}]","[{""id"": ""bodyweight"", ""name"": ""Peso corporal"", ""icon_url"": null}]"
ex-0575,burpee-rango-completo,Burpee - Rango completo,,image,"{""Burpee"",""Burpee variante"",""Burpee rango completo""}","{""Posicion inicial para burpee: inicia con ritmo progresivo y postura atletica para mantener tecnica constante."",""Movimiento: manten cadencia estable, bracea coordinado y controla la respiracion para sostener el esfuerzo."",""Variante rango completo: busca el mayor rango de movimiento seguro en cada repeticion."",""Respira con control, evita dolor articular y completa 3 a 4 series con tecnica limpia.""}","[{""id"": ""cardio"", ""name"": ""Cardiovascular"", ""image_url"": null}, {""id"": ""full_body"", ""name"": ""Cuerpo completo"", ""image_url"": null}]","[{""id"": ""bodyweight"", ""name"": ""Peso corporal"", ""icon_url"": null}]"
ex-0576,burpee-circuito-metabolico,Burpee - Circuito metabolico,,image,"{""Burpee"",""Burpee variante"",""Burpee circuito metabolico""}","{""Posicion inicial para burpee: inicia con ritmo progresivo y postura atletica para mantener tecnica constante."",""Movimiento: manten cadencia estable, bracea coordinado y controla la respiracion para sostener el esfuerzo."",""Variante circuito metabolico: manten descansos cortos para elevar demanda cardiovascular."",""Respira con control, evita dolor articular y completa 3 a 4 series con tecnica limpia.""}","[{""id"": ""cardio"", ""name"": ""Cardiovascular"", ""image_url"": null}, {""id"": ""full_body"", ""name"": ""Cuerpo completo"", ""image_url"": null}]","[{""id"": ""bodyweight"", ""name"": ""Peso corporal"", ""icon_url"": null}]"
ex-0577,jumping-jacks-tecnica-base,Jumping jacks - Tecnica base,,image,"{""Jumping jacks"",""Jumping jacks variante"",""Jumping jacks tecnica base""}","{""Posicion inicial para jumping jacks: inicia con ritmo progresivo y postura atletica para mantener tecnica constante."",""Movimiento: manten cadencia estable, bracea coordinado y controla la respiracion para sostener el esfuerzo."",""Variante tecnica base: prioriza alineacion de rodillas, cadera y columna en cada repeticion."",""Respira con control, evita dolor articular y completa 3 a 4 series con tecnica limpia.""}","[{""id"": ""cardio"", ""name"": ""Cardiovascular"", ""image_url"": null}, {""id"": ""calves"", ""name"": ""Pantorrillas"", ""image_url"": null}]","[{""id"": ""bodyweight"", ""name"": ""Peso corporal"", ""icon_url"": null}]"
ex-0578,jumping-jacks-tempo-controlado,Jumping jacks - Tempo controlado,,image,"{""Jumping jacks"",""Jumping jacks variante"",""Jumping jacks tempo controlado""}","{""Posicion inicial para jumping jacks: inicia con ritmo progresivo y postura atletica para mantener tecnica constante."",""Movimiento: manten cadencia estable, bracea coordinado y controla la respiracion para sostener el esfuerzo."",""Variante tempo controlado: usa 3 segundos en la fase de descenso y 1 segundo en la fase de subida."",""Respira con control, evita dolor articular y completa 3 a 4 series con tecnica limpia.""}","[{""id"": ""cardio"", ""name"": ""Cardiovascular"", ""image_url"": null}, {""id"": ""calves"", ""name"": ""Pantorrillas"", ""image_url"": null}]","[{""id"": ""bodyweight"", ""name"": ""Peso corporal"", ""icon_url"": null}]"
ex-0579,jumping-jacks-pausa-isometrica,Jumping jacks - Pausa isometrica,,image,"{""Jumping jacks"",""Jumping jacks variante"",""Jumping jacks pausa isometrica""}","{""Posicion inicial para jumping jacks: inicia con ritmo progresivo y postura atletica para mantener tecnica constante."",""Movimiento: manten cadencia estable, bracea coordinado y controla la respiracion para sostener el esfuerzo."",""Variante pausa isometrica: agrega una pausa de 2 segundos en el punto de mayor tension."",""Respira con control, evita dolor articular y completa 3 a 4 series con tecnica limpia.""}","[{""id"": ""cardio"", ""name"": ""Cardiovascular"", ""image_url"": null}, {""id"": ""calves"", ""name"": ""Pantorrillas"", ""image_url"": null}]","[{""id"": ""bodyweight"", ""name"": ""Peso corporal"", ""icon_url"": null}]"
ex-0580,jumping-jacks-unilateral-alternada,Jumping jacks - Unilateral alternada,,image,"{""Jumping jacks"",""Jumping jacks variante"",""Jumping jacks unilateral alternada""}","{""Posicion inicial para jumping jacks: inicia con ritmo progresivo y postura atletica para mantener tecnica constante."",""Movimiento: manten cadencia estable, bracea coordinado y controla la respiracion para sostener el esfuerzo."",""Variante unilateral alternada: trabaja un lado por vez y alterna sin perder estabilidad."",""Respira con control, evita dolor articular y completa 3 a 4 series con tecnica limpia.""}","[{""id"": ""cardio"", ""name"": ""Cardiovascular"", ""image_url"": null}, {""id"": ""calves"", ""name"": ""Pantorrillas"", ""image_url"": null}]","[{""id"": ""bodyweight"", ""name"": ""Peso corporal"", ""icon_url"": null}]"
ex-0581,jumping-jacks-fuerza,Jumping jacks - Fuerza,,image,"{""Jumping jacks"",""Jumping jacks variante"",""Jumping jacks fuerza""}","{""Posicion inicial para jumping jacks: inicia con ritmo progresivo y postura atletica para mantener tecnica constante."",""Movimiento: manten cadencia estable, bracea coordinado y controla la respiracion para sostener el esfuerzo."",""Variante fuerza: elige una carga desafiante y ejecuta repeticiones tecnicamente limpias."",""Respira con control, evita dolor articular y completa 3 a 4 series con tecnica limpia.""}","[{""id"": ""cardio"", ""name"": ""Cardiovascular"", ""image_url"": null}, {""id"": ""calves"", ""name"": ""Pantorrillas"", ""image_url"": null}]","[{""id"": ""bodyweight"", ""name"": ""Peso corporal"", ""icon_url"": null}]"
ex-0582,jumping-jacks-resistencia,Jumping jacks - Resistencia,,image,"{""Jumping jacks"",""Jumping jacks variante"",""Jumping jacks resistencia""}","{""Posicion inicial para jumping jacks: inicia con ritmo progresivo y postura atletica para mantener tecnica constante."",""Movimiento: manten cadencia estable, bracea coordinado y controla la respiracion para sostener el esfuerzo."",""Variante resistencia: usa carga moderada y acumula mas repeticiones con ritmo constante."",""Respira con control, evita dolor articular y completa 3 a 4 series con tecnica limpia.""}","[{""id"": ""cardio"", ""name"": ""Cardiovascular"", ""image_url"": null}, {""id"": ""calves"", ""name"": ""Pantorrillas"", ""image_url"": null}]","[{""id"": ""bodyweight"", ""name"": ""Peso corporal"", ""icon_url"": null}]"
ex-0583,jumping-jacks-rango-completo,Jumping jacks - Rango completo,,image,"{""Jumping jacks"",""Jumping jacks variante"",""Jumping jacks rango completo""}","{""Posicion inicial para jumping jacks: inicia con ritmo progresivo y postura atletica para mantener tecnica constante."",""Movimiento: manten cadencia estable, bracea coordinado y controla la respiracion para sostener el esfuerzo."",""Variante rango completo: busca el mayor rango de movimiento seguro en cada repeticion."",""Respira con control, evita dolor articular y completa 3 a 4 series con tecnica limpia.""}","[{""id"": ""cardio"", ""name"": ""Cardiovascular"", ""image_url"": null}, {""id"": ""calves"", ""name"": ""Pantorrillas"", ""image_url"": null}]","[{""id"": ""bodyweight"", ""name"": ""Peso corporal"", ""icon_url"": null}]"
ex-0584,jumping-jacks-circuito-metabolico,Jumping jacks - Circuito metabolico,,image,"{""Jumping jacks"",""Jumping jacks variante"",""Jumping jacks circuito metabolico""}","{""Posicion inicial para jumping jacks: inicia con ritmo progresivo y postura atletica para mantener tecnica constante."",""Movimiento: manten cadencia estable, bracea coordinado y controla la respiracion para sostener el esfuerzo."",""Variante circuito metabolico: manten descansos cortos para elevar demanda cardiovascular."",""Respira con control, evita dolor articular y completa 3 a 4 series con tecnica limpia.""}","[{""id"": ""cardio"", ""name"": ""Cardiovascular"", ""image_url"": null}, {""id"": ""calves"", ""name"": ""Pantorrillas"", ""image_url"": null}]","[{""id"": ""bodyweight"", ""name"": ""Peso corporal"", ""icon_url"": null}]"
ex-0585,cuerda-para-saltar-tecnica-base,Cuerda para saltar - Tecnica base,,image,"{""Cuerda para saltar"",""Cuerda para saltar variante"",""Cuerda para saltar tecnica base""}","{""Posicion inicial para cuerda para saltar: inicia con ritmo progresivo y postura atletica para mantener tecnica constante."",""Movimiento: manten cadencia estable, bracea coordinado y controla la respiracion para sostener el esfuerzo."",""Variante tecnica base: prioriza alineacion de rodillas, cadera y columna en cada repeticion."",""Respira con control, evita dolor articular y completa 3 a 4 series con tecnica limpia.""}","[{""id"": ""cardio"", ""name"": ""Cardiovascular"", ""image_url"": null}, {""id"": ""calves"", ""name"": ""Pantorrillas"", ""image_url"": null}]","[{""id"": ""jump_rope"", ""name"": ""Cuerda"", ""icon_url"": null}]"
ex-0586,cuerda-para-saltar-tempo-controlado,Cuerda para saltar - Tempo controlado,,image,"{""Cuerda para saltar"",""Cuerda para saltar variante"",""Cuerda para saltar tempo controlado""}","{""Posicion inicial para cuerda para saltar: inicia con ritmo progresivo y postura atletica para mantener tecnica constante."",""Movimiento: manten cadencia estable, bracea coordinado y controla la respiracion para sostener el esfuerzo."",""Variante tempo controlado: usa 3 segundos en la fase de descenso y 1 segundo en la fase de subida."",""Respira con control, evita dolor articular y completa 3 a 4 series con tecnica limpia.""}","[{""id"": ""cardio"", ""name"": ""Cardiovascular"", ""image_url"": null}, {""id"": ""calves"", ""name"": ""Pantorrillas"", ""image_url"": null}]","[{""id"": ""jump_rope"", ""name"": ""Cuerda"", ""icon_url"": null}]"
ex-0587,cuerda-para-saltar-pausa-isometrica,Cuerda para saltar - Pausa isometrica,,image,"{""Cuerda para saltar"",""Cuerda para saltar variante"",""Cuerda para saltar pausa isometrica""}","{""Posicion inicial para cuerda para saltar: inicia con ritmo progresivo y postura atletica para mantener tecnica constante."",""Movimiento: manten cadencia estable, bracea coordinado y controla la respiracion para sostener el esfuerzo."",""Variante pausa isometrica: agrega una pausa de 2 segundos en el punto de mayor tension."",""Respira con control, evita dolor articular y completa 3 a 4 series con tecnica limpia.""}","[{""id"": ""cardio"", ""name"": ""Cardiovascular"", ""image_url"": null}, {""id"": ""calves"", ""name"": ""Pantorrillas"", ""image_url"": null}]","[{""id"": ""jump_rope"", ""name"": ""Cuerda"", ""icon_url"": null}]"
ex-0588,cuerda-para-saltar-unilateral-alternada,Cuerda para saltar - Unilateral alternada,,image,"{""Cuerda para saltar"",""Cuerda para saltar variante"",""Cuerda para saltar unilateral alternada""}","{""Posicion inicial para cuerda para saltar: inicia con ritmo progresivo y postura atletica para mantener tecnica constante."",""Movimiento: manten cadencia estable, bracea coordinado y controla la respiracion para sostener el esfuerzo."",""Variante unilateral alternada: trabaja un lado por vez y alterna sin perder estabilidad."",""Respira con control, evita dolor articular y completa 3 a 4 series con tecnica limpia.""}","[{""id"": ""cardio"", ""name"": ""Cardiovascular"", ""image_url"": null}, {""id"": ""calves"", ""name"": ""Pantorrillas"", ""image_url"": null}]","[{""id"": ""jump_rope"", ""name"": ""Cuerda"", ""icon_url"": null}]"
ex-0589,cuerda-para-saltar-fuerza,Cuerda para saltar - Fuerza,,image,"{""Cuerda para saltar"",""Cuerda para saltar variante"",""Cuerda para saltar fuerza""}","{""Posicion inicial para cuerda para saltar: inicia con ritmo progresivo y postura atletica para mantener tecnica constante."",""Movimiento: manten cadencia estable, bracea coordinado y controla la respiracion para sostener el esfuerzo."",""Variante fuerza: elige una carga desafiante y ejecuta repeticiones tecnicamente limpias."",""Respira con control, evita dolor articular y completa 3 a 4 series con tecnica limpia.""}","[{""id"": ""cardio"", ""name"": ""Cardiovascular"", ""image_url"": null}, {""id"": ""calves"", ""name"": ""Pantorrillas"", ""image_url"": null}]","[{""id"": ""jump_rope"", ""name"": ""Cuerda"", ""icon_url"": null}]"
ex-0590,cuerda-para-saltar-resistencia,Cuerda para saltar - Resistencia,,image,"{""Cuerda para saltar"",""Cuerda para saltar variante"",""Cuerda para saltar resistencia""}","{""Posicion inicial para cuerda para saltar: inicia con ritmo progresivo y postura atletica para mantener tecnica constante."",""Movimiento: manten cadencia estable, bracea coordinado y controla la respiracion para sostener el esfuerzo."",""Variante resistencia: usa carga moderada y acumula mas repeticiones con ritmo constante."",""Respira con control, evita dolor articular y completa 3 a 4 series con tecnica limpia.""}","[{""id"": ""cardio"", ""name"": ""Cardiovascular"", ""image_url"": null}, {""id"": ""calves"", ""name"": ""Pantorrillas"", ""image_url"": null}]","[{""id"": ""jump_rope"", ""name"": ""Cuerda"", ""icon_url"": null}]"
ex-0591,cuerda-para-saltar-rango-completo,Cuerda para saltar - Rango completo,,image,"{""Cuerda para saltar"",""Cuerda para saltar variante"",""Cuerda para saltar rango completo""}","{""Posicion inicial para cuerda para saltar: inicia con ritmo progresivo y postura atletica para mantener tecnica constante."",""Movimiento: manten cadencia estable, bracea coordinado y controla la respiracion para sostener el esfuerzo."",""Variante rango completo: busca el mayor rango de movimiento seguro en cada repeticion."",""Respira con control, evita dolor articular y completa 3 a 4 series con tecnica limpia.""}","[{""id"": ""cardio"", ""name"": ""Cardiovascular"", ""image_url"": null}, {""id"": ""calves"", ""name"": ""Pantorrillas"", ""image_url"": null}]","[{""id"": ""jump_rope"", ""name"": ""Cuerda"", ""icon_url"": null}]"
ex-0592,cuerda-para-saltar-circuito-metabolico,Cuerda para saltar - Circuito metabolico,,image,"{""Cuerda para saltar"",""Cuerda para saltar variante"",""Cuerda para saltar circuito metabolico""}","{""Posicion inicial para cuerda para saltar: inicia con ritmo progresivo y postura atletica para mantener tecnica constante."",""Movimiento: manten cadencia estable, bracea coordinado y controla la respiracion para sostener el esfuerzo."",""Variante circuito metabolico: manten descansos cortos para elevar demanda cardiovascular."",""Respira con control, evita dolor articular y completa 3 a 4 series con tecnica limpia.""}","[{""id"": ""cardio"", ""name"": ""Cardiovascular"", ""image_url"": null}, {""id"": ""calves"", ""name"": ""Pantorrillas"", ""image_url"": null}]","[{""id"": ""jump_rope"", ""name"": ""Cuerda"", ""icon_url"": null}]"
ex-0593,sprint-en-bicicleta-estatica-tecnica-base,Sprint en bicicleta estatica - Tecnica base,,image,"{""Sprint en bicicleta estatica"",""Sprint en bicicleta estatica variante"",""Sprint en bicicleta estatica tecnica base""}","{""Posicion inicial para sprint en bicicleta estatica: inicia con ritmo progresivo y postura atletica para mantener tecnica constante."",""Movimiento: manten cadencia estable, bracea coordinado y controla la respiracion para sostener el esfuerzo."",""Variante tecnica base: prioriza alineacion de rodillas, cadera y columna en cada repeticion."",""Respira con control, evita dolor articular y completa 3 a 4 series con tecnica limpia.""}","[{""id"": ""cardio"", ""name"": ""Cardiovascular"", ""image_url"": null}, {""id"": ""quads"", ""name"": ""Cuadriceps"", ""image_url"": null}]","[{""id"": ""bike"", ""name"": ""Bicicleta estatica"", ""icon_url"": null}]"
ex-0594,sprint-en-bicicleta-estatica-tempo-controlado,Sprint en bicicleta estatica - Tempo controlado,,image,"{""Sprint en bicicleta estatica"",""Sprint en bicicleta estatica variante"",""Sprint en bicicleta estatica tempo controlado""}","{""Posicion inicial para sprint en bicicleta estatica: inicia con ritmo progresivo y postura atletica para mantener tecnica constante."",""Movimiento: manten cadencia estable, bracea coordinado y controla la respiracion para sostener el esfuerzo."",""Variante tempo controlado: usa 3 segundos en la fase de descenso y 1 segundo en la fase de subida."",""Respira con control, evita dolor articular y completa 3 a 4 series con tecnica limpia.""}","[{""id"": ""cardio"", ""name"": ""Cardiovascular"", ""image_url"": null}, {""id"": ""quads"", ""name"": ""Cuadriceps"", ""image_url"": null}]","[{""id"": ""bike"", ""name"": ""Bicicleta estatica"", ""icon_url"": null}]"
ex-0595,sprint-en-bicicleta-estatica-pausa-isometrica,Sprint en bicicleta estatica - Pausa isometrica,,image,"{""Sprint en bicicleta estatica"",""Sprint en bicicleta estatica variante"",""Sprint en bicicleta estatica pausa isometrica""}","{""Posicion inicial para sprint en bicicleta estatica: inicia con ritmo progresivo y postura atletica para mantener tecnica constante."",""Movimiento: manten cadencia estable, bracea coordinado y controla la respiracion para sostener el esfuerzo."",""Variante pausa isometrica: agrega una pausa de 2 segundos en el punto de mayor tension."",""Respira con control, evita dolor articular y completa 3 a 4 series con tecnica limpia.""}","[{""id"": ""cardio"", ""name"": ""Cardiovascular"", ""image_url"": null}, {""id"": ""quads"", ""name"": ""Cuadriceps"", ""image_url"": null}]","[{""id"": ""bike"", ""name"": ""Bicicleta estatica"", ""icon_url"": null}]"
ex-0596,sprint-en-bicicleta-estatica-unilateral-alternada,Sprint en bicicleta estatica - Unilateral alternada,,image,"{""Sprint en bicicleta estatica"",""Sprint en bicicleta estatica variante"",""Sprint en bicicleta estatica unilateral alternada""}","{""Posicion inicial para sprint en bicicleta estatica: inicia con ritmo progresivo y postura atletica para mantener tecnica constante."",""Movimiento: manten cadencia estable, bracea coordinado y controla la respiracion para sostener el esfuerzo."",""Variante unilateral alternada: trabaja un lado por vez y alterna sin perder estabilidad."",""Respira con control, evita dolor articular y completa 3 a 4 series con tecnica limpia.""}","[{""id"": ""cardio"", ""name"": ""Cardiovascular"", ""image_url"": null}, {""id"": ""quads"", ""name"": ""Cuadriceps"", ""image_url"": null}]","[{""id"": ""bike"", ""name"": ""Bicicleta estatica"", ""icon_url"": null}]"
ex-0597,sprint-en-bicicleta-estatica-fuerza,Sprint en bicicleta estatica - Fuerza,,image,"{""Sprint en bicicleta estatica"",""Sprint en bicicleta estatica variante"",""Sprint en bicicleta estatica fuerza""}","{""Posicion inicial para sprint en bicicleta estatica: inicia con ritmo progresivo y postura atletica para mantener tecnica constante."",""Movimiento: manten cadencia estable, bracea coordinado y controla la respiracion para sostener el esfuerzo."",""Variante fuerza: elige una carga desafiante y ejecuta repeticiones tecnicamente limpias."",""Respira con control, evita dolor articular y completa 3 a 4 series con tecnica limpia.""}","[{""id"": ""cardio"", ""name"": ""Cardiovascular"", ""image_url"": null}, {""id"": ""quads"", ""name"": ""Cuadriceps"", ""image_url"": null}]","[{""id"": ""bike"", ""name"": ""Bicicleta estatica"", ""icon_url"": null}]"
ex-0598,sprint-en-bicicleta-estatica-resistencia,Sprint en bicicleta estatica - Resistencia,,image,"{""Sprint en bicicleta estatica"",""Sprint en bicicleta estatica variante"",""Sprint en bicicleta estatica resistencia""}","{""Posicion inicial para sprint en bicicleta estatica: inicia con ritmo progresivo y postura atletica para mantener tecnica constante."",""Movimiento: manten cadencia estable, bracea coordinado y controla la respiracion para sostener el esfuerzo."",""Variante resistencia: usa carga moderada y acumula mas repeticiones con ritmo constante."",""Respira con control, evita dolor articular y completa 3 a 4 series con tecnica limpia.""}","[{""id"": ""cardio"", ""name"": ""Cardiovascular"", ""image_url"": null}, {""id"": ""quads"", ""name"": ""Cuadriceps"", ""image_url"": null}]","[{""id"": ""bike"", ""name"": ""Bicicleta estatica"", ""icon_url"": null}]"
ex-0599,sprint-en-bicicleta-estatica-rango-completo,Sprint en bicicleta estatica - Rango completo,,image,"{""Sprint en bicicleta estatica"",""Sprint en bicicleta estatica variante"",""Sprint en bicicleta estatica rango completo""}","{""Posicion inicial para sprint en bicicleta estatica: inicia con ritmo progresivo y postura atletica para mantener tecnica constante."",""Movimiento: manten cadencia estable, bracea coordinado y controla la respiracion para sostener el esfuerzo."",""Variante rango completo: busca el mayor rango de movimiento seguro en cada repeticion."",""Respira con control, evita dolor articular y completa 3 a 4 series con tecnica limpia.""}","[{""id"": ""cardio"", ""name"": ""Cardiovascular"", ""image_url"": null}, {""id"": ""quads"", ""name"": ""Cuadriceps"", ""image_url"": null}]","[{""id"": ""bike"", ""name"": ""Bicicleta estatica"", ""icon_url"": null}]"
ex-0600,sprint-en-bicicleta-estatica-circuito-metabolico,Sprint en bicicleta estatica - Circuito metabolico,,image,"{""Sprint en bicicleta estatica"",""Sprint en bicicleta estatica variante"",""Sprint en bicicleta estatica circuito metabolico""}","{""Posicion inicial para sprint en bicicleta estatica: inicia con ritmo progresivo y postura atletica para mantener tecnica constante."",""Movimiento: manten cadencia estable, bracea coordinado y controla la respiracion para sostener el esfuerzo."",""Variante circuito metabolico: manten descansos cortos para elevar demanda cardiovascular."",""Respira con control, evita dolor articular y completa 3 a 4 series con tecnica limpia.""}","[{""id"": ""cardio"", ""name"": ""Cardiovascular"", ""image_url"": null}, {""id"": ""quads"", ""name"": ""Cuadriceps"", ""image_url"": null}]","[{""id"": ""bike"", ""name"": ""Bicicleta estatica"", ""icon_url"": null}]"
ex-0601,remo-en-ergometro-tecnica-base,Remo en ergometro - Tecnica base,,image,"{""Remo en ergometro"",""Remo en ergometro variante"",""Remo en ergometro tecnica base""}","{""Posicion inicial para remo en ergometro: inicia con ritmo progresivo y postura atletica para mantener tecnica constante."",""Movimiento: manten cadencia estable, bracea coordinado y controla la respiracion para sostener el esfuerzo."",""Variante tecnica base: prioriza alineacion de rodillas, cadera y columna en cada repeticion."",""Respira con control, evita dolor articular y completa 3 a 4 series con tecnica limpia.""}","[{""id"": ""cardio"", ""name"": ""Cardiovascular"", ""image_url"": null}, {""id"": ""back"", ""name"": ""Espalda"", ""image_url"": null}]","[{""id"": ""rower"", ""name"": ""Remo ergometro"", ""icon_url"": null}]"
ex-0602,remo-en-ergometro-tempo-controlado,Remo en ergometro - Tempo controlado,,image,"{""Remo en ergometro"",""Remo en ergometro variante"",""Remo en ergometro tempo controlado""}","{""Posicion inicial para remo en ergometro: inicia con ritmo progresivo y postura atletica para mantener tecnica constante."",""Movimiento: manten cadencia estable, bracea coordinado y controla la respiracion para sostener el esfuerzo."",""Variante tempo controlado: usa 3 segundos en la fase de descenso y 1 segundo en la fase de subida."",""Respira con control, evita dolor articular y completa 3 a 4 series con tecnica limpia.""}","[{""id"": ""cardio"", ""name"": ""Cardiovascular"", ""image_url"": null}, {""id"": ""back"", ""name"": ""Espalda"", ""image_url"": null}]","[{""id"": ""rower"", ""name"": ""Remo ergometro"", ""icon_url"": null}]"
ex-0603,remo-en-ergometro-pausa-isometrica,Remo en ergometro - Pausa isometrica,,image,"{""Remo en ergometro"",""Remo en ergometro variante"",""Remo en ergometro pausa isometrica""}","{""Posicion inicial para remo en ergometro: inicia con ritmo progresivo y postura atletica para mantener tecnica constante."",""Movimiento: manten cadencia estable, bracea coordinado y controla la respiracion para sostener el esfuerzo."",""Variante pausa isometrica: agrega una pausa de 2 segundos en el punto de mayor tension."",""Respira con control, evita dolor articular y completa 3 a 4 series con tecnica limpia.""}","[{""id"": ""cardio"", ""name"": ""Cardiovascular"", ""image_url"": null}, {""id"": ""back"", ""name"": ""Espalda"", ""image_url"": null}]","[{""id"": ""rower"", ""name"": ""Remo ergometro"", ""icon_url"": null}]"
ex-0604,remo-en-ergometro-unilateral-alternada,Remo en ergometro - Unilateral alternada,,image,"{""Remo en ergometro"",""Remo en ergometro variante"",""Remo en ergometro unilateral alternada""}","{""Posicion inicial para remo en ergometro: inicia con ritmo progresivo y postura atletica para mantener tecnica constante."",""Movimiento: manten cadencia estable, bracea coordinado y controla la respiracion para sostener el esfuerzo."",""Variante unilateral alternada: trabaja un lado por vez y alterna sin perder estabilidad."",""Respira con control, evita dolor articular y completa 3 a 4 series con tecnica limpia.""}","[{""id"": ""cardio"", ""name"": ""Cardiovascular"", ""image_url"": null}, {""id"": ""back"", ""name"": ""Espalda"", ""image_url"": null}]","[{""id"": ""rower"", ""name"": ""Remo ergometro"", ""icon_url"": null}]"
ex-0605,remo-en-ergometro-fuerza,Remo en ergometro - Fuerza,,image,"{""Remo en ergometro"",""Remo en ergometro variante"",""Remo en ergometro fuerza""}","{""Posicion inicial para remo en ergometro: inicia con ritmo progresivo y postura atletica para mantener tecnica constante."",""Movimiento: manten cadencia estable, bracea coordinado y controla la respiracion para sostener el esfuerzo."",""Variante fuerza: elige una carga desafiante y ejecuta repeticiones tecnicamente limpias."",""Respira con control, evita dolor articular y completa 3 a 4 series con tecnica limpia.""}","[{""id"": ""cardio"", ""name"": ""Cardiovascular"", ""image_url"": null}, {""id"": ""back"", ""name"": ""Espalda"", ""image_url"": null}]","[{""id"": ""rower"", ""name"": ""Remo ergometro"", ""icon_url"": null}]"
ex-0606,remo-en-ergometro-resistencia,Remo en ergometro - Resistencia,,image,"{""Remo en ergometro"",""Remo en ergometro variante"",""Remo en ergometro resistencia""}","{""Posicion inicial para remo en ergometro: inicia con ritmo progresivo y postura atletica para mantener tecnica constante."",""Movimiento: manten cadencia estable, bracea coordinado y controla la respiracion para sostener el esfuerzo."",""Variante resistencia: usa carga moderada y acumula mas repeticiones con ritmo constante."",""Respira con control, evita dolor articular y completa 3 a 4 series con tecnica limpia.""}","[{""id"": ""cardio"", ""name"": ""Cardiovascular"", ""image_url"": null}, {""id"": ""back"", ""name"": ""Espalda"", ""image_url"": null}]","[{""id"": ""rower"", ""name"": ""Remo ergometro"", ""icon_url"": null}]"
ex-0607,remo-en-ergometro-rango-completo,Remo en ergometro - Rango completo,,image,"{""Remo en ergometro"",""Remo en ergometro variante"",""Remo en ergometro rango completo""}","{""Posicion inicial para remo en ergometro: inicia con ritmo progresivo y postura atletica para mantener tecnica constante."",""Movimiento: manten cadencia estable, bracea coordinado y controla la respiracion para sostener el esfuerzo."",""Variante rango completo: busca el mayor rango de movimiento seguro en cada repeticion."",""Respira con control, evita dolor articular y completa 3 a 4 series con tecnica limpia.""}","[{""id"": ""cardio"", ""name"": ""Cardiovascular"", ""image_url"": null}, {""id"": ""back"", ""name"": ""Espalda"", ""image_url"": null}]","[{""id"": ""rower"", ""name"": ""Remo ergometro"", ""icon_url"": null}]"
ex-0608,remo-en-ergometro-circuito-metabolico,Remo en ergometro - Circuito metabolico,,image,"{""Remo en ergometro"",""Remo en ergometro variante"",""Remo en ergometro circuito metabolico""}","{""Posicion inicial para remo en ergometro: inicia con ritmo progresivo y postura atletica para mantener tecnica constante."",""Movimiento: manten cadencia estable, bracea coordinado y controla la respiracion para sostener el esfuerzo."",""Variante circuito metabolico: manten descansos cortos para elevar demanda cardiovascular."",""Respira con control, evita dolor articular y completa 3 a 4 series con tecnica limpia.""}","[{""id"": ""cardio"", ""name"": ""Cardiovascular"", ""image_url"": null}, {""id"": ""back"", ""name"": ""Espalda"", ""image_url"": null}]","[{""id"": ""rower"", ""name"": ""Remo ergometro"", ""icon_url"": null}]"
